id,binding,binding_strength,kd,family,design_class,ros_dG,ros_dG_dSASA,ros_dSASA,ros_dhSASA,ros_sc,ros_packstat,ros_unsat,ros_hb_E,ros_hb_E_frac,ros_hbonds,ros_nres,ros_crossterm,ros_crossterm_dSASA,ros_complex_E,ros_separated_E,ros_complexed_SASA,ros_separated_SASA,ros_int_surf_frac,ros_aromatic_dG_frac,ros_aromatic_dSASA,ros_centroid_dG,ros_gly_dG,ros_ss_helix,ros_ss_sheet,ros_ss_loop,ros_sep_int_score,ros_cplx_int_score,ros_unsat_per_dSASA,ros_hb_per_dSASA
calm-panda-fern,True,Strong,9.98945922083141e-09,0,scFv,306.3003904756253,0.07792834904818682,3930.5386835056024,1706.0374535171275,0.3967839777469635,0.5070199747174736,58.0,-2.117608588149759,-0.0069135027378238794,2.0,154.0,266.3196907170769,0.0677565372488713,-357.4495461435344,,31048.82016337769,34979.358846883144,,,,0.0,0.0,,,,,,14.756247087300123,-0.5387578544987345
deep-heron-rose,True,Strong,1.68909042619733e-09,1,Other,11.402700662301186,0.0037926158640037635,3006.553015433432,1686.8651823383861,0.6474494636058807,0.5896771256108441,22.0,-3.0278587092505913,-0.26553873498241404,7.0,107.0,-14.75241381686276,-0.004906753262335544,660.9557068058197,,28312.794531724576,31319.34754715801,,,,0.0,0.0,,,,,,7.31734976468673,-1.0070864188017943
ivory-orca-fern,True,Strong,1.17184583931991e-08,2,scFv,320.7599640143834,0.08771969316670478,3656.647127171351,1632.4637815169694,0.4978306144475937,0.5651399743938313,43.0,-5.721619576723699,-0.017837698648909724,11.0,143.0,268.85589695504564,0.07352525075697496,203.8612805970468,,30084.089155599093,33740.73628277051,,,,0.0,0.0,,,,,,11.759406501240178,-1.5647174522825056
swift-otter-reed,False,,,3,Nanobody,127.76444955503723,0.03732124461408162,3423.3705460838414,1906.1736839826726,0.45387208461761475,0.6359433422328273,42.0,-4.255191078919556,-0.03330496936932791,5.0,126.0,24.4837336089071,0.0071519379159568994,884.3381847739565,,24785.92285818989,28209.293404273725,,,,0.0,0.0,,,,,,12.268610550513097,-1.2429829086971826
azure-fox-flint,False,,,3,Nanobody,72.71840429107094,0.04465619938411204,1628.4055807253267,902.2739893738894,0.4893711358308792,0.5865346458280685,29.0,-1.9678280462058988,-0.027060935472803374,4.0,66.0,22.430842899887534,0.013774727356250129,123.70083914722956,,27231.16672299052,28859.572303715864,,,,0.0,0.0,,,,,,17.808831131051996,-1.2084385299940976
quick-hawk-moss,False,,,3,Nanobody,58.288426111496506,0.027146348855512058,2147.192111238969,1142.6540527599961,0.5401222109794617,0.6678379973350221,37.0,-2.1810878708097494,-0.037418884267653316,3.0,89.0,36.417297700578,0.016960428230878954,423.89418068968035,,26121.92328314787,28269.115394386798,,,,0.0,0.0,,,,,,17.231806975413264,-1.0157860861137489
violet-swan-sand,False,,,3,Nanobody,65.28464436542305,0.02349397303554938,2778.7826378552086,1359.063252235965,0.5089408159255981,0.6426222934011455,35.0,-8.11310223405737,-0.12427274917276479,11.0,116.0,37.29106357937824,0.013419928234531213,-30.51331559339161,,26678.022835402964,29456.80547325822,,,,0.0,0.0,,,,,,12.595443602963707,-2.9196606181185274
silver-quail-snow,False,,,4,Other,68.17536536431271,0.0212742529330256,3204.5950369650363,1579.4216276029688,0.4990999847650528,0.6707586253538479,40.0,-8.878068606344055,-0.13022399746450639,12.0,121.0,11.714552121616297,0.00365554835680915,-193.3260429106624,,26767.43236839865,29972.02740536371,,,,0.0,0.0,,,,,,12.482076374268695,-2.7704182600095937
radiant-dove-thorn,False,,,4,Other,57.04449392371477,0.018055594034486342,3159.3806226900806,1580.3540678165925,0.5421056747436523,0.5800628086965528,42.0,-5.3310394296900565,-0.09345405775392136,8.0,114.0,-8.2587418454229,-0.0026140382662697115,116.86568088140405,,26834.24212935953,29993.622752049636,,,,0.0,0.0,,,,,,13.29374488732502,-1.6873685276802448
silent-crane-birch,False,,,4,Other,64.40088290291195,0.020616414683926124,3123.7673422005328,1572.1503377145561,0.5623764395713806,0.44605255966697344,28.0,-9.449856727262867,-0.14673489401549156,11.0,115.0,-24.808401176194813,-0.007941821031626054,249.8833734385005,,27160.720905963517,30284.488248164027,,,,0.0,0.0,,,,,,8.963535671089847,-3.0251474236253237
dark-deer-willow,False,,,5,Other,22.68061660308365,0.00710236840795879,3193.3877969028113,1550.7409190146454,0.5613499283790588,0.6888067703448992,24.0,-8.600139947874307,-0.3791845741400626,11.0,114.0,-9.429301743823908,-0.002952758118813242,27.156327788396997,,27608.67886486661,30802.066661769422,,,,0.0,0.0,,,,,,7.515529439699436,-2.6931085401576884
quick-quail-pine,False,,,6,Other,29.291895166783988,0.009156409152620731,3199.059224914618,1576.3497240071565,0.528719425201416,0.5064532171598007,32.0,-7.3052826391366406,-0.2493960393324288,13.0,120.0,-14.017633797466365,-0.004381798776432622,-87.63638032608301,,25942.253582464276,29141.312807378927,,,,0.0,0.0,,,,,,10.002940786710214,-2.283572177170811
calm-raven-willow,False,,,5,Other,-0.1363980401733933,-4.250785900044596e-05,3208.772292482722,1558.1003441517746,0.572449266910553,0.6295172397037525,33.0,-8.31715608635939,60.97709377485461,12.0,121.0,-16.321781585172882,-0.005086612603646062,-23.567394416723936,,26138.828069104566,29347.600361587352,,,,0.0,0.0,,,,,,10.284307202885662,-2.5920057044384905
young-vole-crystal,False,,,7,Other,0.31919154902610103,9.924671769409169e-05,3216.142119782194,1611.5572813802758,0.5814753174781799,0.5498744351096749,41.0,-7.880157085078552,-24.687862536217,10.0,121.0,-30.159090555716322,-0.009377412263659162,-184.86676207571975,,26522.784300130847,29738.926419912987,,,,0.0,0.0,,,,,,12.748192857465089,-2.450189323602471
green-boar-sand,False,,,8,Other,34.2243886743052,0.011353419489019141,3014.4564558198986,1395.0033592027316,0.6065715551376343,0.44461863821922726,19.0,-9.124100608039745,-0.26659645245584435,10.0,113.0,-22.753101981497505,-0.007547994908856269,27.19058235098065,,27037.569954222545,30052.02641004244,,,,0.0,0.0,,,,,,6.302960509951109,-3.026781359015548
shy-orca-wave,False,,,9,Other,27.68815862640406,0.00842208720511842,3287.5649410964206,1611.8624968028462,0.5466713607311249,0.5075675694519183,36.0,-9.00725839400014,-0.32531084914439246,11.0,116.0,-1.0295069431091317,-0.00031315181952444886,-476.10535421013986,,26305.996115982594,29593.561057079045,,,,0.0,0.0,,,,,,10.950354029506654,-2.739796340265196
crimson-kiwi-ice,False,,,3,Nanobody,49.943820637922414,0.018331322609791062,2724.507211020693,1402.9059540741384,0.5993692576885223,0.6609532814982961,35.0,-6.650528999447894,-0.13316019708748789,8.0,105.0,19.66751461316895,0.007218741992538471,232.37218968782122,,28445.33203483722,31169.839245857944,,,,0.0,0.0,,,,,,12.84635983286233,-2.4410025315941004
deep-kiwi-rose,False,,,10,Nanobody,348.309941428694,0.1101357323056646,3162.5516454733684,1704.688368304468,0.4898165911436081,0.6585455855646334,62.0,-3.7459253012598053,-0.010754574749990795,3.0,115.0,254.23989108358975,0.08039074759379473,646.7152293954068,,26305.585451645235,29468.137097118597,,,,0.0,0.0,,,,,,19.6044229313194,-1.184462965726246
brisk-seal-ruby,False,,,3,Nanobody,20.984960514540944,0.011746592762131747,1786.4721234051394,904.015370303265,0.5536448359489441,0.5987814814658916,15.0,-1.5725016409823938,-0.07493469620268156,3.0,67.0,11.769570108069242,0.006588163315773228,-90.95261811946195,,27748.209336029573,29534.681459434745,,,,0.0,0.0,,,,,,8.3964366437518,-0.8802273600469604
bright-quail-stone,False,,,3,Nanobody,331.2929994666381,0.08799617425816651,3764.8568504203163,2668.3225103397767,0.4790297895669937,0.6257655005781873,26.0,-0.4273940177168838,-0.0012900786264876186,1.0,149.0,297.62514685259305,0.07905350951640182,610.9313217685278,,27483.69493731712,31248.551787737473,,,,0.0,0.0,,,,,,6.905973064313802,-0.11352198362314057
misty-ram-sand,False,,,11,Other,13.328397057459824,0.004367727754054836,3051.563148615716,1389.49613952397,0.5096503347158432,0.6341247028990764,42.0,-5.861157145224892,-0.43974959028883653,8.0,127.0,-13.379953837919867,-0.004384622957578129,-752.1173837388056,,28273.375456081376,31324.93860469707,,,,0.0,0.0,,,,,,13.76343793476878,-1.9207064903387943
violet-zebra-cloud,False,,,12,Peptide,107.16970342654798,0.044367474287224484,2415.50156163402,1127.9270653729131,0.556202232837677,0.6860982543855825,41.0,-5.932535421523998,-0.055356460192035904,8.0,106.0,45.80741634892786,0.018963935721051824,-198.30100607823437,,25580.572251764293,27996.07381339831,,,,0.0,0.0,,,,,,16.9737004733148,-2.4560263242019187
rough-bison-maple,True,Strong,5.23106541954949e-10,13,scFv,211.9416025601042,0.05694627424215133,3721.7817211161137,1918.3269855837084,0.47246314585208893,0.6048104770536414,62.0,-5.891599953839858,-0.02779822310803311,7.0,149.0,156.873172281818,0.042150019543535665,59.834003154629954,,30282.43340610105,34004.215127217074,,,,0.0,0.0,,,,,,16.658687866683113,-1.583005236554562
vast-deer-granite,False,,,14,Other,225.641671680336,0.07193519196620053,3136.735518636775,1709.3587685415594,0.4895136058330536,0.581950713203444,44.0,-3.2133173510277686,-0.014240797486999825,4.0,113.0,191.00985463949547,0.06089447245539794,1585.7862555230024,,28236.89943994996,31373.634958586732,,,,0.0,0.0,,,,,,14.027322271379258,-1.0244145009791186
lunar-dove-ash,False,,,14,Other,814.9876678048252,0.13416332288603844,6074.5936391057885,3757.4786610544743,0.5422193109989166,0.5134554346855931,56.0,-11.35781806241224,-0.013936183958469704,16.0,206.0,582.7905059966888,0.0959390110055952,2056.642221341778,,27207.20121918037,33281.79485828625,,,,0.0,0.0,,,,,,9.218723642598007,-1.8697247482194002
hollow-wolf-ice,False,,,15,Miniprotein,98.82490733896614,0.02640050334096401,3743.296332749297,2029.8633917141844,0.5995938181877136,0.5856477630327845,59.0,-3.6290930883754964,-0.03672245374263623,7.0,135.0,30.68878605695625,0.008198331985759888,246.1594428856241,,22070.746751369752,25814.043084119054,,,,0.0,0.0,,,,,,15.761509310342772,-0.9694912627208642
amber-shark-marble,False,,,16,Miniprotein,104.38929513979087,0.05249750623819001,1988.461978863512,904.148426448418,0.5456034243106842,0.6726721047059682,31.0,-3.8497131867476555,-0.03687842878517752,5.0,79.0,23.280183989690887,0.01170763345598213,-207.68163442228604,,25832.059621538087,27820.521600401593,,,,0.0,0.0,,,,,,15.589938520080619,-1.936025545204503
small-bat-iron,False,,,17,Miniprotein,140.15835782420527,0.061888737756324266,2264.682766290266,1200.3482150192806,0.5464754402637482,0.6112406681550697,21.0,-3.5718595839245606,-0.025484456577356547,6.0,91.0,78.65836542100884,0.03473261976990164,777.7096499708908,,25890.135692865897,28154.818459156137,,,,0.0,0.0,,,,,,9.272821921279379,-1.5772008499784524
quick-lion-rose,False,,,18,Other,85.87650680919148,0.031197867507788416,2752.640281831852,1499.6395789858811,0.5884525775909424,0.6083502966090417,43.0,-9.274754543501926,-0.1080010690713055,9.0,107.0,66.75691553703396,0.02425195764867902,-76.78684142150146,,26746.65004262056,29499.29032445246,,,,0.0,0.0,,,,,,15.621365524515237,-3.369403043586094
violet-crane-marble,False,,,19,Miniprotein,80.68445517217367,0.028449161348736658,2836.09257169743,1501.5298791640564,0.6010480225086212,0.6863418311380343,29.0,-4.640602756700652,-0.057515450117349196,7.0,105.0,22.478256263582193,0.007925783695462638,552.4167847261805,,25982.42954146942,28818.522113166877,,,,0.0,0.0,,,,,,10.225336185921185,-1.6362663204336818
deep-mole-ruby,True,Medium,5.0629107571869e-08,20,Peptide,150.18448814834312,0.06721540446152774,2234.3760236435774,1228.8039080034187,0.5315847992897034,0.6206218815021866,22.0,-8.336332173700947,-0.05550727825810362,9.0,86.0,112.97155412694089,0.050560672389743586,-15.720550587961817,,25359.576094303487,27593.952117947076,,,,0.0,0.0,,,,,,9.84614933529621,-3.730944158677
jade-bear-willow,False,,,19,Peptide,83.96586543908671,0.033152604642235725,2532.707952970789,1399.816806625316,0.561776876449585,0.47855370624569105,28.0,-7.203876989186252,-0.08579530445514584,7.0,102.0,-4.709636861357039,-0.0018595262260035859,-54.64123810918292,,26285.212502539256,28817.92045551011,,,,0.0,0.0,,,,,,11.055360712693643,-2.844337808761695
brisk-orca-flint,False,,,21,Peptide,8.044332849458357,0.002954754543115665,2722.504604722917,1205.570403038645,0.6279252767562866,0.5593243451317791,23.0,-5.379088023885629,-0.6686804393291378,8.0,99.0,-27.290986841193337,-0.010024220636339705,243.38344412335726,,25705.872766526092,28428.37737124897,,,,0.0,0.0,,,,,,8.448103250257248,-1.9757865660003489
radiant-zebra-stone,False,,,22,Other,28.66107993754855,0.009232877024697729,3104.2414905863943,1531.6133670498489,0.5575800240039825,0.6076906720060554,29.0,-5.284526505376533,-0.18437988090090549,9.0,102.0,3.8673953719563237,0.001245842304371033,-453.3596433950053,,25735.83098631369,28840.072476900106,,,,0.0,0.0,,,,,,9.342056694990529,-1.7023567661864738
bright-raven-leaf,False,,,23,Miniprotein,35.795598067690776,0.016475678789131008,2172.6326742486085,1084.4046430880096,0.5280766189098358,0.6506614336509339,22.0,-1.114908055174834,-0.031146512849610793,3.0,87.0,17.031012343667793,0.007838882543528838,408.2698465241801,,25678.950418981527,27851.58309323012,,,,0.0,0.0,,,,,,10.125963887387712,-0.5131599411117289
rough-eagle-ash,True,Strong,4.15674213533653e-09,24,Other,95.79401202416824,0.013958915276178168,6862.568482498579,4120.067756890849,0.5460139811038971,0.538613385072462,47.0,-9.63513968082469,-0.10058185764673687,12.0,241.0,9.365088328390812,0.0013646622765622434,-50.80734326194752,,25579.326404716172,32441.894887214723,,,,0.0,0.0,,,,,,6.84874768388291,-1.404013629211413
noble-crane-ivy,False,,,25,Other,364.8180164380826,0.06866731681545958,5312.833431638448,3024.925964599855,0.5234897136688232,0.613516329756819,81.0,-9.021981381067741,-0.024730087261463314,13.0,166.0,262.7909408208991,0.04946342553409506,277.79196712540397,,27478.50865653827,32791.34208817672,,,,0.0,0.0,,,,,,15.246101923248148,-1.6981487368568626
frozen-cobra-maple,False,,,26,Other,281.0626652022998,0.07210442609816121,3897.9946226833276,1964.5356635129033,0.5412988364696503,0.5542734990051948,67.0,-6.327493828275456,-0.022512751110935102,10.0,127.0,235.56344747108042,0.060431958038187766,350.2101873761515,,26846.50083333329,30744.495456016684,,,,0.0,0.0,,,,,,17.188325404584084,-1.6232689987447169
solid-hawk-bronze,False,,,27,Other,31.943935044017167,0.01009079272032625,3165.6516915337425,1639.5218774979958,0.5399731397628784,0.48039031832058643,35.0,-5.904904073841669,-0.18485211874194593,8.0,130.0,-18.871901652880997,-0.005961458647946722,426.4140452971835,,25759.866636845665,28925.518328379436,,,,0.0,0.0,,,,,,11.056175287257416,-1.8653044141381114
amber-bat-vine,False,,,28,Other,125.51601859456224,0.024439209569609387,5135.8460770615,3231.1626637924423,0.6042454838752747,0.6677157531624569,40.0,-5.990125751704053,-0.04772399426604792,8.0,179.0,-18.4277870522062,-0.00358807230117569,-39.37287749387133,,26096.83708403252,31232.683161094075,,,,0.0,0.0,,,,,,7.788395407458589,-1.1663366973667817
swift-heron-ash,False,,,29,Other,6.572407039539357,0.0022835953471809422,2878.0961774391753,1496.7088841620841,0.5833017230033875,0.5270241923428317,16.0,-8.88417518547329,-1.3517384319057573,10.0,107.0,-39.918567922773484,-0.013869782474848205,-106.50168545279816,,27190.45775594578,30068.55393338494,,,,0.0,0.0,,,,,,5.559230482087716,-3.0868235937056503
shy-swan-stone,False,,,30,Other,1.7258159992505142,0.0005865880344759355,2942.12615637886,1292.4665455561828,0.48973143100738525,0.4951768280326467,33.0,-5.61703358371095,-3.254711734130585,6.0,120.0,-17.943719871111607,-0.00609889546449516,68.17433284434651,,26911.489254014017,29853.61541039292,,,,0.0,0.0,,,,,,11.216378308065512,-1.9091749589094236
violet-bat-wave,False,,,31,Other,-3.436776834858641,-0.0014343222847329575,2396.0980537219366,1135.8578337369568,0.5289814472198486,0.6289018197951061,39.0,-2.4472466541870164,0.7120761026334358,3.0,108.0,-29.335697312773377,-0.012243112199521755,19.264767043665913,,27626.077780684067,30022.175834406014,,,,0.0,0.0,,,,,,16.27646245086675,-1.0213466224329297
steady-bat-lava,False,,,32,Other,-4.514354661779123,-0.0017061350061530914,2645.953951767197,1250.0757792442344,0.5484203696250916,0.6022081087777672,20.0,-8.062797537487572,1.7860354672067338,9.0,100.0,-30.234969844585343,-0.011426869248571697,-335.2758032861301,,28305.277196953746,30951.231148720948,,,,0.0,0.0,,,,,,7.558710531089276,-3.0472176328324
silver-heron-pine,True,Medium,4.33201603572157e-08,1,Other,128.63569361952443,0.047541024463416084,2705.7829542254094,1432.5642409690508,0.6005375683307648,0.5145819056851964,22.0,-5.403490916257933,-0.042006155245217155,6.0,100.0,40.11514127929776,0.01482570551959945,938.5246334685171,,27348.45584293377,30054.238797159167,,,,0.0,0.0,,,,,,8.130733459475868,-1.9970156541269228
noble-lion-ember,False,,,1,Other,111.45256550936642,0.04240640188379008,2628.201416729236,1386.8149957551311,0.5392976105213165,0.5752899532649758,29.0,-1.9015777160042446,-0.017061767105257322,6.0,102.0,83.62661237118974,0.03181895110431149,1162.1522810589006,,29352.84638692571,31981.047803654976,,,,0.0,0.0,,,,,,11.03416192359037,-0.7235281527131716
shy-dove-wave,False,,,33,Miniprotein,37.612397315532235,0.014168316034568347,2654.6836775636716,1434.2276561014846,0.5233851969242096,0.6059002867733811,34.0,-1.4662236069926797,-0.03898245556358608,2.0,102.0,18.367240802413594,0.006918805791306208,504.9770566089507,,24851.351024271906,27506.034701835575,,,,0.0,0.0,,,,,,12.807552284799296,-0.5523157502284047
scarlet-bison-pearl,False,,,34,Other,29.1769485105915,0.01215059535477242,2401.2772756136264,1376.4633471203076,0.5129239559173584,0.5893022506146345,23.0,-2.6948448489066354,-0.09236212100550481,3.0,91.0,6.728883555214361,0.002802210150218846,388.1372038424398,,28281.854219045345,30683.131494658952,,,,0.0,0.0,,,,,,9.578235813738978,-1.1222547584464149
rapid-goat-pine,False,,,35,Other,65.48890683976364,0.02791106168141463,2346.342378060498,1320.0268458489527,0.5201647281646729,0.5461490721879667,22.0,-3.280707514328234,-0.050095621879219544,6.0,85.0,34.698459874156654,0.014788319129639823,215.54785583397,,29287.879965150656,31634.222343211146,,,,0.0,0.0,,,,,,9.376295721251621,-1.3982219922397208
frozen-ibis-ash,False,,,36,Other,6.532432867546973,0.002528909383212236,2583.1027837183465,1454.0945217804074,0.6172784566879272,0.5667140375392821,28.0,-2.7002882811351,-0.41336640358756555,4.0,85.0,-18.03563921668127,-0.006982160884329649,111.99189299841035,,28170.483045174435,30753.585828892807,,,,0.0,0.0,,,,,,10.839677064531797,-1.0453661767372904
radiant-zebra-frost,False,,,37,Other,186.8935465262408,0.049072161425752804,3808.5452341245377,1979.1445347732306,0.4339248389005661,0.6117704402163234,39.0,-1.9168388955552735,-0.01025631398827428,3.0,143.0,71.2095457768212,0.018697308657065217,-177.49427127140467,,27718.480111196885,31527.02534532143,,,,0.0,0.0,,,,,,10.240130444181228,-0.5032994956658019
rapid-vole-plume,False,,,38,Nanobody,372.3110755480182,0.08163268186235381,4560.809066346689,2643.347647716686,0.5538660883903503,0.592407677733711,82.0,-4.630495883562778,-0.012437169312642615,10.0,161.0,210.39687071102276,0.04613147966739055,496.89009313935725,,26548.23019996946,31109.039266316177,,,,0.0,0.0,,,,,,17.979266136147167,-1.0152794857671843
misty-heron-birch,False,,,3,Nanobody,145.67099141747826,0.11860925794673136,1228.1586946855414,549.8797417923379,0.5143695324659348,0.6626546763010057,20.0,-1.8063079769500252,-0.012399915449008855,2.0,55.0,140.84620902288137,0.11468078973209869,-69.80459890002473,,27804.906380051703,29033.065074737264,,,,0.0,0.0,,,,,,16.284540496715543,-1.4707447700091505
dark-bat-onyx,False,,,3,Nanobody,23.323459758976,0.0160985642448282,1448.7912961846184,876.1255828757935,0.5056679844856262,0.5413377060077464,15.0,-0.5345119688229062,-0.022917353357801044,1.0,60.0,9.771480393750215,0.006744574197459178,-76.19199334586631,,27758.562078404066,29207.353374588714,,,,0.0,0.0,,,,,,10.353458113326877,-0.36893648535198936
misty-zebra-rose,False,,,3,Nanobody,2.6163611767887573,0.001125087947557744,2325.4725841372283,1184.3379995099813,0.6396034359931946,0.6213688083202935,26.0,-7.203363273711487,-2.753199113951338,10.0,86.0,-12.62100402124136,-0.0054272856654312565,-173.5884541482703,,27113.2225848574,29438.695168994655,,,,0.0,0.0,,,,,,11.180523123495021,-3.0975911403333103
strong-hawk-granite,False,,,3,Nanobody,1.410990444331219,0.0006246694072460846,2258.7794887406226,1092.0454230575792,0.4453289955854416,0.46413149433186957,17.0,-4.587865123144817,-3.2515210443677898,10.0,84.0,10.30848487275494,0.004563741137255684,-30.409043624448607,,26699.713492580107,28958.49298132076,,,,0.0,0.0,,,,,,7.526188406057429,-2.0311257234333975
misty-gecko-snow,False,,,3,Nanobody,66.92322572781785,0.03525515880613653,1898.2534186222179,966.9200928105862,0.5198269486427307,0.6382973110712957,26.0,-4.998290703512388,-0.07468693639844616,6.0,92.0,29.651892402765753,0.01562061846530879,492.9074447971581,,25971.46642254891,27869.71984117117,,,,0.0,0.0,,,,,,13.696801356939586,-2.633099803471038
rough-cat-quartz,False,,,3,Nanobody,0.6526501400032778,0.0004400168279357851,1483.2390457996844,874.779096264465,0.5007821023464203,0.6035350872884677,12.0,-2.1177156572883424,-3.24479461121039,1.0,56.0,-14.876395617106525,-0.010029668285253342,23.23950572218835,,28369.589368483856,29852.82841428356,,,,0.0,0.0,,,,,,8.090401903848367,-1.427764232127925
shy-ant-dust,False,,,3,Nanobody,49.65872530374122,0.033627632854898365,1476.7237860011217,829.0039348504083,0.5697759687900543,0.5899697118984867,29.0,-2.03054028794873,-0.040889899519747676,3.0,63.0,3.301932461748182,0.0022359851537907534,271.7335482951621,,28484.582271207186,29961.306057208323,,,,0.0,0.0,,,,,,19.638066559847484,-1.3750305285237598
lunar-bison-ember,False,,,3,Nanobody,28.291072225167,0.012541257669218608,2255.840121569697,1183.2616821098425,0.5454761981964111,0.7262204455883878,25.0,-3.7388389293874456,-0.13215614097727524,5.0,86.0,10.267504582625465,0.004551521397483149,232.18031472018677,,26682.64010781771,28938.480229387376,,,,0.0,0.0,,,,,,11.082345668452813,-1.6574042165655882
bright-toad-sand,False,,,3,Nanobody,8.09598680010663,0.003760423272623822,2152.9456162677357,1148.829454289591,0.593686431646347,0.6305809305082077,21.0,-6.363980563034795,-0.786066074484086,7.0,92.0,-28.91378945848667,-0.013429874512395027,530.967000971131,,25785.5194086213,27938.465024888992,,,,0.0,0.0,,,,,,9.754078245787184,-2.955941160310008
rough-panther-moss,False,,,3,Nanobody,98.33934138559107,0.056806921216941,1731.115492248579,791.9284562986346,0.417417511343956,0.5643513233218392,17.0,-2.6224921518944653,-0.02666778234370725,2.0,75.0,66.78273208713745,0.03857786056803875,272.30090594373166,,27106.151736337288,28837.267228585908,,,,0.0,0.0,,,,,,9.820257560007377,-1.5149146106295082
bright-bear-reed,False,,,3,Nanobody,102.34563167270929,0.08756595711721736,1168.7833382065087,532.116827863091,0.4437108337879181,0.6556808396435572,10.0,-0.19544958635040122,-0.0019097013048434614,2.0,47.0,17.76138182167636,0.015196470758157023,224.90129776135316,,28538.05922930142,29706.84256750793,,,,0.0,0.0,,,,,,8.555905678245672,-0.16722482256661658
frozen-moth-granite,False,,,3,Nanobody,126.37279816498894,0.13539686878266693,933.3509652120313,432.65370968372,0.5545569956302643,0.538371035908854,13.0,-2.163860559468789,-0.017122834905053782,2.0,52.0,116.44352261455747,0.12475856023581092,19.189844489754638,,28435.96030712855,29369.31127234057,,,,0.0,0.0,,,,,,13.928308304740181,-2.3183782308268364
crimson-heron-moss,False,,,39,Other,60.20475565220508,0.025016497631040895,2406.6020967500262,1302.0747459858082,0.5319578349590302,0.5592594315752836,19.0,-2.0480146046919234,-0.034017488859568394,4.0,97.0,16.95945558582722,0.007047054271551564,-150.54293842269615,,25950.778049783617,28357.380146533596,,,,0.0,0.0,,,,,,7.89494866046131,-0.8509984294693526
amber-swan-leaf,False,,,40,Miniprotein,252.85576743697084,0.06957588226462202,3634.2444997717703,2317.2121036849367,0.5180436670780182,0.4894398028373945,25.0,-1.460976559119386,-0.005777904826646133,5.0,144.0,175.79374274544895,0.04837146833585048,469.2498447708044,,26143.835581625844,29778.080081397653,,,,0.0,0.0,,,,,,6.87900882881435,-0.40200282595492265
noble-cat-marble,False,,,41,Miniprotein,35.904366116891936,0.013593256211145413,2641.3366715955185,1668.9967031389588,0.5045410096645355,0.5079377275926809,19.0,-4.067220367324801,-0.11327926954853812,5.0,109.0,14.237072985591277,0.005390101587084418,-110.58889241658608,,25852.014032932395,28493.350704527948,,,,0.0,0.0,,,,,,7.193327607314411,-1.5398341343846815
wild-deer-crystal,False,,,39,Miniprotein,224.81262759067238,0.07253722022760126,3099.2727166174,1612.4882710313655,0.38160255551338196,0.6452001838449283,38.0,-2.98763107145512,-0.013289427304300938,5.0,121.0,192.38569701484244,0.062074465400649065,358.2200720218014,,24518.187683174852,27617.460399792268,,,,0.0,0.0,,,,,,12.260941025375095,-0.9639781150707745
jade-mole-cloud,False,,,39,Other,58.70508075023071,0.030627904944820813,1916.7187849117886,928.8547100491946,0.5160568654537201,0.6592295567020291,24.0,-1.3987113057360732,-0.023826069019257354,3.0,90.0,41.327286206398966,0.0215614760661413,-242.20855315512347,,26265.801043682775,28182.519828594566,,,,0.0,0.0,,,,,,12.521398646961416,-0.7297425771305543
deep-goat-vine,False,,,42,Other,481.2788106341899,0.1425556575348876,3376.076537098548,1962.6664236410359,0.5074039697647095,0.6350742677775495,38.0,-11.174653676629493,-0.023218669573057762,11.0,123.0,357.8909567173949,0.10600795117784026,521.4042297364222,,25966.702232196287,29342.77876929487,,,,0.0,0.0,,,,,,11.25566899400266,-3.309952708072537
steady-ant-dust,False,,,43,Miniprotein,98.8156434799607,0.03866352127532577,2555.7848902661312,1367.634525407415,0.48718491196632385,0.5805745716942796,33.0,-3.4679718326871645,-0.03509537266121686,5.0,92.0,49.414449803461316,0.019334353994993624,277.49055503784444,,25764.985524644373,28320.770414910523,,,,0.0,0.0,,,,,,12.91188476999085,-1.3569106875524442
rough-raven-cedar,False,,,44,Peptide,758.3153308732167,0.25976678061841724,2919.2159562047277,1539.9770236105,0.5529187321662903,0.6585633826190618,53.0,-5.348585944989905,-0.0070532478076513255,6.0,118.0,230.9697808130816,0.07912048449932611,1173.938661244199,,24482.396340316605,27401.612296521344,,,,0.0,0.0,,,,,,18.155559847276695,-1.8321994758974944
wild-yak-marble,True,Strong,7.33077919513719e-10,13,scFv,32.80191557758561,0.013244399253859312,2476.663150125695,1215.173196826099,0.42722049355506897,0.5939768661379863,27.0,-3.234001200322582,-0.09859183963428216,5.0,95.0,20.446078417005086,0.008255494258864961,20.9093800508218,,31674.008031081677,34150.671181207406,,,,0.0,0.0,,,,,,10.901765142599105,-1.3057896872889034
quiet-shark-frost,False,,,45,Nanobody,318.79519675235787,0.09288391341697669,3432.189547410808,2464.5957652659727,0.5481933057308197,0.6889894517084872,20.0,-2.621517497114686,-0.008223202619803263,4.0,135.0,95.0868231468299,0.027704420700937676,397.5185650106969,,26833.858839541757,30266.048386952592,,,,0.0,0.0,,,,,,5.827183995443288,-0.7638032401480622
vast-otter-lava,False,,,3,Nanobody,137.46200956898178,0.05659751553421801,2428.764023853208,1269.1523443238157,0.5785976648330688,0.6528577135346337,38.0,-5.642379149398288,-0.04104682571635769,8.0,104.0,69.03066592462497,0.028422137863812952,-182.32033720963733,,27018.091653134226,29446.85567698741,,,,0.0,0.0,,,,,,15.645818048520582,-2.3231483561118935
pale-cobra-iron,False,,,3,Nanobody,146.02184968514734,0.0539795317878523,2705.1336839866494,1372.552646043006,0.410090371966362,0.6425028464316405,44.0,-3.917103723087586,-0.026825462980599506,6.0,100.0,109.01160357872834,0.040298046719108596,49.14142179855542,,27486.97674584424,30192.11042983091,,,,0.0,0.0,,,,,,16.265369900372416,-1.448025931685126
calm-bee-dust,False,,,1,Other,475.92524595893065,0.14511079405557864,3279.7370385599797,1638.663648684168,0.493531197309494,0.6525270376577926,49.0,-1.774358399598281,-0.0037282292012544276,6.0,123.0,429.0427413809359,0.13081620152367884,2559.737672023124,,26848.21505693956,30127.952095499593,,,,0.0,0.0,,,,,,14.940222165345983,-0.5410062998152257
solid-boar-ivy,False,,,1,Other,1150.9181099090006,0.2392656188419312,4810.210992617977,2882.8087060458997,0.5228495895862579,0.6128295608219632,54.0,-1.6587625911085881,-0.0014412516206211588,4.0,176.0,599.6463906904064,0.12466114097919151,2825.6272931906547,,26833.215356039087,31643.426348657053,,,,0.0,0.0,,,,,,11.226118788317489,-0.34484196091485786
pale-vole-quartz,False,,,1,Other,388.6882228601578,0.13065349130842188,2974.954736897284,1649.3556442801496,0.5279268026351929,0.5466759040985745,61.0,-1.2974549457558726,-0.003338035138313596,4.0,122.0,165.12127167610566,0.05550379292436502,2133.5984236055383,,27196.390579980427,30171.345316877698,,,,0.0,0.0,,,,,,20.504513646355402,-0.4361259449308622
azure-mole-vine,False,,,1,Other,508.89035469675173,0.13038258318726412,3903.054704521766,1927.1530768259488,0.5748502612113953,0.5787141243574349,57.0,-5.939453713991843,-0.011671381976833043,9.0,155.0,434.7162339652825,0.11137846299250051,1693.9958190416778,,26044.726555845104,29947.78126036693,,,,0.0,0.0,,,,,,14.603945964160937,-1.5217449315047693
quiet-orca-jade,False,,,1,Other,-8.085474465487806,-0.0030209668999966726,2676.4525177342102,1343.627319863741,0.676905483007431,0.6390104079743614,22.0,-5.8282543573371814,0.7208302224210359,10.0,96.0,-37.66436899811853,-0.01407249661578299,102.06672066646593,,28704.26103087746,31380.713548611653,,,,0.0,0.0,,,,,,8.219835716952835,-2.1776042424511886
golden-tiger-birch,False,,,46,Miniprotein,45.05138895816053,0.018297601477654517,2462.147238979841,1364.5778876247928,0.6289100050926208,0.6448330801834218,33.0,-7.355967824827674,-0.1632794902651992,9.0,108.0,21.175937718900556,0.008600597634313102,157.65506925098794,,25640.411648627785,28102.558887607684,,,,0.0,0.0,,,,,,13.402935241871694,-2.9876230423471855
quiet-hawk-willow,False,,,47,Other,251.63824518639296,0.08308637413278222,3028.6343315962276,1598.6314117251006,0.4725383371114731,0.6595169363999073,43.0,-2.577623424806678,-0.010243369098752798,5.0,125.0,194.36687978685538,0.06417641039036073,241.40131058144172,,26129.800644436848,29158.434976033106,,,,0.0,0.0,,,,,,14.197818320753516,-0.8510843973191552
dark-ibis-wave,False,,,48,Miniprotein,44.73255599658074,0.018962403505534308,2359.0129797377867,1212.6003410410729,0.533682644367218,0.6927118097337155,23.0,-5.880599150034229,-0.13146128181192526,10.0,81.0,26.09154557171178,0.011060365413763833,-45.660102512588594,,25130.151811698055,27489.164791435862,,,,0.0,0.0,,,,,,9.749840377121002,-2.4928218710724854
silent-zebra-thorn,False,,,49,Nanobody,12.592101426943724,0.007363334364407954,1710.108600773311,1032.871617200567,0.6089169979095459,0.5696837154485049,15.0,-1.6249071888428637,-0.12904178053759935,2.0,75.0,-6.865472394347469,-0.004014641170299303,-30.936193241594868,,28528.87620659157,30238.984807364857,,,,0.0,0.0,,,,,,8.771372761482517,-0.9501777770768948
noble-deer-willow,True,Strong,3.08349362870382e-08,1,Other,9.62129482260326,0.0035502721407036104,2710.016145606366,1486.8442366876982,0.6453706324100494,0.6563998133874737,25.0,-3.371289291966761,-0.3503987097502311,6.0,101.0,-13.014292381279702,-0.004802293300864359,317.01620919648263,,28088.543862686136,30798.560008292516,,,,0.0,0.0,,,,,,9.225037290103026,-1.244010777364736
vast-ibis-cypress,True,Strong,1.25360713202889e-08,1,Other,84.75243306538727,0.028428906863170633,2981.2061882401536,1589.2737862769288,0.6026636064052582,0.5341399708703358,26.0,-8.362766861975565,-0.09867288241180776,11.0,106.0,15.845833552341743,0.005315242405858467,433.6453297983864,,26791.85873221555,29773.064920455716,,,,0.0,0.0,,,,,,8.721302170430604,-2.8051621840058703
radiant-dove-willow,False,,,50,Miniprotein,12.94474957941678,0.0060707870680882705,2132.301698977751,1047.3698656143924,0.6493414342403412,0.6894558965787023,25.0,-4.749370809655728,-0.3668955340169438,4.0,75.0,-13.41795814952085,-0.006292710902942846,-121.05064078552569,,24889.25624010709,27021.55793908482,,,,0.0,0.0,,,,,,11.724419678502942,-2.2273446632494025
strong-falcon-ice,True,Strong,3.34495896542613e-09,1,Other,131.9426149404767,0.04414207742385798,2989.044074059916,1495.438284466632,0.6035709381103516,0.6530008217951796,39.0,-5.375348225250192,-0.04074004617594682,9.0,106.0,47.31292865137132,0.015828782540201154,1019.4455723123235,,28152.66385407312,31141.707928133088,,,,0.0,0.0,,,,,,13.047649694581999,-1.7983502725501939
swift-jaguar-clay,True,Strong,2.72590637706639e-09,1,Other,48.935441820037454,0.016918386172237464,2892.4414729543746,1647.0361482463632,0.6166962087154388,0.6124268191949587,36.0,-4.986663178996874,-0.10190289478402134,7.0,103.0,19.797436459458673,0.006844541763272856,933.5834063095499,,27322.302409887474,30214.743882841834,,,,0.0,0.0,,,,,,12.446232823245051,-1.7240325260249556
deep-bison-wave,False,,,50,Miniprotein,30.152531362847697,0.014181941978237132,2126.1214725824007,990.2843423288818,0.5987253785133362,0.6631448112661619,27.0,-3.0287022376397923,-0.10044603556474843,6.0,84.0,5.970198414998704,0.002808023197163454,113.7805708891678,,24663.417181822908,26789.538654405293,,,,0.0,0.0,,,,,,12.69918033761525,-1.4245198483232058
shy-moth-ruby,True,Strong,1.79710785909042e-08,1,Other,132.7863907580131,0.0461989592902487,2874.229047537021,1516.044921523795,0.6229761838912964,0.6434848560218143,39.0,-7.210188402917356,-0.054299151906742,11.0,105.0,108.81512976975094,0.03785889293095712,489.62108091372875,,27608.534142165034,30482.76318970207,,,,0.0,0.0,,,,,,13.568855980152245,-2.5085643084346034
jade-falcon-granite,False,,,51,Miniprotein,43.313769826695534,0.016437026770191602,2635.1341049857424,1454.3176136439067,0.5493229925632477,0.6168788519669467,45.0,-5.0144412371636875,-0.11577014093271423,5.0,99.0,6.752199440324522,0.002562374122648705,1240.1030553054366,,25669.837349068122,28304.971454053877,,,,0.0,0.0,,,,,,17.076929752781396,-1.9029169056998785
pale-eagle-oak,False,,,1,Other,-10.182928418372029,-0.0035154817141496686,2896.5954729294035,1449.7727452436377,0.5923625230789185,0.5628775840198381,23.0,-5.862101673383725,0.575679355931377,7.0,105.0,-40.946551260242245,-0.01413609585560524,133.81059429220207,,28279.540052083514,31176.135525012905,,,,0.0,0.0,,,,,,7.940356261324778,-2.023790248990214
golden-swan-wave,True,Strong,1.11160148352591e-09,24,Miniprotein,9.064712650134055,0.0030087193211359047,3012.8143181903006,1548.81466505388,0.5654100477695465,0.6527877969368118,24.0,-4.937476258522552,-0.5446919774615838,5.0,104.0,-26.09557317294456,-0.008661527202452796,-202.04644669597778,,25924.511666785034,28937.325984975352,,,,0.0,0.0,,,,,,7.965973825567857,-1.6388252766563898
noble-ox-cedar,True,Strong,4.10557312515217e-09,24,Miniprotein,8.296004762370416,0.0027788465144560487,2985.4130910840663,1621.048614563188,0.5769151151180267,0.5522509896995337,31.0,-6.67025291839686,-0.8040319538691985,7.0,101.0,-22.13207237857072,-0.0074134036742413085,156.44311871975466,,24998.40751806682,27983.820609150916,,,,0.0,0.0,,,,,,10.383822624943086,-2.2342813925207086
young-owl-lotus,False,,,52,Peptide,48.843095303365644,0.021256609406761193,2297.7839206957383,1280.393785082363,0.5212908089160919,0.5880157676865857,33.0,-2.826028810264397,-0.057859330837078685,4.0,94.0,-7.550100880625312,-0.0032858184847682466,55.82252878154349,,25976.862003211696,28274.645923907447,,,,0.0,0.0,,,,,,14.361663732944933,-1.2298931961403547
pale-ox-crystal,False,,,53,Peptide,121.25484235441138,0.0628018613759999,1930.7523646225816,1201.174438373137,0.5512212216854095,0.6707820054974253,31.0,-4.840333996098618,-0.03991868614987747,6.0,76.0,31.369751362053375,0.016247423510567835,671.3470803344137,,23680.478922558726,25611.23128718134,,,,0.0,0.0,,,,,,16.055917148163015,-2.506967793896652
mellow-tiger-reed,False,,,54,Peptide,62.331473029664835,0.029850722098043417,2088.106037265691,1163.1786670993345,0.5103867501020432,0.5889961892692397,34.0,-3.118594789072142,-0.05003242563492665,5.0,94.0,8.96304709521699,0.004292429088971849,148.30503691122885,,25791.478280725332,27879.584317991037,,,,0.0,0.0,,,,,,16.282698001544944,-1.493504033519219
violet-zebra-willow,False,,,55,Other,291.3458481786452,0.048326021022593126,6028.757220513494,4108.3570475170645,0.4791919142007828,0.6262509300966,48.0,-2.641874423625253,-0.009067829317428024,4.0,205.0,217.44001001115706,0.03606713656859395,0.649481231458362,,27143.856231551476,33172.61345206499,,,,0.0,0.0,,,,,,7.961839935546723,-0.438212110223313
ivory-bee-birch,False,,,56,Other,551.5563314359117,0.10148123443330781,5435.057373079036,3468.9344993873497,0.553432822227478,0.6230321129036943,48.0,-6.319828888183815,-0.011458174855378575,6.0,179.0,412.1947878566953,0.07584000674921693,365.72848700876733,,25254.37317774784,30689.430550826826,,,,0.0,0.0,,,,,,8.83155350627096,-1.1627897286765059
rapid-cat-thorn,False,,,57,Other,38.93803966614337,0.0350669371933824,1110.3918044342777,636.9976962652572,0.40432000160217285,0.5190367821173184,4.0,-0.8153133171969066,-0.020938735596024924,1.0,50.0,15.258737668776238,0.01374175998763811,457.00954270644854,,30442.851085694696,31553.242890128968,,,,0.0,0.0,,,,,,3.602332063354808,-0.7342573260546463
solid-bear-marble,False,,,58,Other,154.533284311434,0.03198278724831775,4831.764133364025,2915.4426164180654,0.5644327998161316,0.5899159382085398,45.0,-4.2069124217132305,-0.027223341822173123,5.0,176.0,89.01799600268501,0.01842349782515313,527.032547966549,,26982.43804390339,31814.202177267467,,,,0.0,0.0,,,,,,9.313368525021438,-0.8706783496867938
crimson-zebra-rose,False,,,59,Other,115.76722123560751,0.04188623188709298,2763.849026755748,1395.7234277529712,0.5118997991085052,0.6251223766227941,38.0,-4.4748925756683455,-0.03865422809588838,7.0,90.0,84.76890301443521,0.030670598210618745,864.3781634524895,,26078.85000777117,28842.699034526882,,,,0.0,0.0,,,,,,13.748942012438729,-1.619079961440965
silver-cobra-marble,False,,,60,Other,156.61504337666952,0.06929151020634101,2260.234232307688,1237.4806068187077,0.5072411745786667,0.6089490273607554,39.0,-0.6378072749547016,-0.004072452180859364,1.0,76.0,96.93192662832315,0.0428857882261858,759.4688298524168,,27751.93576136597,30012.169993673673,,,,0.0,0.0,,,,,,17.254848830504255,-0.2821863618548523
bright-seal-ash,False,,,61,Other,77.7324243060284,0.03711726572388708,2094.2389691168214,948.3409931099362,0.5449191927909851,0.5926885980505991,22.0,-0.21473574837694656,-0.002762499050995031,1.0,92.0,44.0428317074512,0.021030470904676586,1376.0118319190085,,26591.863338185125,28686.102307301953,,,,0.0,0.0,,,,,,10.505009373060133,-0.10253641133776845
small-jaguar-iron,False,,,62,Miniprotein,246.60572958321717,0.053335290035246376,4623.687795083685,3256.8643203011616,0.5118290483951569,0.4605450258212301,30.0,-1.166819353087844,-0.00473151761339795,3.0,170.0,105.22306564229807,0.022757389838081316,21.281801907078318,,25405.68563753124,30029.373432614917,,,,0.0,0.0,,,,,,6.488327354606135,-0.2523568642174564
vast-jaguar-bronze,False,,,63,Other,867.0858584410369,0.22586745734064115,3838.9145061005606,2373.5895197433474,0.5459533035755157,0.6278315592748785,51.0,-0.10003956708657591,-0.00011537446506905377,1.0,151.0,758.2825404753318,0.19752524815812308,2162.68567379285,,28018.33858305807,31857.253089158636,,,,0.0,0.0,,,,,,13.2850054146697,-0.026059337067183795
pale-mole-stone,False,,,64,Affibody,37.81469701227729,0.018454409566288694,2049.087340152822,1392.9598113592133,0.49365000426769257,0.6448058168289292,10.0,-1.6799755321952006,-0.044426523678075834,4.0,93.0,0.4573490335269137,0.00022319645657115054,221.90158742286357,,25047.611553329396,27096.69889348226,,,,0.0,0.0,,,,,,4.880221454715637,-0.8198652635616338
radiant-wolf-maple,False,,,65,Affibody,144.5393910019077,0.07536179112313862,1917.9399646398424,1311.2455591478652,0.4500524252653122,0.5322976516470198,20.0,-1.4044779094222768,-0.009716921454330328,1.0,69.0,110.68552636029663,0.05771063140711057,233.58169387497526,,24162.02045262954,26079.960417269394,,,,0.0,0.0,,,,,,10.427855078224866,-0.7322846050011865
brisk-fox-pine,False,,,66,Miniprotein,87.32846545647709,0.025454942895567257,3430.7075767074116,2197.2600999952706,0.5721401274204254,0.6502408345192703,29.0,-2.921828466786039,-0.03345791605879328,3.0,140.0,-15.681603356165535,-0.004570953077620158,29.769038790806547,,24173.137408748808,27603.84498545622,,,,0.0,0.0,,,,,,8.453066707548555,-0.8516693426812656
young-vole-wave,False,,,66,Affibody,134.78500263108367,0.06417060445500045,2100.416596910841,1385.9639499408022,0.5450241565704346,0.6469208985325409,26.0,-0.5052028844500791,-0.0037482128915548273,1.0,87.0,111.01106693481594,0.052851928088020236,331.09299771029214,,24731.531510464887,26831.94810737574,,,,0.0,0.0,,,,,,12.378496741188938,-0.24052508687709828
brisk-zebra-onyx,False,,,66,Affibody,33.08325880867325,0.017226893605263735,1920.4425108055784,917.8242214195715,0.5829316973686218,0.7140748234431394,13.0,-2.3123953147913263,-0.06989623749475063,2.0,81.0,15.291889876117937,0.007962690780940569,-121.08005340873468,,24578.642684815113,26499.085195620733,,,,0.0,0.0,,,,,,6.769273189306156,-1.204095046730315
violet-dove-reed,False,,,67,Affibody,120.14097925577029,0.031800998799878265,3777.8995562941313,2494.9100167069537,0.5413840115070343,0.44420742772938715,22.0,-1.3855427200833395,-0.011532640475100778,1.0,134.0,54.30795156122272,0.014375170846123612,212.26722804110435,,23521.797519775933,27299.697076070064,,,,0.0,0.0,,,,,,5.823341693493974,-0.36674948590810735
radiant-eagle-lotus,False,,,66,Miniprotein,139.62281009647512,0.07273378914949362,1919.64163738948,1202.9529211239008,0.5210776329040527,0.48397106329924067,13.0,-0.14353909020245603,-0.0010280489993237845,1.0,83.0,72.94064638881316,0.037997012029810484,283.0673724819471,,23699.63615287775,25619.27779026722,,,,0.0,0.0,,,,,,6.772097326289867,-0.07477389915216405
strong-zebra-thorn,False,,,66,Affibody,43.40374055617551,0.015565568196764992,2788.445626109309,1541.8947681215345,0.46625448763370514,0.4994005532893383,24.0,0.0,0.0,0.0,110.0,18.02266885938836,0.006463338818815418,157.32820414352156,,24524.017393157315,27312.46301926664,,,,0.0,0.0,,,,,,8.606945667248661,0.0
frozen-falcon-rose,False,,,66,Miniprotein,139.41492239172737,0.05102464022285449,2732.3058385678128,1694.3686863445218,0.46974144876003265,0.5968783531187782,19.0,-3.1033311324481248,-0.022259676935646816,5.0,104.0,109.61288627121468,0.04011735608948896,272.4444217255417,,24084.505703066094,26816.81154163388,,,,0.0,0.0,,,,,,6.9538335466717704,-1.135792007118351
calm-moth-birch,False,,,68,Other,776.5448457757138,0.15845508349847515,4900.725357815275,2242.9728484352754,0.519340991973877,0.61712531116315,86.0,-11.383589166602823,-0.0146592810814827,14.0,181.0,769.6885277959981,0.1570560420343821,5078.043930271962,,29257.903679266026,34158.6290370813,,,,0.0,0.0,,,,,,17.548422676421612,-2.322837607793958
green-seal-cloud,False,,,69,Other,781.64122447627,0.08929607621386147,8753.365854556278,5557.7283903038,0.5110787153244019,0.521790036149417,83.0,-5.910481532653823,-0.0075616297446620415,8.0,307.0,464.79669051454783,0.05309919615351313,2737.840640792408,,28621.774466593593,37375.14032114982,,,,0.0,0.0,,,,,,9.482066827676014,-0.6752238659803435
silent-orca-ember,False,,,70,Other,668.3366468700115,0.0665475263115302,10042.997597556285,6589.147210949043,0.4889303594827652,0.6211168244620623,95.0,-9.629484893873808,-0.014408135389509325,14.0,334.0,455.8406709107755,0.0453889057009924,5080.066639969892,,27361.06589332166,37404.0634908779,,,,0.0,0.0,,,,,,9.45932716573744,-0.9588257689334613
crimson-heron-pine,False,,,71,Other,257.5197696325854,0.07994958193870343,3221.027094676034,1727.3255912265715,0.40549832582473755,0.524739679593394,45.0,-3.7724701657912445,-0.014649244876125787,6.0,120.0,140.27008179272025,0.04354824646603241,3906.0472847082324,,31181.079484278496,34402.106578954525,,,,0.0,0.0,,,,,,13.970698996720497,-1.17120100356395
shy-ant-pearl,False,,,72,Other,332.05634072379144,0.06457441437201476,5142.227675667437,2768.159571129153,0.4989647716283798,0.6065060480311233,77.0,-6.248315231755469,-0.01881703333276474,11.0,180.0,215.65984137604815,0.041938991226804535,5208.197647824596,,28031.06935593097,33173.29703159848,,,,0.0,0.0,,,,,,14.974054992616747,-1.2150989076819643
wild-moth-reed,False,,,73,Other,136.26888580423247,0.045329828335602666,3006.163729440048,1552.83917711245,0.5813309550285339,0.5981195471281687,37.0,-4.332247473988309,-0.03179190501500197,5.0,128.0,7.1122999962872395,0.0023659057311599036,3461.338605142789,,30692.268727686303,33698.43245712632,,,,0.0,0.0,,,,,,12.308045512508368,-1.4411215967918247
dark-eagle-onyx,False,,,74,Other,614.5228931572365,0.13165526556696555,4667.666655874569,2422.3805945908116,0.5444146692752838,0.6191808799619158,83.0,-5.213792080812514,-0.008484292674639989,9.0,177.0,461.94436836481424,0.09896687197733507,4336.425787431509,,29857.744316411692,34525.41097228619,,,,0.0,0.0,,,,,,17.781903918853967,-1.1170018052275883
crimson-otter-sand,False,,,75,Other,1098.4683090690842,0.3265893224098465,3363.454447817446,1741.4792495899028,0.5505511164665222,0.5592898033740213,56.0,-1.5217719052728118,-0.001385358041473644,4.0,129.0,759.045790567337,0.2256744672311182,5468.444821574113,,29572.629998220506,32936.084446038,,,,0.0,0.0,,,,,,16.64954910756664,-0.45244314405990943
rapid-cat-ice,False,,,76,Other,1072.8837502349515,0.1291476981344645,8307.416746351135,5177.421472089027,0.5479692220687866,0.6670664166324505,119.0,-9.324524804788311,-0.008691085872767042,11.0,301.0,388.4682113697382,0.046761613535322516,4330.457096952849,,25137.788550260808,33445.20529661191,,,,0.0,0.0,,,,,,14.324549211073148,-1.1224337347568267
green-orca-topaz,False,,,77,Other,281.29682161602886,0.10911511312595253,2577.9822204035613,1220.1567168880165,0.42768335342407227,0.564064259908685,38.0,-5.259387753300444,-0.018696932738470562,7.0,107.0,228.30330678593097,0.0885589144017417,5770.696273588315,,31749.41883665248,34327.40105705599,,,,0.0,0.0,,,,,,14.740210269584955,-2.0401179308665407
crimson-ram-dust,False,,,78,scFv,228.82894344714163,0.07289973992579292,3138.9541811819117,1729.612926660009,0.5121463537216187,0.6158973085160483,52.0,-2.6209540400262465,-0.011453769792157757,5.0,129.0,187.768808875914,0.05981890720214761,521.9712640265788,,30053.454368623272,33192.408549805186,,,,0.0,0.0,,,,,,16.566027090086553,-0.8349768390182037
vast-bear-onyx,False,,,79,Other,161.81995153411526,0.057437337632440154,2817.330297752531,1728.7262373438434,0.4900966137647629,0.5482255360935657,31.0,-4.869160401380865,-0.030089988009632654,7.0,124.0,131.68097591963524,0.04673963007627509,200.1863035911611,,27080.9495697895,29898.279867542038,,,,0.0,0.0,,,,,,11.003324681074716,-1.7282888006653467
scarlet-mole-marble,False,,,80,Other,20.227684437408584,0.006114939614424888,3307.9123773671154,1728.1710985294073,0.4450276494026184,0.583793895595309,41.0,-1.6242629716427035,-0.08029900687193,3.0,136.0,-22.617326160961387,-0.006837341374490493,-291.0671195526616,,26828.29997363117,30136.212350998318,,,,0.0,0.0,,,,,,12.394524196143719,-0.4910235781201411
shy-swan-ember,False,,,81,Other,79.24405416898489,0.030820150537141308,2571.176739499959,1347.0458303349617,0.480557918548584,0.5527744032554115,38.0,-2.359142594347303,-0.02977059438827451,6.0,108.0,43.69577100702915,0.016994464182780014,200.2141799270795,,27255.828985509033,29827.00572500901,,,,0.0,0.0,,,,,,14.77922517585867,-0.9175342006267946
bright-yak-crystal,False,,,82,Other,-1.0146388563687765,-0.0003511116868867532,2889.789472305534,1603.2495063837644,0.39192816615104675,0.495572190544735,25.0,-4.323006980443727,4.2606361399513615,5.0,138.0,-24.92395684978305,-0.00862483481535359,-409.01060438857655,,26544.198644537657,29433.988116843266,,,,0.0,0.0,,,,,,8.651149241004909,-1.495959142308987
hollow-zebra-thorn,False,,,83,Other,97.66892267003747,0.058248344981607664,1676.7673433618954,887.389968896241,0.5155931413173676,0.5952216188174646,20.0,-0.039347768487426375,-0.0004028688697668756,1.0,72.0,86.89280007503322,0.05182161998743031,13.92855691231306,,28815.17312109899,30491.9404644609,,,,0.0,0.0,,,,,,11.92771321506076,-0.02346644490853134
misty-hawk-moss,False,,,84,Other,25.966019245435547,0.00818531196876483,3172.269956786246,1663.910945567969,0.5060683488845825,0.5759457097030332,35.0,-4.157065663272236,-0.1600963791938569,4.0,133.0,-20.720219835924944,-0.006531669787938264,-212.93680297711015,,26936.206614637762,30108.476571423987,,,,0.0,0.0,,,,,,11.033108933597095,-1.3104388087713896
green-jaguar-orchid,False,,,85,Other,-5.575919850303876,-0.002186657272343505,2549.9743013352977,1466.3445534070966,0.4462915360927582,0.5291756775371594,26.0,-1.806018887014618,0.3238961347186857,4.0,100.0,-29.749758477003727,-0.0116666895275867,465.4625455040633,,27484.09670435395,30034.07100568923,,,,0.0,0.0,,,,,,10.196181187545719,-0.7082498384665656
ivory-goat-moss,False,,,86,Other,18.544614563589512,0.00932976913564881,1987.682041641418,1019.8906184120849,0.433935210108757,0.5982395005034485,13.0,-4.256521057309608,-0.22952868838087687,4.0,83.0,5.645149146456728,0.0028400664835684644,62.56197444207881,,28259.006051751312,30246.688093392695,,,,0.0,0.0,,,,,,6.540281457322351,-2.1414496726018584
lunar-kiwi-marble,False,,,3,Nanobody,163.44393564966833,0.10147797279807405,1610.634615010464,909.4121222759038,0.5632754266262054,0.6746919731072221,20.0,-2.4737143044701164,-0.015134940887451251,4.0,72.0,115.63311995781444,0.07179351473025632,436.9062533012554,,27783.760350928464,29394.39496593895,,,,0.0,0.0,,,,,,12.417465645906328,-1.5358631196772368
steady-falcon-orchid,False,,,3,Nanobody,94.88972943117997,0.030042132747529218,3158.555027654755,1643.5205121415238,0.48617738485336304,0.5025141417233494,50.0,-5.154471436103197,-0.0543206463650162,5.0,117.0,31.88592486022074,0.010095098733770113,169.09154585542808,,25521.28315333545,28679.83818099023,,,,0.0,0.0,,,,,,15.8300234006451,-1.6319080690294072
silver-quail-sand,False,,,3,Nanobody,191.98737527439872,0.07401188421183257,2594.0073992023154,1351.103542434414,0.47240370512008667,0.5889940715720416,28.0,-1.354883501770123,-0.0070571489392656705,2.0,102.0,178.87699531311625,0.06895778144970705,342.778044868851,,27188.423307085453,29782.430706287803,,,,0.0,0.0,,,,,,10.794109534386948,-0.5223128901585878
jade-falcon-pine,False,,,3,Nanobody,99.75237858046489,0.03533981391292974,2822.6628138516767,1522.276328729832,0.5289163887500763,0.567479457620227,34.0,-2.0243388737340395,-0.020293640137123287,2.0,110.0,57.13975397771782,0.02024320924813103,-126.58046113942021,,25664.161561611756,28486.82437546344,,,,0.0,0.0,,,,,,12.04536363080688,-0.7171734660618989
dark-toad-oak,False,,,3,Nanobody,237.23190013554813,0.19830870575211848,1196.275772340942,694.1461134599909,0.46280476450920105,0.6177319768553732,17.0,-1.141627714462069,-0.0048122858427124375,1.0,50.0,203.5582954569126,0.1701600083888499,334.22607685937186,,27661.566770459853,28857.84254280082,,,,0.0,0.0,,,,,,14.210770119278944,-0.9543181771775462
ivory-panda-fern,False,,,3,Nanobody,77.9184044294193,0.02344601155194018,3323.3116966101416,1852.598956422209,0.5592111945152283,0.5656951543414963,36.0,-3.9532179831566623,-0.05073535594196618,8.0,132.0,50.195859608450306,0.015104168429236203,473.4899361745058,,26229.593048068407,29552.904744678533,,,,0.0,0.0,,,,,,10.832568018438016,-1.1895417415071359
hollow-mole-wave,False,,,3,Nanobody,92.90126890290988,0.049049855685862835,1894.0171709758142,917.4566550791016,0.5515159070491791,0.5898316364882258,21.0,-3.194251806255514,-0.03438329577170569,4.0,77.0,59.49039285334141,0.031409637549743775,102.04041206575837,,27517.345304174592,29411.362475150432,,,,0.0,0.0,,,,,,11.087544675838718,-1.6864956956065016
vast-cat-leaf,False,,,3,Nanobody,62.60091805919177,0.020618519008781002,3036.1500761781836,1614.7992188303267,0.4886675179004669,0.6996705373944009,37.0,-0.5459924842186468,-0.008721796758673541,1.0,114.0,18.60011883433604,0.006126218522685586,385.3953371326227,,26561.65766949456,29597.80774567279,,,,0.0,0.0,,,,,,12.186485869161814,-0.179830532259435
amber-quail-thorn,False,,,3,Nanobody,104.11031979178813,0.04788911374484361,2173.9871893744967,1083.333647002835,0.5904105007648468,0.6962693009913509,30.0,-4.899038301714415,-0.047056221818471786,7.0,98.0,88.04792978701316,0.040500666341252205,305.477043183175,,26255.98866300171,28429.97585237622,,,,0.0,0.0,,,,,,13.79952933790362,-2.2534807590673864
rough-panda-jade,False,,,3,Nanobody,256.65836693593724,0.2435229042834442,1053.9393314610122,548.0810287362893,0.5458346307277679,0.5766456943429924,23.0,-1.2794200702280851,-0.004984914715628314,1.0,35.0,0.13488036182937124,0.00012797734917283595,171.10915899524628,,27419.017891132018,28472.957222593053,,,,0.0,0.0,,,,,,21.822888010182233,-1.2139409091550863
lunar-seal-orchid,False,,,87,Nanobody,815.7849039541286,0.4376734785015958,1863.9121263345046,882.6884940414454,0.5867777168750763,0.6013209188719019,30.0,-2.0144313049196043,-0.0024693167220374004,4.0,85.0,796.1982506234748,0.4271651218822459,531.9004558226883,,27708.511798921885,29572.423925256426,,,,0.0,0.0,,,,,,16.09517936824458,-1.0807544392562671
azure-jaguar-leaf,False,,,87,Nanobody,41.584224031379975,0.016034063851562842,2593.4924805308638,1239.3943176799157,0.5253812968730927,0.5978718089205449,25.0,-6.213103684196672,-0.1494101147470778,11.0,99.0,-0.12586846664069995,-4.853242011904189e-05,-90.78444904692678,,26961.094265097407,29554.58674562828,,,,0.0,0.0,,,,,,9.639511272029111,-2.3956513199239766
swift-tiger-rose,False,,,88,Nanobody,213.18253041928278,0.11881872755292654,1794.1829104702615,967.9889324445074,0.5043598115444183,0.6373503479205106,20.0,-2.2919232223437334,-0.010750989857546153,3.0,76.0,154.00250056333627,0.08583433699241494,572.813645325389,,26141.435265212156,27935.618175682408,,,,0.0,0.0,,,,,,11.14713549175314,-1.2774189348080527
young-seal-iron,False,,,89,Other,33.606310776623076,0.01477897854605432,2273.926487672943,1155.4805550030917,0.49071359634399414,0.6306300678714354,15.0,-5.3940177161822085,-0.16050609518062148,8.0,92.0,0.8119203406253916,0.0003570565473540363,133.50509327458957,,30430.17512391738,32704.101611590348,,,,0.0,0.0,,,,,,6.596519316396405,-2.3721161371853574
scarlet-vole-flint,False,,,90,Other,279.32126201627534,0.18145846994540807,1539.3123401751893,692.390265690371,0.4806947261095047,0.6498348286042451,24.0,-1.8122797380745101,-0.006488155341246142,4.0,58.0,232.8941561180105,0.15129753074772648,1255.6681511272736,,30129.39462951881,31668.70696969402,,,,0.0,0.0,,,,,,15.59137763897128,-1.177330740990652
pale-panda-birch,False,,,91,Other,280.2081864270576,0.08706581197946123,3218.3492010981136,1823.5644114168642,0.5102752447128296,0.38417601645238836,43.0,-0.8667250238682151,-0.003093146688252938,3.0,105.0,248.71303570330113,0.07727969221563628,1277.841773079873,,28409.336581540585,31627.68578263868,,,,0.0,0.0,,,,,,13.360886999250495,-0.2693073279843235
frozen-yak-sand,False,,,3,Nanobody,171.48481325057276,0.1777953361107063,964.5068144183251,572.1033139247002,0.5057719945907593,0.5547606216707954,10.0,-1.999335823781594,-0.01165896726295042,3.0,53.0,165.29500035576427,0.17137774237028114,730.1621169262891,,28006.998713486766,28971.50552790511,,,,0.0,0.0,,,,,,10.36799310332587,-2.072910003219991
radiant-panda-flint,False,,,92,Peptide,179.28630116183325,0.12608633661901553,1421.9328276906608,818.366075489314,0.5616140961647034,0.5860618441110488,15.0,-4.228541046870432,-0.023585410706050143,5.0,62.0,145.1666852267,0.1020910991009772,435.3819520206879,,23510.346926516893,24932.279754207557,,,,0.0,0.0,,,,,,10.549021520490014,-2.9737980335807706
scarlet-lynx-iron,False,,,93,Other,848.3965039851835,0.2785783456172152,3045.450291929494,1694.621309178965,0.44621025025844574,0.6206957708433232,49.0,-3.4226998217413267,-0.004034316272714274,4.0,136.0,812.1493897719394,0.26667629149099953,1973.3309291381809,,26221.819824758182,29267.2701166877,,,,0.0,0.0,,,,,,16.089574710791048,-1.1238731529493524
wild-ibis-granite,False,,,94,Peptide,336.3735488140075,0.12519368704873757,2686.825164619189,1269.184256699561,0.41655416786670685,0.6344795093933849,24.0,-1.0365290290421025,-0.003081481979474061,3.0,104.0,294.90485703646584,0.10975960063194641,765.4458167723848,,26512.41615231683,29199.241316936022,,,,0.0,0.0,,,,,,8.932475516471348,-0.38578209058459995
quick-yak-iron,False,,,95,Other,170.75579364680743,0.08941335580226917,1909.734760704216,1079.3516821929193,0.5459204614162445,0.6346308877635142,27.0,-2.2805693056439873,-0.013355736030609503,3.0,82.0,69.0860483585381,0.03617572962491533,482.4134334775576,,33315.43023858322,35225.164999287364,,,,0.0,0.0,,,,,,14.138088993072385,-1.1941811777060738
scarlet-yak-ash,False,,,96,Other,47.74709203189116,0.019253820222940005,2479.8762780075604,1208.5315984607482,0.581563800573349,0.6307656686737896,29.0,-4.522151880477976,-0.09471051928057835,5.0,88.0,26.155593650118973,0.010547136517283638,874.8961183897613,,31675.131061249496,34155.00733925708,,,,0.0,0.0,,,,,,11.694131782775813,-1.8235393114495486
ivory-quail-onyx,False,,,97,Nanobody,59.35508042904877,0.02275263926421983,2608.711883477576,1292.6482614808815,0.5725009739398956,0.6720080708494387,36.0,-5.716897645709829,-0.0963169050464624,10.0,97.0,19.185280971724517,0.007354311947300725,506.96275920325036,,25964.691682711225,28573.403566188834,,,,0.0,0.0,,,,,,13.799914136937861,-2.1914637955682736
jade-wolf-sand,False,,,98,Other,179.33159849902717,0.05163782044636272,3472.8731179756637,2330.44678801945,0.4866308122873306,0.5947524433417914,21.0,-3.8329633080002816,-0.021373608109677752,4.0,123.0,125.99612886031828,0.03628008412059735,279.9231475078151,,27654.834601141836,31127.707719117516,,,,0.0,0.0,,,,,,6.046866466645027,-1.1036865378584617
shy-owl-opal,False,,,99,Miniprotein,96.58069562313018,0.032731474302076,2950.697995812689,1889.774446218632,0.582391768693924,0.5883948373199733,15.0,-3.402532944185432,-0.035229948616880294,3.0,121.0,13.253280795466544,0.004491574811883211,-90.3260248601628,,24682.533051717255,27633.231047529993,,,,0.0,0.0,,,,,,5.083542951968102,-1.1531281578168753
radiant-mole-dust,False,,,100,Miniprotein,238.36233204811396,0.049740634797919174,4792.1047452752955,3019.0872254474393,0.6080708503723145,0.5499015986364735,32.0,-7.342850114459102,-0.03080541313455908,7.0,160.0,108.96848955850592,0.022739171063809027,4.736041005662036,,24352.24799126741,29144.35273654271,,,,0.0,0.0,,,,,,6.677650364706641,-1.5322808045251255
vast-seal-stone,False,,,101,Miniprotein,86.5736524825022,0.02679704026306553,3230.7169610006154,2019.8594281803946,0.5051106512546539,0.6014251149740152,13.0,-4.24241634515259,-0.04900355042788618,4.0,123.0,35.07167320412476,0.010855693527935169,17.48041811896194,,24670.579501109907,27901.296462110557,,,,0.0,0.0,,,,,,4.023874625022444,-1.3131501138492279
mellow-yak-cypress,False,,,42,Other,135.8068446405228,0.04020084895657444,3378.208375331162,1850.768711084342,0.47610752284526825,0.5605530963603317,48.0,-6.035733648780935,-0.04444351582394367,7.0,124.0,61.14778351283341,0.018100654761072622,157.07508694169152,,26099.393215684802,29477.601591015995,,,,0.0,0.0,,,,,,14.208714995354486,-1.7866670667374858
small-quail-dust,False,,,42,Other,100.66239967369751,0.032248301998956716,3121.479068167809,1681.6710514563745,0.4664345383644104,0.6865833881179861,44.0,-7.299870552748736,-0.07251834425179265,8.0,111.0,11.219319484300724,0.003594231849482189,485.8869153255604,,26262.842338263785,29384.32140643159,,,,0.0,0.0,,,,,,14.095881804463403,-2.3385934658961163
strong-ram-ivy,False,,,102,Miniprotein,9.329228157016814,0.005821114927964137,1602.653146770905,866.6201241614691,0.5316599607467651,0.6084797448567348,13.0,-3.785987381945705,-0.40582000120751055,3.0,70.0,-4.418375386188758,-0.0027569130570086805,200.21838314778137,,26485.664218720423,28088.317365491344,,,,0.0,0.0,,,,,,8.111549293241,-2.3623248670954635
bright-seal-ice,False,,,103,Miniprotein,6.809829028883826,0.003034981904390162,2243.7791207365262,1225.8585368998665,0.5157521665096283,0.45720446495225897,19.0,-4.736012566384674,-0.695467176385328,5.0,84.0,-19.22573907405122,-0.008568463311014464,-166.89981742891607,,25466.340514277446,27710.119635013983,,,,0.0,0.0,,,,,,8.467856672881064,-2.1107302954267912
vast-dove-cedar,False,,,104,Other,26.60704470601792,0.011434340572887001,2326.941771273482,1147.7254598460254,0.5221057832241058,0.49214344540790944,29.0,-5.575277880028251,-0.2095414181330423,7.0,94.0,-5.617332848260308,-0.002414041003349246,-4.295345156308334,,26651.75484670161,28978.6966179751,,,,0.0,0.0,,,,,,12.462709792746107,-2.395967939058926
pale-hawk-opal,False,,,105,Miniprotein,118.03348318891514,0.023421301073402144,5039.578408517925,3246.413397338482,0.5211530923843384,0.6539448765990443,42.0,-2.497654392905429,-0.02116055821980513,5.0,170.0,5.467596134922257,0.0010849312564878233,344.84054831720215,,24615.806841607016,29655.385250124986,,,,0.0,0.0,,,,,,8.334030467511203,-0.49560780494731044
jade-lynx-cedar,False,,,106,Other,4.0780167421640385,0.0013036447971659071,3128.1655486445006,1722.6836049497035,0.49098367989063263,0.49810082154425295,36.0,-5.1643650825031076,-1.2663913389827302,8.0,103.0,-31.36515697579797,-0.010026693436793696,212.13380625501657,,27285.205964113677,30413.371512758164,,,,0.0,0.0,,,,,,11.508342330411367,-1.6509244802408027
scarlet-cat-clay,True,Strong,2.52439656483536e-08,107,Other,239.79692816233353,0.06512691998098612,3681.993993149723,2021.9144641689002,0.5386027693748474,0.5660782231490551,63.0,-5.470745201647485,-0.02281407540777168,10.0,120.0,178.46253576819117,0.04846899155735104,480.1010500110098,,27350.043029841567,31032.037022991306,,,,0.0,0.0,,,,,,17.11029407359443,-1.4858104635221292
frozen-bear-opal,False,,,108,Other,199.42642803096987,0.10606779096294898,1880.1789517859613,1045.8140558481075,0.5511047840118408,0.6835599145116743,26.0,-3.3524058429771415,-0.016810238623220643,5.0,75.0,85.95390711370321,0.0457158118018801,1474.4439152031025,,29104.471955377652,30984.65090716358,,,,0.0,0.0,,,,,,13.82847094171695,-1.7830248763250582
bright-tiger-opal,False,,,3,Nanobody,204.11243848516222,0.08093912438560699,2521.801910195343,1295.6770670796984,0.46225109696388245,0.5855246573483239,17.0,-5.203986370112179,-0.025495684676220643,6.0,92.0,150.29407387041542,0.05959789040637747,-53.713885338101804,,27379.579422941486,29901.381333136866,,,,0.0,0.0,,,,,,6.741211485038153,-2.063598393304837
dark-lion-opal,False,,,3,Nanobody,122.7185014603578,0.05471564748013091,2242.841072198241,1267.69767056992,0.5269762277603149,0.5753111774785162,26.0,-3.6454566971049363,-0.02970584429995294,5.0,84.0,72.42148391403198,0.032290064959016755,249.0164613812202,,27414.858996478026,29657.700068676288,,,,0.0,0.0,,,,,,11.59243975076532,-1.6253745048158814
swift-dove-wave,False,,,3,Nanobody,58.35111233072274,0.03263667029451649,1787.9002914254618,932.7144475123384,0.458615705370903,0.688835956016894,21.0,-2.768539232023335,-0.047446211759114267,4.0,76.0,11.928285740792367,0.006671672798532939,562.9891904982297,,25440.60928801256,27228.50957943804,,,,0.0,0.0,,,,,,11.745621442489428,-1.5484863699060236
deep-tiger-ash,False,,,3,Nanobody,165.49572247232908,0.09373973609273843,1765.4809941922722,1058.5900443841408,0.4861578345298767,0.6422280243077708,22.0,-0.1519558283344998,-0.0009181858362526974,2.0,76.0,91.3217614984705,0.05172627844699696,211.82352695275648,,28572.754342492066,30338.23533668437,,,,0.0,0.0,,,,,,12.461193336190657,-0.08607049797441821
soft-bear-iron,False,,,3,Nanobody,194.04258727203813,0.07630608678534762,2542.9503129663626,1271.0448009532436,0.5577259957790375,0.511829249131306,41.0,-4.320143756949495,-0.02226389483713112,6.0,99.0,145.47131493694334,0.05720572446704648,370.9651897689709,,26665.786983606857,29208.73729657328,,,,0.0,0.0,,,,,,16.123004759842644,-1.69887069162198
small-moth-jade,False,,,3,Nanobody,27.871582877978767,0.013161736512575425,2117.622006134887,1141.6503875988535,0.49345239996910095,0.5159856186492258,22.0,-3.2292480647601423,-0.11586166737991616,4.0,81.0,11.182870723145992,0.005280862538615719,464.65870954777756,,27482.596256431538,29600.218262566425,,,,0.0,0.0,,,,,,10.389011795431188,-1.5249407379621116
silver-falcon-orchid,False,,,3,Nanobody,436.11697858533944,0.1800828865746073,2421.756930271432,1188.6637476404258,0.5891923308372498,0.6506956964348308,18.0,-3.4314186035524044,-0.007868115143517495,4.0,96.0,316.5694881413084,0.13071893557287234,414.61012285950096,,27447.885916212686,29869.642846484105,,,,0.0,0.0,,,,,,7.4326204149573964,-1.4169128869460113
jade-jaguar-bronze,False,,,3,Nanobody,10.415614811963195,0.018782496278234695,554.5383668747425,217.1262738169151,0.5413749516010284,0.6329151852672873,2.0,-1.4996452724111489,-0.14398048502030647,1.0,29.0,6.946319958859798,0.012526310844834318,227.5994562703822,,29008.645676723372,29563.184043598125,,,,0.0,0.0,,,,,,3.6066034732124392,-2.704312924032332
bright-panda-ruby,False,,,3,Nanobody,146.5065966049031,0.06258274067897789,2341.006402330923,1225.4261839375624,0.47511839866638184,0.669925789101397,23.0,-3.7891689135429854,-0.025863469641312888,6.0,99.0,40.72925765240548,0.017398182940401897,119.80830074769682,,28590.514200155878,30931.520602486813,,,,0.0,0.0,,,,,,9.824834300794338,-1.6186068136209015
jade-cobra-fern,False,,,3,Nanobody,181.48619070377,0.07302420980109693,2485.287977755616,1306.6891715745335,0.47546209394931793,0.6531294150566046,28.0,-4.236591242862002,-0.023343876613605048,5.0,100.0,87.15187163846466,0.035067111907557985,347.1500803833632,,28582.99315753008,31068.28113528569,,,,0.0,0.0,,,,,,11.266300022617864,-1.7046681434028148
shy-cobra-sand,False,,,3,Nanobody,276.39176080840735,0.10758014715898766,2569.170689085793,1387.4037922745658,0.57407346367836,0.6868096331494216,44.0,-4.379111516447485,-0.015843856935674184,6.0,97.0,248.99912799872186,0.09691809464295463,57.66044184896288,,28250.63829172767,30819.808980813457,,,,0.0,0.0,,,,,,17.126148989212094,-1.7044844607057759
small-ox-rose,False,,,3,Nanobody,14.447874816722901,0.008401600104291482,1719.6575220645198,833.6242790445524,0.5347163677215576,0.5990834256105944,26.0,-0.5771840822900196,-0.03994941052658828,2.0,81.0,4.9232594270618755,0.0028629301845819275,230.632324215618,,26967.54227929917,28687.199801363684,,,,0.0,0.0,,,,,,15.119289548296761,-0.3356389716465673
swift-cobra-plume,False,,,27,Other,183.29134826638614,0.054721248145799865,3349.5461905039656,1866.322426031509,0.4829892963171005,0.578670721284807,39.0,-4.953140682260705,-0.027023319589869935,8.0,137.0,124.27777358773797,0.037102869021501506,464.32847408471184,,25757.825873772,29107.372064275965,,,,0.0,0.0,,,,,,11.643368319734126,-1.4787497770005273
azure-otter-moss,False,,,42,Other,294.9725372556345,0.10673180907073751,2763.679729818303,1519.7359205548562,0.4895932078361511,0.6395323764557878,39.0,-2.1382234370001965,-0.00724888986918511,3.0,98.0,200.78597648562138,0.07265168040973473,-20.727838566038987,,26864.36027560583,29628.040005424136,,,,0.0,0.0,,,,,,14.111620669795933,-0.7736871294926686
ivory-orca-marble,False,,,42,Other,799.9102971847693,0.21988951767503295,3637.7827631007353,2083.4435802159514,0.5492174625396729,0.48054656642283855,52.0,-10.209051258684667,-0.012762745141067365,12.0,126.0,741.4669579657862,0.20382386916743273,720.6571344690706,,25828.77515235354,29466.557915454327,,,,0.0,0.0,,,,,,14.294421461186094,-2.8063938732786733
shy-quail-birch,False,,,42,Other,249.19302972914602,0.0819776166852781,3039.7691443730055,1749.1521979168408,0.5393665134906769,0.5197275945494689,49.0,-8.549652753289525,-0.0343093575393435,12.0,116.0,81.72310760044957,0.026884642786683094,993.5907016008383,,26704.460679547265,29744.22982392035,,,,0.0,0.0,,,,,,16.119645168023744,-2.812599361078458
quick-cat-iron,True,Medium,4.42312015578978e-08,13,scFv,234.65167522079378,0.06565862001371517,3573.813692273434,1709.6377962683302,0.4523049592971802,0.5573433509644664,74.0,-5.787393348804317,-0.024663763185831557,9.0,140.0,135.60927803445273,0.037945256723269954,21.865321005560155,,31407.42242299611,34981.23611526956,,,,0.0,0.0,,,,,,20.70617171790113,-1.6193886551267713
radiant-bear-marble,False,,,109,Miniprotein,48.467042710835116,0.01837806931070348,2637.2216739115065,1385.6646453666324,0.5062441229820251,0.5628329015070749,21.0,-2.532627019735162,-0.05225462248326897,3.0,96.0,20.4774868422399,0.0077647954454537205,3.8500548545176887,,25773.588205985354,28410.809879896853,,,,0.0,0.0,,,,,,7.962925607559172,-0.9603390738021614
deep-shark-iron,False,,,110,Other,218.9821984668069,0.04094287648297071,5348.481036936614,3961.4074376854687,0.5600562691688538,0.4162564740613646,17.0,-2.3357106111100743,-0.010666212265030844,5.0,217.0,103.92778408007608,0.019431270927642956,382.28374848124025,,30178.949933625154,35527.43097056173,,,,0.0,0.0,,,,,,3.1784725200665362,-0.4367054113083051
crimson-toad-reed,False,,,111,Other,197.82052181250447,0.07995211805313678,2474.2374139610843,1353.7238246329807,0.526788055896759,0.5353716951935732,23.0,-4.321546751102272,-0.02184579593414611,4.0,98.0,113.60411360618843,0.045914799026628594,-34.27067609304308,,28684.827736012776,31159.065149973845,,,,0.0,0.0,,,,,,9.2957934716453,-1.746617655491585
radiant-moth-vine,False,,,112,Other,333.124249967089,0.050234905302190096,6631.330306351065,4199.02269009691,0.5580599009990692,0.5845488844094954,62.0,-4.282244147022194,-0.012854795612883956,6.0,238.0,87.29353469055927,0.013163804343595296,469.23987495166244,,27769.778580346847,34401.108886697984,,,,0.0,0.0,,,,,,9.349556896693919,-0.6457594402922343
bright-panda-stone,False,,,113,Other,226.36294429184497,0.06488391379001181,3488.737517043726,1986.5572816582628,0.4468211829662323,0.5032509028470636,37.0,-6.808207452519722,-0.030076510419223226,8.0,141.0,172.6062849320912,0.049475285569306374,352.71832241115084,,29627.00731349821,33115.74483054199,,,,0.0,0.0,,,,,,10.605555682891538,-1.9514817091452716
young-orca-cypress,False,,,114,Other,3.433020930291196,0.002132665368158715,1609.7325823109195,843.2947528218893,0.5088404715061188,0.5846056355786321,10.0,-1.3524329338652872,-0.3939483508335532,2.0,72.0,-12.764059377461074,-0.007929304232096172,-22.820643119667704,,27839.103384030885,29448.83596634182,,,,0.0,0.0,,,,,,6.212211959854896,-0.8401600046659582
ivory-quail-clay,False,,,115,Other,135.60896283785428,0.05457752909027319,2484.703230400046,1247.6825294747673,0.375175416469574,0.6457046581954308,36.0,-2.215879901362226,-0.01634021715815143,6.0,96.0,93.72653748591995,0.03772142135092312,496.4322321446518,,26542.1044821459,29026.807712545917,,,,0.0,0.0,,,,,,14.488651827527859,-0.8918086772903908
ivory-boar-wave,False,,,116,Other,30.92443659544756,0.015081502987131745,2050.4877147744332,848.9108267468429,0.5944350063800812,0.5349881185214189,14.0,-0.8729959534770289,-0.028229971168029108,3.0,75.0,17.674630999571093,0.008619720504648532,1924.8316429759107,,28555.0328432867,30605.520558061155,,,,0.0,0.0,,,,,,6.827643930332004,-0.42575039449727403
steady-yak-pine,False,,,117,scFv,252.2910551893931,0.0723060682857684,3489.209981550748,1773.5018293027376,0.5322214961051941,0.5932620025933701,54.0,-1.5890020154100288,-0.006298289149479264,4.0,128.0,101.95205996087866,0.029219238882140012,623.8404553261732,,29173.32887895278,32662.53886050352,,,,0.0,0.0,,,,,,15.476282678751303,-0.45540452532576187
deep-panda-sand,False,,,117,scFv,347.154991243412,0.074140063548367,4682.421010024322,2461.7234575234183,0.4818265736103058,0.5126917217866276,81.0,-7.5675879354568645,-0.02179887406588015,11.0,163.0,195.11188706362577,0.04166901836590988,256.5226840060977,,29495.353955399565,34177.774965423894,,,,0.0,0.0,,,,,,17.298743497560736,-1.6161699085272034
azure-ox-onyx,False,,,3,Nanobody,278.60855811406253,0.13470448086204453,2068.2946575429446,1359.4464101844196,0.49336957931518555,0.6557113738140843,18.0,-1.9852092179131995,-0.007125442345889653,3.0,88.0,200.93375341338395,0.09714948142451116,370.3628996857111,,26607.935788257077,28676.23044580003,,,,0.0,0.0,,,,,,8.702821880023283,-0.9598290121154945
quiet-ram-dust,False,,,3,Nanobody,192.93387142790047,0.08105889890693697,2380.1689145741566,1451.02814118205,0.5072864592075348,0.6374742829784589,38.0,-0.45698373463849673,-0.0023686029376613215,3.0,90.0,145.73690401869973,0.0612296476633777,10.392747358744568,,27769.642343823994,30149.811258398193,,,,0.0,0.0,,,,,,15.965253460508578,-0.19199634607456298
swift-crane-jade,False,,,3,Nanobody,34.48660913372248,0.039145183532775116,880.9923985883947,489.44959364060776,0.3386157900094986,0.5287643793461981,12.0,-1.1930891263326342,-0.034595721536623346,2.0,41.0,14.485471961307365,0.016442221277410896,706.4656703368249,,28722.49097940037,29603.48337798878,,,,0.0,0.0,,,,,,13.621002881781363,-1.3542558689999016
ivory-fox-ruby,False,,,3,Nanobody,89.97731278161513,0.0461055089941004,1951.5523143476953,1027.855804668978,0.4959123879671097,0.5925920927578224,24.0,-2.9709614837202833,-0.0330190065903739,4.0,79.0,68.83545880364042,0.035272156578927585,492.5732853920433,,27147.389801884066,29098.942116231814,,,,0.0,0.0,,,,,,12.297902456190103,-1.5223581053287443
rough-kiwi-marble,False,,,118,Miniprotein,34.288327963383196,0.01200145968515826,2857.0131353093857,1409.5204183873846,0.6272460520267487,0.6286577594470563,23.0,-5.238726038969192,-0.1527845290258444,9.0,107.0,-37.01701868798759,-0.012956544802157173,119.38297634462548,,24943.96250728524,27800.975642594633,,,,0.0,0.0,,,,,,8.050365507860828,-1.8336373656195637
rapid-yak-crystal,False,,,118,Miniprotein,184.1431281581055,0.06494530151345564,2835.3571985489043,1522.0066094257384,0.5704571008682251,0.6238028882638722,50.0,-3.2845762135548964,-0.017837082743238485,7.0,114.0,29.675532490413804,0.010466241257221955,205.3653709156862,,25229.754850984256,28065.112049533207,,,,0.0,0.0,,,,,,17.634462432313395,-1.15843471688008
solid-fox-iron,False,,,118,Miniprotein,48.90082198352661,0.016075418272793258,3041.9626509058558,1665.9532212603874,0.5663114488124847,0.6682466376508455,35.0,-3.268276789807865,-0.0668348027137225,5.0,111.0,-14.397244761274106,-0.004732880187397041,951.1526729146142,,24520.44081015502,27562.403461060905,,,,0.0,0.0,,,,,,11.505729693813786,-1.074397408802707
jade-cat-cloud,False,,,118,Miniprotein,26.09412044607504,0.009862889464985881,2645.6872034013404,1379.1585233363317,0.5303940773010254,0.5824494879753594,30.0,-4.621775784421246,-0.1771194317115384,6.0,100.0,-7.223172238494565,-0.002730168641708034,131.64771061193602,,25032.842266918175,27678.52947031956,,,,0.0,0.0,,,,,,11.339208944062431,-1.746909377072018
shy-fox-fern,False,,,119,Miniprotein,44.08679767879312,0.023492043803484346,1876.6693118567298,903.2395132731117,0.5677500069141388,0.7087650582206216,23.0,-2.5236519847920795,-0.057242805503336,6.0,78.0,27.146157599212568,0.01446507247052217,184.63882130065556,,22906.373543627775,24783.04285548453,,,,0.0,0.0,,,,,,12.255755371863769,-1.344750494318704
silver-ibis-pearl,False,,,3,Nanobody,12.694841651661523,0.006659820049439258,1906.183884462524,1054.550382867664,0.5614434480667114,0.6552606228911305,24.0,-2.184137392867181,-0.17204920335349885,4.0,82.0,-14.815264551101519,-0.0077722116275675554,-2.760002927344015,,27778.532484771255,29684.716369233778,,,,0.0,0.0,,,,,,12.590600621286411,-1.1458167339836838
deep-fox-quartz,False,,,109,Miniprotein,15.97793023632714,0.0061786625862175325,2585.985237641621,1292.130201216776,0.49186667799949646,0.6778800972234226,28.0,-3.8528883602364257,-0.24113813887336713,7.0,97.0,-14.26429157939836,-0.005515998843213497,113.79383452765757,,24927.977905452284,27513.963143093988,,,,0.0,0.0,,,,,,10.827594679363123,-1.4899111967670011
solid-orca-pearl,False,,,120,Other,367.4289276787093,0.10739650528378261,3421.23728055975,1892.3964349613566,0.5602647066116333,0.5923814746159504,43.0,-4.908424134710999,-0.013358839669268149,5.0,109.0,142.28688784524547,0.04158930707722378,246.1953755766954,,27929.597953315966,31350.835233875714,,,,0.0,0.0,,,,,,12.56855239019398,-1.4346926951257615
deep-toad-ash,False,,,121,Other,114.14789767339511,0.03841798665315111,2971.209780042768,1450.5101429740967,0.5578558444976807,0.6066981576195898,36.0,-5.269615294604395,-0.04616480375032439,8.0,97.0,54.61589546292414,0.018381702910973182,-159.6464007860646,,29595.417908991712,32566.627689034503,,,,0.0,0.0,,,,,,12.116276757638367,-1.7735588143253027
rough-bear-granite,False,,,122,Other,427.69643785764384,0.1381421234922353,3096.0609772419184,1845.4304470341913,0.4863184988498688,0.6491699660014857,53.0,-3.4341483237575066,-0.008029405951939543,4.0,100.0,138.84966880389715,0.044847200951316335,537.4070700403889,,28613.43429828625,31709.495275528167,,,,0.0,0.0,,,,,,17.118525891313126,-1.1091991885821217
mellow-bee-lotus,False,,,123,Miniprotein,68.35762411424199,0.026554496286006198,2574.2391562616604,1462.080907969948,0.5124204158782959,0.5893779492828811,35.0,-4.417636917927248,-0.06462537244630265,8.0,89.0,40.507667983787485,0.015735782701174192,-75.64587137720869,,25239.124476540634,27813.363632802295,,,,0.0,0.0,,,,,,13.596250338615548,-1.716094212607111
radiant-mole-wave,False,,,124,Other,72.71312340465693,0.0237125452470094,3066.4411031045865,1617.2650742966764,0.481539711356163,0.5801855045894605,32.0,-1.2242277256546077,-0.01683640680433488,2.0,102.0,157.6553621497272,0.05141313883058464,375.8179988279278,,28499.24392122405,31565.685024328697,,,,0.0,0.0,,,,,,10.435550178218628,-0.39923405814484775
bright-tiger-crystal,False,,,125,Miniprotein,33.34851158844708,0.010540166989360528,3163.9452792455554,1812.9856915678465,0.5022680908441544,0.5597788642524888,19.0,-5.606230587920285,-0.1681103689755812,5.0,114.0,-1.6367792207377208,-0.0005173222278762077,607.7369281691258,,24807.6401839979,27971.58546324349,,,,0.0,0.0,,,,,,6.005160748080498,-1.7719113616456394
wild-gecko-vine,False,,,126,Miniprotein,125.18211183537628,0.043887465644657425,2852.343146194297,1439.5666493114115,0.5391187071800232,0.6186756568681938,31.0,-5.36068220654469,-0.04282306895089279,7.0,100.0,36.33195798289365,0.012737583145060617,-3.823169787883753,,25255.51850158805,28107.861647782345,,,,0.0,0.0,,,,,,10.868257573203056,-1.8793959673811031
golden-dove-fern,False,,,127,Other,71.74178064758496,0.029856704079853035,2402.8700708460146,1247.7178859669032,0.5572659075260162,0.567096556380798,23.0,-5.364785810087426,-0.07477910029081528,6.0,87.0,21.347296657608627,0.008884082796075846,345.4640841599778,,28279.866102858945,30682.736173704936,,,,0.0,0.0,,,,,,9.571886669636715,-2.232657468740524
brisk-seal-snow,False,,,46,Miniprotein,129.2119449078935,0.0486699869006735,2654.8588388074018,1434.3423591399264,0.6379399001598358,0.5595490572549727,32.0,-8.43126407339674,-0.06525142918796571,10.0,116.0,110.59505650482453,0.04165760336790837,-44.56221505365231,,26388.403566430643,29043.26240523805,,,,0.0,0.0,,,,,,12.053371551149901,-3.1757862038285154
solid-bear-ruby,False,,,109,Miniprotein,392.8677663552968,0.14981117422828752,2622.419645123608,1362.5301122059752,0.5106549859046936,0.5636776667040823,29.0,-2.130023800041709,-0.005421732151258713,3.0,107.0,188.0560648849635,0.07171089693240132,193.71569253495696,,26214.1863441434,28836.605989266987,,,,0.0,0.0,,,,,,11.058489457980354,-0.8122360599313273
small-orca-plume,True,Medium,7.38051229949404e-08,128,Other,57.90177971348655,0.02029953105479326,2852.3703112744765,1555.2571717722008,0.5021441876888275,0.6294170250501067,35.0,-3.259512843904946,-0.05629382827322208,6.0,91.0,34.11413673832759,0.011959925611161246,135.71215585970918,,25807.448671699647,28659.818982974077,,,,0.0,0.0,,,,,,12.270496527627067,-1.1427383152254704
green-lion-fern,False,,,129,Other,172.1169268619425,0.06048851661435976,2845.4479708811796,1339.8596349438571,0.5707125067710876,0.5850052239270288,34.0,-5.979681580069403,-0.03474197273383688,8.0,89.0,114.76066381239393,0.04033131689167903,834.8183287612649,,26836.81413187251,29682.26210275371,,,,0.0,0.0,,,,,,11.948909397725119,-2.101490394926326
amber-eagle-ember,False,,,130,Other,144.6450966062029,0.05675298769549572,2548.6780957204633,1438.9732606367902,0.49608592689037323,0.499433805442698,13.0,-4.353587329943544,-0.030098409362580812,4.0,78.0,109.08287485170982,0.04279978512581603,27.739181389370597,,27015.851247665054,29564.52934338554,,,,0.0,0.0,,,,,,5.100683378504551,-1.708174656208542
misty-panda-cloud,False,,,131,Miniprotein,425.254821680674,0.15482297459333277,2746.7165179953013,1596.3541371451738,0.518934577703476,0.6426526310344085,24.0,-1.6017762840805998,-0.0037666269785022726,5.0,105.0,344.75680570440454,0.12551597641973852,513.2400757777411,,26045.112172768644,28791.82869076396,,,,0.0,0.0,,,,,,8.737705490451,-0.5831603929952192
swift-bear-cloud,False,,,132,Other,153.58982342470398,0.05411341308282353,2838.2948824467303,1564.906507673041,0.5719690322875977,0.6536742409314834,42.0,-3.0821950611692683,-0.02006770365668326,4.0,106.0,84.00091302279716,0.029595555254774947,263.66380147438184,,25272.731264466034,28111.026146912776,,,,0.0,0.0,,,,,,14.797616787369966,-1.0859319375977896
pale-toad-topaz,False,,,133,Other,29.668806782452577,0.02155762864558936,1376.25558312615,748.1559477244674,0.4622151851654053,0.5246918573387394,9.0,0.0,0.0,0.0,53.0,5.786473816662128,0.004204505244235387,359.5187128185599,,27640.4496827741,29016.705265900262,,,,0.0,0.0,,,,,,6.539483007623188,0.0
amber-ox-plume,False,,,134,Miniprotein,36.65655382834035,0.016945626631764615,2163.1866808411532,1156.500812427656,0.4828013777732849,0.5909652427484774,23.0,-1.1154889024437353,-0.03043081757405453,1.0,83.0,-3.559431048010543,-0.0016454571764589736,-163.12479455723545,,27308.788263433114,29471.974944274258,,,,0.0,0.0,,,,,,10.632461915425845,-0.5156692727092691
deep-cobra-clay,False,,,135,Other,4.0432961200751265,0.0023232888832911336,1740.3329173371924,883.3760529254854,0.5092798471450806,0.46833649629689583,18.0,-0.4189690311799775,-0.10362066461068226,1.0,65.0,-14.468465963648597,-0.008313619664096319,273.9517476865999,,26700.460446957797,28440.793364295063,,,,0.0,0.0,,,,,,10.34284867032281,-0.24074073816923705
quick-ibis-frost,False,,,130,Other,128.92334658196273,0.046912903439103044,2748.1425605924446,1449.3479864028343,0.45314185321331024,0.6683462519890927,42.0,0.0,0.0,0.0,92.0,28.702959644563556,0.010444494421852617,812.7435039839237,,25647.889383817244,28396.0319444097,,,,0.0,0.0,,,,,,15.283049941537836,0.0
calm-ox-moss,False,,,136,Miniprotein,148.30939913939937,0.05470410876672195,2711.119922853403,1871.6004723439553,0.5131337940692902,0.6557399451718475,21.0,-0.17438992037240117,-0.0011758521131117802,1.0,105.0,125.27337853313222,0.046207243536938176,280.21962056933563,,25167.96085601292,27879.080778866384,,,,0.0,0.0,,,,,,7.7458764634424195,-0.06432394188924667
gentle-quail-pine,False,,,137,Miniprotein,105.78695740049943,0.04475515721580199,2363.6819526834006,1361.9550766380664,0.5570386350154877,0.5285225454914636,31.0,-1.5509302056732341,-0.014660883002821971,4.0,92.0,87.6628571023652,0.037087416521010705,2334.51446908222,,24591.855098748383,26955.53705143181,,,,0.0,0.0,,,,,,13.115131655004111,-0.6561501237137766
crimson-swan-rose,False,,,138,Miniprotein,437.60643656228797,0.10135935094828688,4317.376073032995,2475.4935856013867,0.5022265017032623,0.5296255921163067,45.0,-3.9998532216095284,-0.009140297965064775,7.0,171.0,344.8816508491878,0.07988223518524884,504.2324832679628,,24641.21016316886,28958.586236201874,,,,0.0,0.0,,,,,,10.422997496344372,-0.9264546692129129
frozen-raven-topaz,False,,,139,Peptide,143.33857203832315,0.037625773166659625,3809.5847599840454,3027.6499814121403,0.5319952964782715,0.5432784660882094,18.0,-1.0478029590984619,-0.007309986029568651,3.0,126.0,7.111910539077845,0.0018668466479028099,-3.901237305490658,,24322.88288865873,28132.46764864274,,,,0.0,0.0,,,,,,4.7249244035917926,-0.27504387620000087
small-gecko-stone,False,,,140,Other,-33.68344591983361,-0.014879520220184935,2263.7454313977178,1191.4552660311604,0.5664362609386444,0.5931504984773982,12.0,-7.119439199914749,0.21136314903347386,7.0,86.0,-45.262374428001394,-0.01999446307001701,-1.2056423490268813,,27391.922701692325,29655.668133090046,,,,0.0,0.0,,,,,,5.300949406042873,-3.1449822498455364
noble-crow-fern,False,,,3,Nanobody,185.40762782604685,0.06100565980902145,3039.187321413561,1527.369595095115,0.5105607807636261,0.5588219231505475,48.0,-5.392450410918267,-0.029084296445330567,6.0,131.0,150.067651599876,0.0493775591068463,359.77233094181423,,26302.205609913064,29341.39293132669,,,,0.0,0.0,,,,,,15.79369578893697,-1.7743066947285684
scarlet-cat-ice,False,,,3,Nanobody,-108.98854499440279,-0.07293735385121769,1494.2761046243143,662.0460023432732,0.39229974150657654,0.5130307456116204,18.0,-2.030648940175575,0.01863176483620238,3.0,61.0,37.743955565829346,0.025259023716583357,286.896749195996,,27855.290102748197,29349.566207372514,,,,0.0,0.0,,,,,,12.04596656822368,-1.358951624730768
rapid-cobra-moss,False,,,3,Nanobody,16.43916822784547,0.008425638244544287,1951.0887781694228,972.8663054598284,0.5658328533172607,0.6050078287756051,34.0,-0.17615230470756604,-0.010715402523175753,1.0,81.0,-13.585275487103004,-0.00696292021106757,192.90175428004832,,27533.925086553383,29485.01386472281,,,,0.0,0.0,,,,,,17.426167573932716,-0.09028410530495597
crimson-wolf-ruby,False,,,3,Nanobody,16.654669072513435,0.011094497733662752,1501.1647640415572,614.8006919226202,0.32852670550346375,0.6210136196671059,17.0,-0.011690122709348168,-0.0007019126383388389,1.0,79.0,3.4965510202063186,0.002329225348184047,24.30553713185484,,28596.550316654244,30097.715080695798,,,,0.0,0.0,,,,,,11.324539722229575,-0.007787368175279491
young-heron-ice,False,,,3,Nanobody,84.92810464117876,0.08675945721533286,978.8916086737522,487.2578634650855,0.533877044916153,0.4498041490746551,9.0,-2.016207864889357,-0.023740172624925934,2.0,43.0,57.66688677082543,0.058910390343375404,166.3448256283932,,27904.841078437992,28883.73268711176,,,,0.0,0.0,,,,,,9.194072071159766,-2.0596844911368777
frozen-gecko-rose,False,,,3,Nanobody,73.57149345189725,0.030095718606546862,2444.5833779125282,1317.7888062706115,0.5877653956413269,0.5851385731572599,45.0,-1.5625458644945573,-0.021238468748988847,3.0,98.0,0.5145189570713355,0.0002104730653575384,83.73743230481583,,26898.157304419507,29342.74068233204,,,,0.0,0.0,,,,,,18.408044661755934,-0.6391869791035076
violet-panther-iron,False,,,3,Nanobody,83.44990869787844,0.03472743559415531,2402.9965723102,1288.1847409377933,0.4002939760684967,0.5965016152436818,40.0,-0.8351487354130078,-0.010007784890892756,4.0,101.0,41.757606905116226,0.01737730606289262,-89.81945299968135,,26238.194635669734,28641.191207979955,,,,0.0,0.0,,,,,,16.645883086526702,-0.3475447052386388
gentle-quail-maple,False,,,3,Nanobody,128.22586705774845,0.054481202334356424,2353.5799792158377,1204.6839231619906,0.5180635154247284,0.6715012395745128,33.0,-2.4853137986623204,-0.019382312287605917,4.0,96.0,98.56882418760799,0.04188038012646972,132.82310503665255,,26443.374309168114,28796.954288383986,,,,0.0,0.0,,,,,,14.021193369853057,-1.0559716774487407
quick-ram-quartz,False,,,3,Nanobody,26.392477047784553,0.01128185134115146,2339.37465134963,1253.792818587735,0.5479785799980164,0.6185133401185281,41.0,-3.762942019623882,-0.1425763111515049,4.0,96.0,1.1029696556572763,0.00047148055358339124,222.4019945769387,,26738.7341134337,29078.10876478323,,,,0.0,0.0,,,,,,17.526051236105477,-1.6085247471810336
rapid-bear-reed,False,,,141,Miniprotein,207.23052010160177,0.07365000717547654,2813.7202975128007,1372.302389099326,0.5254575312137604,0.6361008051200413,37.0,-5.31580766850939,-0.02565166398223165,9.0,98.0,175.7001671430565,0.0624440770812818,624.5223385612563,,26583.203603970025,29396.923901482838,,,,0.0,0.0,,,,,,13.149850051800207,-1.8892452363542742
vast-moth-rose,False,,,142,Other,64.92861592282372,0.026465150629411942,2453.3627951720614,1249.436422475624,0.4327722638845444,0.504243441739162,25.0,-6.029232907785952,-0.09285940909247926,8.0,92.0,16.45398666249773,0.006706707501588148,-170.05749193045853,,26516.05710306187,28969.419898233944,,,,0.0,0.0,,,,,,10.190095019455399,-2.457538248990649
rough-deer-rose,False,,,143,Miniprotein,158.40365723328463,0.060710900697610266,2609.146881583323,1413.4752413881763,0.41561228036880493,0.5015268258184247,23.0,-3.5816746983352763,-0.022611060633912407,5.0,97.0,82.95029146787093,0.0317921126071422,219.3220309015632,,24955.90082310744,27565.047704690798,,,,0.0,0.0,,,,,,8.815141900345136,-1.3727378568131008
swift-ibis-cypress,False,,,109,Miniprotein,227.8380574701029,0.08674025269598419,2626.670437180443,1337.7353598046695,0.5223611891269684,0.6524549687351348,32.0,-4.997309090503298,-0.021933601198996566,7.0,97.0,34.84215536254069,0.013264760919128262,155.17640094487234,,24839.076255511907,27465.746692692366,,,,0.0,0.0,,,,,,12.18272362875865,-1.9025261105339042
quiet-panda-willow,False,,,144,Other,101.80143083904525,0.026998197918235853,3770.6750334726516,1944.4615458030717,0.5370919406414032,0.5532329482278624,38.0,-7.211441218925563,-0.07083830904427389,12.0,125.0,35.396796006236244,0.00938738970927365,-172.76716617129628,,27662.807032454388,31433.482065927015,,,,0.0,0.0,,,,,,10.077771131871689,-1.9125066877704637
soft-dove-cedar,False,,,145,Other,178.98394875773175,0.040612528296443455,4407.111703346129,2179.3691952542094,0.4952525794506073,0.5387645243954166,55.0,-8.460056436138201,-0.047267123643525845,15.0,142.0,97.00899124363717,0.02201192022656981,429.4571795818312,,31344.891712911995,35752.00341625804,,,,0.0,0.0,,,,,,12.479828899785064,-1.9196373964641846
steady-yak-dust,False,,,146,Other,334.6329281098889,0.08299213010255427,4032.1043416572074,2262.3235853477986,0.5430347621440887,0.612621672697351,59.0,-2.9319198585052475,-0.00876159998678446,2.0,129.0,233.55661154616917,0.05792424792513595,194.22974941144804,,28366.116341683977,32398.220683341166,,,,0.0,0.0,,,,,,14.632557840938912,-0.7271438460097537
young-ram-rose,True,Medium,8.62649452605243e-08,147,Other,96.90889905230063,0.024996292649403656,3876.9308877735757,1992.610673037614,0.537645012140274,0.6060821779132803,48.0,-5.767848688160003,-0.059518256265063546,8.0,138.0,26.162904387638434,0.006748354599290558,-306.4105082075823,,31701.156930120025,35578.08781789349,,,,0.0,0.0,,,,,,12.380927437054519,-1.487735751583731
swift-ibis-pearl,False,,,148,Other,432.4672113754916,0.13147482496253907,3289.3537717103927,1736.6291735240834,0.46905210614204407,0.5637918317989569,17.0,-8.551516116270285,-0.01977379068593802,6.0,103.0,398.59055953911206,0.12117594737517504,1401.050935970466,,30709.26954553678,33998.623317247126,,,,0.0,0.0,,,,,,5.168188398039159,-2.5997556692795865
strong-goat-ivy,False,,,149,Other,105.73174763441061,0.029269025587049066,3612.410919521513,1833.5132846024424,0.5788941383361816,0.5831531277394988,45.0,-3.1850564125408116,-0.030123936128945896,6.0,131.0,36.96608595919687,0.010233078900141645,-106.2344138716954,,31946.94028464575,35559.35120416713,,,,0.0,0.0,,,,,,12.45705458280492,-0.8816982573407492
noble-cat-pearl,True,Medium,2.79372798672175e-07,150,Other,144.4967820264405,0.039835497770642665,3627.3371769670584,1906.0157821059906,0.5526235401630402,0.6234602415615867,55.0,-5.444150385130394,-0.037676620259503114,9.0,138.0,43.48138636482677,0.011987136635911815,236.17641932140947,,27284.49217874872,30911.82935571577,,,,0.0,0.0,,,,,,15.162637857114621,-1.5008669223527864
mellow-zebra-orchid,False,,,151,Peptide,58.25181760172825,0.027506624563460442,2117.7377641278986,1130.748432772366,0.5503049194812775,0.7238586465276542,25.0,-1.6049682375386551,-0.027552243064962113,2.0,69.0,11.49641304412746,0.005428629190480425,439.9535786374065,,23424.4153382712,25542.153102399116,,,,0.0,0.0,,,,,,11.805049909139813,-0.7578692058691194
amber-tiger-dust,True,Medium,9.03055696263043e-08,152,Other,138.38995658312456,0.03741453070212805,3698.82914434774,2204.590428554513,0.5151466131210327,0.5274670056325395,41.0,-2.788008290908212,-0.020146030533896308,5.0,133.0,47.20080677444691,0.012761012994226963,-344.40112233849493,,30698.802992181187,34397.63213652887,,,,0.0,0.0,,,,,,11.08458877119344,-0.7537542779364725
crimson-deer-cypress,False,,,153,Other,205.09062323850014,0.05232799463699097,3919.3289301692516,2123.198139169536,0.5282623767852783,0.4613954571354727,48.0,-3.1474560493333144,-0.015346659928343647,5.0,142.0,101.08260272960958,0.025790793406371342,1134.8825393355894,,29316.382541557043,33235.71147172628,,,,0.0,0.0,,,,,,12.246994537895848,-0.8030599384260905
radiant-bee-iron,False,,,154,Other,116.70081820574481,0.03949311644879342,2954.966047236574,1545.8457979400862,0.5937010645866394,0.567482704978531,29.0,-5.632356943809317,-0.04826321726279082,7.0,100.0,88.22684927936037,0.02985714484329469,318.31035650419045,,26206.379036492093,29161.345083728735,,,,0.0,0.0,,,,,,9.813987550591396,-1.906064859552815
bright-wolf-ember,False,,,155,Miniprotein,113.7615509325368,0.0417989858521321,2721.634236174513,1409.1785975926352,0.47104623913764954,0.6400926875959062,41.0,-2.322284003758104,-0.020413610615552098,3.0,94.0,66.90618415509425,0.024583091756347302,-288.45066355488444,,25845.741435955984,28567.37567213047,,,,0.0,0.0,,,,,,15.064478339906897,-0.8532682213103957
mellow-goat-snow,False,,,156,Peptide,138.35885699034574,0.06673652701372906,2073.210326960564,1259.4506563024343,0.608104795217514,0.5860779205472897,34.0,-3.84500643953455,-0.027790099767901685,4.0,72.0,155.8403022763336,0.07516859252037573,232.43657140242863,,23129.197146142647,25202.4074731032,,,,0.0,0.0,,,,,,16.399686784237563,-1.8546147438747964
brisk-goat-bronze,False,,,157,Peptide,328.1603173879196,0.25863249775412256,1268.8286284111748,746.1905285752869,0.4968710392713547,0.34513106611815686,9.0,-0.9376413534598103,-0.0028572661098185763,1.0,56.0,298.8039769980284,0.2354959293219844,645.9441884286772,,23220.879617544713,24489.708245955906,,,,0.0,0.0,,,,,,7.093156473991122,-0.7389818707305834
violet-orca-pine,False,,,158,Peptide,18.286616965789307,0.01171101242578432,1561.4889901002389,1085.9277492626213,0.5695858001708984,0.4959803308024286,4.0,-1.7880578853280298,-0.09777958868352399,2.0,55.0,-14.579198334218782,-0.009336728229689843,-225.53705134392555,,23122.576631354746,24684.065621455004,,,,0.0,0.0,,,,,,2.5616575111062563,-1.1450979780608292
violet-cat-ruby,False,,,159,Peptide,12.275062834127219,0.005605289761943106,2189.906919258354,1187.377323626423,0.5701416432857513,0.6324925751938623,23.0,-4.640452599025729,-0.37803900979832944,8.0,87.0,6.521551775276331,0.002978004095938907,40.559091285068625,,24482.800054365067,26672.70697362344,,,,0.0,0.0,,,,,,10.502729498562118,-2.1190181912376858
rough-owl-iron,False,,,155,Miniprotein,68.92170744075298,0.02684680419163781,2567.2220406114698,1246.417716515413,0.46445325016975403,0.6474315323450194,16.0,-4.3850866604851655,-0.06362417333109033,8.0,90.0,40.97355112394525,0.015960267743021568,-214.81863798832637,,25626.459346961088,28193.68138757259,,,,0.0,0.0,,,,,,6.232417666603184,-1.7081057232746064
calm-bear-orchid,False,,,160,Affibody,-2.9322029283327993,-0.0022896086642849945,1280.6568100791478,757.4724842435376,0.5189934968948364,0.707085479081847,19.0,-1.9638883694634706,0.6697655030922789,2.0,56.0,0.06464932890704378,5.04813845506731e-05,856.8110798514506,,26123.70172711352,27404.358537192704,,,,0.0,0.0,,,,,,14.836137090330823,-1.5335008989192798
quiet-crane-wave,False,,,160,Affibody,69.60956165234005,0.050640616254426604,1374.5796714362718,735.8153373881081,0.5388477444648743,0.6229749258530698,12.0,0.0,0.0,0.0,50.0,57.86563328466975,0.04209696570312804,184.6907665779568,,26294.253711429476,27668.833382865752,,,,0.0,0.0,,,,,,8.729941413626051,0.0
noble-zebra-crystal,False,,,160,Miniprotein,335.62887037624944,0.12766376429019344,2629.0065332346694,1495.723579864672,0.5653614401817322,0.6153199551769588,21.0,-0.2226672897920728,-0.0006634330638554916,2.0,96.0,-4.327512642096239,-0.001646063860013222,524.439107166411,,25037.114212365635,27666.12074560033,,,,0.0,0.0,,,,,,7.987808221291136,-0.08469636228636832
rapid-owl-lava,False,,,161,Peptide,31.281575069516578,0.01759884943972499,1777.4784184985563,919.050148443191,0.6245279312133789,0.5402702887008444,19.0,-3.0489213470274845,-0.097467002229009,3.0,60.0,22.25506119049189,0.012520580255084525,220.34775896576824,,23017.161699958408,24794.64011845694,,,,0.0,0.0,,,,,,10.689299966887576,-1.7153070975696691
dark-ibis-ash,False,,,162,Peptide,199.98694490281986,0.12532461459237063,1595.7515253750835,853.2907886823646,0.4765601009130478,0.700401992644135,29.0,-1.3087669240918862,-0.006544261800328309,4.0,66.0,145.16673183383384,0.09097076175422249,150.23492560889224,,22502.757202504312,24098.5087278794,,,,0.0,0.0,,,,,,18.173255383969323,-0.8201570879177188
steady-kiwi-marble,False,,,163,Miniprotein,1.3749764891490202,0.0009668773839009888,1422.0794818899415,857.2988403468333,0.5613298416137695,0.7018840527783324,9.0,-2.057075602950328,-1.4960805651473084,2.0,58.0,-9.597674501671175,-0.006749042246862237,-172.5700317802418,,23573.30958619833,24995.389068088272,,,,0.0,0.0,,,,,,6.328760181561029,-1.4465264629347425
rough-jaguar-fern,False,,,164,Miniprotein,380.9558823887934,0.18570757274928343,2051.3750556801856,1174.1596349203141,0.45949888229370117,0.6825104930191933,32.0,-1.4095212093607579,-0.0036999591672461384,3.0,54.0,341.65072216935687,0.16654717586788334,628.9212950549489,,22737.403758456356,24788.778814136527,,,,0.0,0.0,,,,,,15.599292733619395,-0.6871104362207404
quiet-lion-clay,False,,,165,Other,56.44929515145168,0.017941163531819185,3146.3564250633567,1713.640883440705,0.5794052481651306,0.6626085154685485,37.0,-4.084615809542614,-0.07235902235065501,8.0,112.0,15.671010775557647,0.004980685166729668,2512.009566989152,,28594.878322258908,31741.23474732228,,,,0.0,0.0,,,,,,11.75963400244934,-1.298205052995661
hollow-jaguar-bronze,False,,,166,Other,15.476409365902327,0.005516644019618218,2805.4029425979493,1416.9817707528305,0.6145170331001282,0.5505752188041273,24.0,-5.293505520453403,-0.34203705751775154,8.0,97.0,-7.980936992962432,-0.0028448451635156797,2237.0665221681766,,29096.725276586127,31902.12821918408,,,,0.0,0.0,,,,,,8.55492080498595,-1.8868966878431164
quiet-mole-onyx,False,,,167,Other,143.8404041082374,0.03468417159417274,4147.148324349887,2100.995751455785,0.5919148921966553,0.6790052707001929,40.0,-11.198822643810146,-0.07785588974974811,15.0,159.0,14.843903671891356,0.003579303779596142,1570.4825843953001,,28214.683337826697,32361.831662176624,,,,0.0,0.0,,,,,,9.645181910938875,-2.7003670396972574
crimson-vole-birch,False,,,168,Other,60.42814386544751,0.018608910800618383,3247.269252504529,1671.939677323671,0.5890206694602966,0.58168379388471,45.0,-5.140935179401972,-0.08507517938742334,8.0,112.0,21.378619712018104,0.006583568546257556,1850.775640557689,,27869.054405305054,31116.323657809615,,,,0.0,0.0,,,,,,13.857797583398034,-1.5831564245671685
rough-ibis-orchid,False,,,169,Other,127.60167370050976,0.036339511405260844,3511.375600994926,1779.672266340238,0.577794998884201,0.5735595689079896,42.0,-5.3047259834031735,-0.04157254234653492,8.0,114.0,74.07751657723549,0.021096437691327036,1911.5670030685035,,28254.145007260806,31765.520608255807,,,,0.0,0.0,,,,,,11.961124292171867,-1.5107258767475953
hollow-quail-frost,False,,,170,Other,423.38572554752136,0.13057033470535678,3242.587426178601,1709.4378048071083,0.5428419411182404,0.4734494861792732,37.0,-6.867009948880417,-0.016219276027787704,8.0,115.0,373.4548493572276,0.11517186748526477,1470.3400516440363,,28875.1540680433,32117.74149422195,,,,0.0,0.0,,,,,,11.410640681970635,-2.1177562996268104
strong-vole-snow,False,,,171,Other,44.397044054120215,0.013629160082833467,3257.5040416496586,1776.673115824667,0.5615677833557129,0.4993433538962737,23.0,-5.283072747195066,-0.1189960471412235,9.0,111.0,21.1855463346483,0.006503613215448095,2437.213073134505,,28593.243018562887,31850.747060212587,,,,0.0,0.0,,,,,,7.060620556698492,-1.6218161757121328
mellow-raven-ivy,False,,,172,Other,108.5608123444141,0.03241049627737883,3349.5572364988748,1722.101316569124,0.5925184190273285,0.5354843730947565,39.0,-8.325457440042783,-0.07668934360614299,9.0,115.0,25.84920799760073,0.007717201460518889,883.8207751048237,,29897.635771234865,33247.19300773376,,,,0.0,0.0,,,,,,11.643329922842206,-2.4855396854615233
strong-swan-cypress,False,,,173,Other,118.4588916855754,0.037218624076836945,3182.7853560900016,1740.061320834525,0.5690238773822784,0.6859839410790404,40.0,-5.244742917685259,-0.04427479307848282,9.0,116.0,71.09238035855735,0.022336529927325398,-61.5330325535071,,27133.14848920724,30315.93384529728,,,,0.0,0.0,,,,,,12.567608407354031,-1.6478468796677943
hollow-ibis-jade,False,,,174,Other,64.65048871518779,0.02015516488636483,3207.6387903392692,1618.0743097791476,0.5881089866161346,0.6306838659432954,42.0,-3.557794594852269,-0.05503120959418929,8.0,119.0,30.760978932048726,0.009589913622660476,190.55582518393433,,25749.034324534812,28956.67311487404,,,,0.0,0.0,,,,,,13.09374363675085,-1.1091631032669873
crimson-shark-onyx,False,,,175,Miniprotein,464.67449213229037,0.12047204435572396,3857.114690942093,2367.741076560293,0.4392628073692322,0.44879575106174696,26.0,-2.7211185820865533,-0.005855967194583742,4.0,132.0,348.3744529816974,0.09031996217271092,531.938674777557,,25448.31249647029,29305.42718741242,,,,0.0,0.0,,,,,,6.740789964337189,-0.705480339611557
soft-shark-granite,False,,,176,Miniprotein,77.36782833389312,0.018270890382870195,4234.485934326935,2514.3319009968077,0.5419667959213257,0.5497504156198456,26.0,-3.4491087416082884,-0.04458065860040834,4.0,141.0,10.365857241600832,0.002447961193487461,-54.50829578497179,,25527.956772674796,29762.442707001705,,,,0.0,0.0,,,,,,6.140060541760344,-0.8145283264842202
solid-otter-cypress,False,,,177,Miniprotein,159.29435771872917,0.026531891476379067,6003.882454462264,4083.1420431029355,0.49477484822273254,0.39643539414837947,24.0,-2.8014655441031713,-0.01758672174095333,4.0,177.0,74.57827708650396,0.012421675083108126,146.24063595467268,,25747.07576259037,31750.958217052696,,,,0.0,0.0,,,,,,3.9974133707701895,-0.4666089926562501
dark-zebra-crystal,False,,,178,Miniprotein,198.6401831691628,0.05462395384335705,3636.503204048455,2299.4730425887997,0.5204480290412903,0.5039618331389724,22.0,-0.9980208544349848,-0.0050242646704824374,2.0,135.0,72.66168325047495,0.019981195993332822,381.1065906945881,,25508.553179435552,29145.056383484018,,,,0.0,0.0,,,,,,6.049767803176357,-0.27444520145724216
hollow-mole-cedar,False,,,179,Peptide,356.46144101607194,0.06255763244822926,5698.128702537908,3673.2555484640075,0.5160793364048004,0.4720003658047961,44.0,-2.71958464289313,-0.007629393617276296,5.0,195.0,197.98745093532966,0.03474604756595747,253.10880796336474,,26028.180563040612,31726.30926557852,,,,0.0,0.0,,,,,,7.721833306503361,-0.47727680171243686
rapid-tiger-vine,False,,,180,Miniprotein,32.06325341887225,0.006590908286310244,4864.770078119546,3140.961115896233,0.56257364153862,0.3922338128716894,30.0,-2.063043046765982,-0.06434291055291622,4.0,150.0,-0.405473635068772,-8.334898228643642e-05,368.41565753139037,,24995.428745239886,29860.198823359427,,,,0.0,0.0,,,,,,6.166786819983968,-0.4240782223285343
golden-boar-ash,False,,,181,Peptide,101.86327088177899,0.036762729759216524,2770.829901613646,1736.847316409525,0.4575117975473404,0.588704680746973,31.0,-0.7325595208775806,-0.007191596289184336,1.0,120.0,40.03651810619022,0.014449287588124476,-66.44974684954443,,25228.278876456483,27999.108778070145,,,,0.0,0.0,,,,,,11.187983781301968,-0.2643827109166681
calm-boar-vine,False,,,182,Miniprotein,306.67383926075956,0.06151344980629507,4985.476188158376,3219.752438059699,0.49112339317798615,0.6394876792169152,40.0,-5.15326059171876,-0.016803717604803682,7.0,176.0,229.92861734682543,0.04611969020992567,386.31137490430916,,26316.046947424504,31301.52313558291,,,,0.0,0.0,,,,,,8.023305796747955,-1.0336546394422481
crimson-owl-cedar,False,,,183,Other,60.463647235730036,0.025233318155407653,2396.18296980781,1211.6980058177921,0.4068922847509384,0.6339581312622564,24.0,-7.943275124456753,-0.13137274193017587,10.0,80.0,33.35710988249529,0.013920936048206182,-425.41178580292126,,27436.714304138266,29832.89727394606,,,,0.0,0.0,,,,,,10.015929627412785,-3.3149701940723904
gentle-bear-reed,False,,,184,Other,41.61220835725166,0.015139546284002768,2748.5769769217777,1400.0839118140414,0.49453844130039215,0.6658762319651524,20.0,-6.191942549151092,-0.1488011041373159,7.0,98.0,-1.776301020674131,-0.0006462620605457699,-47.91933311346153,,25791.560629237978,28540.137606159795,,,,0.0,0.0,,,,,,7.276492587956792,-2.25278120319761
golden-owl-willow,False,,,142,Other,23.49432550376747,0.009020047413986921,2604.678714585916,1271.8192772340324,0.5220380425453186,0.5401929647065812,24.0,-4.4374168605152775,-0.18887185587871883,5.0,103.0,-0.5309203552869484,-0.00020383333741465017,-350.7798927743103,,26276.43149509081,28881.110209676746,,,,0.0,0.0,,,,,,9.214188247326867,-1.703633095193748
green-orca-pearl,False,,,185,Other,116.2744665155574,0.04697787393201162,2475.0900111791943,1448.6627313534077,0.3894655853509903,0.5958561460743347,23.0,-2.93959359129697,-0.025281505728548367,4.0,97.0,72.533751599344,0.0293055005158326,249.15198612296652,,26152.570364998686,28627.660376177875,,,,0.0,0.0,,,,,,9.292591338543776,-1.1876713889271746
misty-lion-granite,False,,,186,Other,4.65669464999138,0.0014436692478246055,3225.5966226393784,1661.089415271119,0.46264907717704773,0.6120022400983411,22.0,-6.663019970235739,-1.4308475154685252,6.0,125.0,-28.77952940980677,-0.008922234481463965,-322.1119360975481,,26164.320068906556,29389.916691545935,,,,0.0,0.0,,,,,,6.820443649273872,-2.065670556408152
young-gecko-topaz,False,,,187,Other,277.6634080570805,0.09362391997207364,2965.7314940444985,1582.8069147622498,0.43109455704689026,0.5569227285008383,42.0,-2.684726482972725,-0.009668996364190753,5.0,125.0,244.78807132211114,0.08253885148189288,557.286620428431,,26968.247679326636,29933.979173371175,,,,0.0,0.0,,,,,,14.161767538410144,-0.905249341811266
green-raven-quartz,True,Strong,2.38979517695006e-08,188,Other,102.40590540388607,0.030972363697197015,3306.363905740709,1717.8972295230715,0.5851670503616333,0.5665412557519276,38.0,-10.41269935328169,-0.10168065320270633,9.0,139.0,42.249555081068806,0.012778253176461482,-91.77995444779069,,26955.171090794265,30261.534996535014,,,,0.0,0.0,,,,,,11.492987790612553,-3.149290171962781
shy-moth-ash,False,,,189,Other,37.57671998779978,0.009719694677402546,3866.0391334269398,1727.1690545852155,0.4955483675003052,0.6028145613763926,43.0,-9.88954583212114,-0.26318278538765566,14.0,148.0,-13.997029105724124,-0.0036205089039843368,-174.39534221553316,,26609.049494488278,30475.0886279152,,,,0.0,0.0,,,,,,11.122494759095694,-2.5580563183163734
violet-boar-stone,False,,,190,Other,66.78317869691037,0.020363611987183075,3279.5350225168268,1619.926763462119,0.5421708524227142,0.5790994902520248,43.0,-5.320553238800725,-0.07966906251868591,10.0,129.0,8.028805680668341,0.002448153663718695,-89.6283566435807,,26120.638837173672,29400.173859690538,,,,0.0,0.0,,,,,,13.11161481879841,-1.62234987651315
bright-zebra-crystal,False,,,191,Other,49.68977425999509,0.015165297410999964,3276.544660703668,1655.6455781937705,0.5345324575901031,0.5125778780608893,54.0,-5.994827483346739,-0.1206450939378313,8.0,128.0,18.446436184702044,0.005629844270378571,390.9410120001159,,25836.080704994398,29112.625365698084,,,,0.0,0.0,,,,,,16.48077642512677,-1.8296187307452405
frozen-crane-flint,False,,,3,Nanobody,115.83276663931208,0.04441706736054994,2607.8436403523497,1405.653668579157,0.5277999937534332,0.6093635210626128,28.0,-0.17697768671161454,-0.0015278723960958271,2.0,89.0,99.13448555038536,0.038013968328634594,32.00688139315308,,27339.448889039017,29947.292529391394,,,,0.0,0.0,,,,,,10.736840033943476,-0.06786361113571318
silver-deer-pearl,False,,,3,Nanobody,72.09188490614423,0.021288123634661076,3386.4837570167556,1737.5862655437625,0.5122556388378143,0.5578075417273813,34.0,-7.284140865343717,-0.10103967838858527,10.0,119.0,20.35131464275651,0.0060095710190810215,567.8358363005996,,24758.24409270454,28144.727849721334,,,,0.0,0.0,,,,,,10.039912321903918,-2.1509451655425957
pale-crow-ash,False,,,3,Nanobody,65.58154190365963,0.032859944517170725,1995.789794148632,1148.13317651631,0.4632510244846344,0.5932697200788201,27.0,-2.080280699021368,-0.03172052133323329,3.0,87.0,22.87592450147481,0.011462091132314497,-415.8171554453844,,28100.129684055686,30095.919478204305,,,,0.0,0.0,,,,,,13.528478840386953,-1.0423345710657763
rough-otter-wave,False,,,3,Nanobody,106.19531876861441,0.04367629458263879,2431.4177698312983,1301.0749205490206,0.48848575353622437,0.6073333368667175,37.0,-5.33122562145156,-0.050202077485803284,5.0,92.0,73.19895034733997,0.030105459973017643,223.04584747676066,,27525.040375519322,29956.45814535056,,,,0.0,0.0,,,,,,15.217458907757843,-2.1926407249304027
crimson-ram-pearl,False,,,192,Other,136.29963488457656,0.04623272748810398,2948.120136750475,1749.0718817431741,0.6112825274467468,0.6420889410411919,34.0,-5.1067082667170975,-0.037466778770476106,9.0,116.0,110.3695206790007,0.03743725342232966,-162.1893341544208,,26476.056514740052,29424.176651490518,,,,0.0,0.0,,,,,,11.532772893534805,-1.7321913727525016
green-cat-clay,False,,,3,Nanobody,90.40438979751774,0.03918089976608806,2307.3586961309334,1093.3743245070666,0.4815828800201416,0.5777806140278713,24.0,-1.989868960386964,-0.022010755947180792,4.0,103.0,64.25174935118743,0.027846450341217948,-20.570639228983865,,27983.66100848702,30291.019704617975,,,,0.0,0.0,,,,,,10.401503693484724,-0.8624012225423172
soft-yak-oak,False,,,193,Miniprotein,15.264355422367515,0.00630311052672869,2421.717873681283,1248.106768595304,0.5795203745365143,0.6634934312273587,14.0,-6.513294275575895,-0.4266995949289601,10.0,95.0,-1.735278616972571,-0.0007165486268368464,-204.56498699130864,,25573.576367074886,27995.29424075617,,,,0.0,0.0,,,,,,5.781020222111351,-2.6895347085475962
vast-mole-orchid,False,,,194,Other,91.68792054855385,0.03251770879474897,2819.6304089960922,1399.8894200792174,0.5468867421150208,0.636334116154849,23.0,-8.249337036812491,-0.08997190674036509,9.0,106.0,64.29697311288635,0.022803333694992597,273.63798402340586,,25112.11473369286,27931.745142688997,,,,0.0,0.0,,,,,,8.157097443203194,-2.925680263091504
rough-jaguar-birch,False,,,195,Other,127.48074213517035,0.049262659079483094,2587.776310034054,1094.1873299007216,0.4946402907371521,0.6293919847234202,21.0,-6.4296191303176595,-0.050436003294522774,7.0,91.0,86.35914106771257,0.0333719497828528,-201.1290229161855,,25559.095727093918,28146.872037128007,,,,0.0,0.0,,,,,,8.115075448589932,-2.4846116356297614
silent-otter-jade,False,,,196,Other,72.53495150364375,0.0269742824323919,2689.041003609446,1440.8748627914988,0.5663090646266937,0.5091126086302722,17.0,-5.1701669279587446,-0.07127828475488847,9.0,97.0,41.06439822158547,0.01527101973025534,528.0969050651139,,25606.960978464955,28296.001982074376,,,,0.0,0.0,,,,,,6.321956406459121,-1.9226805842748151
silent-panther-ruby,False,,,197,Other,84.16949184442328,0.03165983777137224,2658.5572690625663,1317.663732097904,0.5614836812019348,0.5172893063897712,16.0,-3.5028450918570933,-0.04161656456631177,6.0,92.0,59.81120494800211,0.022497617653010775,-18.834036410963936,,26760.071911578107,29418.62918064071,,,,0.0,0.0,,,,,,6.018301800826642,-1.317573682771269
bright-lynx-ruby,False,,,198,Other,58.61580600969761,0.022556212222524664,2598.654660252034,1220.4823332702874,0.4864716976881027,0.6056924484566487,36.0,-3.00321144259072,-0.05123552241342306,5.0,92.0,28.738697061264972,0.011059067409317756,-55.087964324992114,,27224.74625396288,29823.400914214944,,,,0.0,0.0,,,,,,13.853322086478585,-1.1556793168890895
frozen-gecko-leaf,True,Medium,1.55172254070767e-07,199,Other,9.291699050636737,0.0033475558755178512,2775.666604578887,1353.632702931989,0.5546485185623169,0.689161939115467,18.0,-6.702505579372278,-0.7213433778737132,10.0,95.0,-11.328393243087627,-0.00408132346456873,167.72255822708672,,25613.673406169786,28389.340010748718,,,,0.0,0.0,,,,,,6.4849286907535095,-2.414737262867042
brisk-fox-clay,False,,,200,Other,14.044918190730577,0.005572850851510817,2520.2393828506924,1262.383879914393,0.4532880187034607,0.6781001301347995,33.0,-6.0571681598916225,-0.4312711599765143,7.0,98.0,-9.064288628343746,-0.0035965982795217455,37.185115599047364,,25944.46914220171,28464.70852505241,,,,0.0,0.0,,,,,,13.093994254892188,-2.4034098511071758
swift-quail-cedar,False,,,201,Other,189.81674568043744,0.057976938846260526,3274.0042757997476,1634.4835385835288,0.5399552583694458,0.6017371373487607,40.0,-8.135358880110372,-0.04285901568350829,10.0,119.0,97.51700410248037,0.029785240301392,351.43426664759045,,26229.258689525865,29503.26296532565,,,,0.0,0.0,,,,,,12.217455027675282,-2.4848345312936804
shy-vole-flint,False,,,202,Other,247.99883491655396,0.06609980267989343,3751.8846480912644,1966.5255715707442,0.5355296432971954,0.560905539270656,54.0,-4.808920385616674,-0.01939089910335574,6.0,143.0,197.9411788098335,0.052757799712881415,1162.2841762909584,,25701.783017938564,29453.667666029884,,,,0.0,0.0,,,,,,14.392766586646525,-1.2817346045175368
vast-ant-jade,False,,,3,Nanobody,135.75858019272482,0.04825181158839655,2813.5436934635554,1344.018436513585,0.5698603689670563,0.59116826436995,40.0,-3.3816897834482633,-0.024909584194586953,6.0,106.0,99.0257534794875,0.035196095837979995,441.82106427824345,,27674.33583197813,30487.879525441676,,,,0.0,0.0,,,,,,14.216946441218697,-1.2019325633025102
green-zebra-quartz,False,,,202,Other,199.7094311658518,0.05187964454959718,3849.4757028438903,2058.178729198385,0.5401027798652649,0.6435954806779296,62.0,-4.418762283427405,-0.022125956984764404,8.0,145.0,18.708530489630544,0.004860020411561288,182.75293140800218,,26802.040269425946,30651.515972269834,,,,0.0,0.0,,,,,,16.106089448543877,-1.1478867836892543
strong-lion-orchid,False,,,203,Other,49.02905499466459,0.018330307514431255,2674.7535444271484,1380.4130892737223,0.5307903587818146,0.6573454986699752,39.0,-7.786150666303089,-0.15880686803264696,8.0,109.0,-2.9112969524474215,-0.0010884355900801072,304.0101824167839,,24876.901356855942,27551.65490128305,,,,0.0,0.0,,,,,,14.580782622479942,-2.9109787264421207
pale-panda-lava,False,,,204,Other,132.10200693475906,0.04245031063894761,3111.920853967961,1541.9279448913603,0.6163973808288574,0.650611339912085,42.0,-5.081206699713512,-0.03846426574142024,9.0,122.0,86.0933567279032,0.027665663995961504,482.3394052703576,,26376.219624605023,29488.140478572972,,,,0.0,0.0,,,,,,13.496487208678994,-1.6328200292223196
vast-wolf-jade,False,,,205,Other,655.5977170563696,0.18931193574717647,3463.0553771945547,2058.321357504859,0.5072372257709503,0.7113024606086323,50.0,-2.6331864738501465,-0.004016466813937578,4.0,131.0,411.57985628555133,0.11884876545606239,1523.114060025605,,25967.360896184982,29430.41627337958,,,,0.0,0.0,,,,,,14.438117371517562,-0.7603651074108175
quiet-dove-sand,False,,,1,Other,113.67883582977123,0.034876252091761,3259.491172694734,1721.226635118214,0.5027541965246201,0.6007707791548229,31.0,-6.648037885131391,-0.05848087585174182,9.0,109.0,63.912521773549116,0.01960812850452067,448.4332381876895,,27011.303183373042,30270.7943560678,,,,0.0,0.0,,,,,,9.510686900977623,-2.039593768752326
mellow-cat-ice,False,,,1,Other,93.87941559542878,0.031039109337797785,3024.552495168004,1544.0343323449695,0.5985350906848907,0.6437509778685623,34.0,-3.6790861190820676,-0.03918948680866321,5.0,110.0,61.038010518198675,0.020180840179071916,1077.9524571168347,,27806.895496893543,30831.447992061603,,,,0.0,0.0,,,,,,11.241332413412588,-1.2164067659462814
radiant-gecko-cedar,False,,,206,Other,994.0819795566473,0.15075771906378954,6593.9043501714505,4369.108516362259,0.5709137618541718,0.5037873590928534,80.0,-8.451370950611137,-0.008501684090863796,11.0,229.0,768.8122564012948,0.11659439014781958,1159.44030448179,,26529.69112648635,33123.59547665779,,,,0.0,0.0,,,,,,12.132417419418571,-1.2816945017395331
azure-bear-lava,False,,,207,Miniprotein,0.6767326611003028,0.00032336430684529454,2092.787134431842,1149.7201384704877,0.5921768546104431,0.6101842031742648,28.0,-1.1185081875880072,-1.6528065687998854,3.0,83.0,-19.875498890655226,-0.009497143098622454,-81.66225202609237,,23210.241114351087,25303.02824878294,,,,0.0,0.0,,,,,,13.379287142646522,-0.5344586504693246
crimson-crow-bronze,False,,,208,Miniprotein,190.26419095468128,0.09217076951491543,2064.257377431269,1125.6538166857947,0.443345308303833,0.49879619445670237,23.0,-2.616793102198606,-0.013753471365622844,3.0,84.0,135.5997912011131,0.06568938189764469,192.70897171999792,,24437.537655171192,26501.79503260244,,,,0.0,0.0,,,,,,11.14202146082232,-1.2676680392708124
crimson-hawk-ice,False,,,209,Miniprotein,10.037879623836034,0.00745353796870392,1346.7268384468296,895.2748234654284,0.5211654007434845,0.5118990382858452,16.0,-0.23417645590960598,-0.02332927517416413,1.0,63.0,0.08942777841303595,6.640379909274874e-05,432.3148386673494,,23366.425005273304,24713.151843720174,,,,0.0,0.0,,,,,,11.88065726710599,-0.17388563829297413
green-panda-granite,False,,,210,scFv,96.91965095446906,0.033529548551512384,2890.5742886925154,1345.7495781780156,0.5925277173519135,0.6319667115273419,38.0,-5.439278061626816,-0.05612151930037472,8.0,110.0,46.135356072193936,0.01596061940101951,-161.46746728706367,,31349.32260743362,34239.89689612612,,,,0.0,0.0,,,,,,13.146176574201945,-1.8817292061665531
azure-deer-ruby,False,,,78,scFv,359.64393016358696,0.10100289768005753,3560.7288347589324,1699.2753576202201,0.5049246996641159,0.6177427653677635,69.0,-6.441586083204954,-0.017911010149051998,7.0,140.0,295.43585783048735,0.0829706140345531,376.8137243555361,,29895.162104450425,33455.89093920932,,,,0.0,0.0,,,,,,19.378055224660603,-1.8090639254311711
quiet-quail-ember,False,,,78,scFv,1105.3842967030478,0.3214873042009783,3438.345098729046,1591.3445845278352,0.4675034284591675,0.5971465527261258,79.0,-4.402557142118063,-0.003982829460531746,6.0,138.0,970.5172156675413,0.28226288746475287,1058.1509335101528,,30054.030241949207,33492.37534067823,,,,0.0,0.0,,,,,,22.976169561688746,-1.2804291063585878
small-fox-willow,False,,,210,scFv,196.91331540685465,0.0646157933022128,3047.4487016800467,1496.3341115510573,0.49800360202789307,0.5877304141005667,37.0,-5.205837027323515,-0.026437201651739073,6.0,126.0,129.4107272018435,0.04246526844914563,-246.44399722717432,,31209.874360670936,34257.32306235106,,,,0.0,0.0,,,,,,12.141303635267771,-1.7082607574176907
green-ram-onyx,False,,,210,scFv,985.5866067119625,0.5362279598053876,1837.9992849862956,1010.3428141315972,0.5897278785705566,0.5904598409264271,28.0,-1.6246669332102868,-0.0016484263505065014,2.0,81.0,716.7715478084284,0.3899737903400614,952.6844443995213,,32114.577305372277,33952.576590358534,,,,0.0,0.0,,,,,,15.233955871864646,-0.883932298821542
pale-fox-reed,False,,,210,scFv,303.7919711867527,0.12124398254326015,2505.62514373329,1232.8276598741365,0.5268925726413727,0.6148341392362551,62.0,-1.441187571247162,-0.004743994930534909,3.0,92.0,238.6155716677041,0.0952319513014527,187.35797066367383,,32437.48352486676,34943.10866860004,,,,0.0,0.0,,,,,,24.74432384870718,-0.5751808385430891
rapid-otter-cypress,False,,,78,scFv,778.7716519781416,0.24309409427899317,3203.58112478193,1775.251952392409,0.5605235993862152,0.6177267206105076,61.0,-3.275698226045957,-0.00420623711421111,7.0,144.0,375.5741558755068,0.1172357250360165,1473.4688383283199,,30196.497854018653,33400.07897880062,,,,0.0,0.0,,,,,,19.04119097472592,-1.0225114016018357
rough-otter-sand,False,,,78,scFv,256.67680946114376,0.1099001347445122,2335.545903176982,1312.2141625835898,0.4618958383798599,0.5762353751196636,31.0,-0.6559007359727836,-0.002555356431887062,3.0,94.0,112.02451719567964,0.0479650248120988,722.2575174226538,,31976.13746330935,34311.683366486315,,,,0.0,0.0,,,,,,13.273128118711567,-0.28083401618464404
frozen-fox-birch,False,,,78,scFv,336.36155623292814,0.08100900275913067,4152.150313873803,2133.984956564524,0.47574037313461304,0.6056191085386812,57.0,-6.8102448851468536,-0.02024679919256529,8.0,163.0,298.77371583095646,0.07195638241531088,506.54446728827094,,30426.683131206173,34578.83344507994,,,,0.0,0.0,,,,,,13.727826714158889,-1.640173011654086
azure-crane-dust,False,,,211,Other,421.04128266257055,0.061866064801089,6805.690389655415,4302.280852201814,0.5527410507202148,0.6124625683108248,69.0,-10.930451948559437,-0.025960523109367598,14.0,228.0,343.00267496814166,0.05039939452571961,621.0703180578488,,26862.107373579238,33667.79776323454,,,,0.0,0.0,,,,,,10.138574641138444,-1.6060754049543042
bright-falcon-maple,False,,,212,Miniprotein,36.15731757109748,0.013501646826893126,2677.993139257492,1385.0473030176554,0.5870262682437897,0.6674429793450802,43.0,-5.58522545948888,-0.15447012761680795,6.0,94.0,-13.441859099541642,-0.005019377720761663,-163.18078468095285,,24901.651995090786,27579.64513434828,,,,0.0,0.0,,,,,,16.056799910967023,-2.085601108387251
lunar-jaguar-moss,False,,,213,Miniprotein,86.82127043013104,0.037416594732969564,2320.39476199657,1353.7652238428375,0.521213948726654,0.545939210431277,29.0,-2.3575527915480152,-0.0271540923078895,3.0,93.0,26.475449493762596,0.01140989021668966,21.791348472231295,,26094.519899590425,28414.914661586987,,,,0.0,0.0,,,,,,12.497873411439318,-1.0160136672259474
shy-ox-leaf,False,,,214,Miniprotein,286.2223906595317,0.12339005636126425,2319.6552388429354,1297.914020675394,0.5765775442123413,0.6610433593371108,25.0,-3.4902078556834693,-0.012194042009226155,6.0,89.0,246.98200550053372,0.10647358338635293,909.5752393774641,,24992.140583714154,27311.795822557084,,,,0.0,0.0,,,,,,10.777463642601571,-1.504623530790039
noble-zebra-lava,False,,,215,Miniprotein,32.727893334149314,0.011334562186763873,2887.4422139011126,1444.6262347006405,0.5409963428974152,0.6158489003304226,37.0,-4.039791836005908,-0.12343574316745472,8.0,113.0,2.98843700833267,0.0010349772521664102,-452.9816004484757,,24648.843535185442,27536.285749086514,,,,0.0,0.0,,,,,,12.814109256237103,-1.3990901070009294
misty-moth-oak,False,,,1,Other,54.20177191575783,0.01667906151192112,3249.6895509988917,1848.9193757229655,0.6635384559631348,0.6920375389289128,44.0,-8.576295186214809,-0.1582290556763415,9.0,112.0,16.204813712682824,0.00498657285822942,907.104144620613,,26576.889010493443,29826.578561492362,,,,0.0,0.0,,,,,,13.539754893348276,-2.6391121525988908
violet-ox-birch,False,,,1,Other,52.58053056414656,0.018749418474282395,2804.38194049957,1530.91545254558,0.4803883731365204,0.5522100646344265,28.0,-4.012327364851843,-0.07630823275845292,6.0,104.0,29.47931075793106,0.010511874410615995,1623.4020794666371,,28037.257634111887,30841.639574611487,,,,0.0,0.0,,,,,,9.98437466581749,-1.4307349890211782
quick-jaguar-birch,False,,,1,Other,24.82724989255371,0.007758876696428745,3199.8510691607194,1707.7783535113313,0.6198363900184631,0.5980165144064489,27.0,-9.350501403021756,-0.37662251934823426,12.0,114.0,-7.604795041170153,-0.002376609059860025,730.6079875261544,,27126.521683476873,30326.372752637595,,,,0.0,0.0,,,,,,8.437892707013317,-2.9221676887212986
brisk-heron-thorn,False,,,1,Other,83.2124283189637,0.02986553624410927,2786.235868621869,1450.8495746070237,0.6326172053813934,0.5818639717158813,32.0,-7.702724595498865,-0.09256699691509246,12.0,101.0,70.18633139046696,0.02519037680222766,1450.7385961143045,,28392.281340445395,31178.517209067264,,,,0.0,0.0,,,,,,11.485029089022486,-2.7645630013760445
jade-panda-willow,False,,,1,Other,56.09669673911924,0.019737586629782856,2842.125422490743,1580.7460377385146,0.6109963357448578,0.5817094099923968,24.0,-4.9583593359677245,-0.08838950640938532,9.0,104.0,36.02402465228863,0.01267502987982789,852.9722751281499,,28347.81442353937,31189.939846030175,,,,0.0,0.0,,,,,,8.444384547592277,-1.7445955399189899
jade-lynx-cypress,False,,,1,Other,21.064975493603015,0.006940481228112254,3035.088605712214,1714.4468997603324,0.6127839386463165,0.5298945654269039,31.0,-4.724120513715089,-0.22426423022185352,7.0,109.0,0.7488578442540579,0.00024673343731865477,2269.5154677535575,,27897.138521569894,30932.227127282164,,,,0.0,0.0,,,,,,10.21386984935339,-1.5565016799918192
gentle-tiger-jade,False,,,1,Other,27.088630624983352,0.009196258062304247,2945.6144489920857,1549.323029044363,0.5509705543518066,0.4923099201619308,37.0,-4.923325980667013,-0.18174879523538257,7.0,103.0,-11.650700109059315,-0.003955269880294716,1219.454189646049,,27526.541172507714,30472.15562149977,,,,0.0,0.0,,,,,,12.561046477980327,-1.6714088234974709
dark-ibis-topaz,False,,,1,Other,57.79377764540641,0.01858134713897808,3110.3114975002236,1672.6257391030642,0.5866873860359192,0.6543592108610582,31.0,-6.568837116900384,-0.11365993683962777,9.0,109.0,-9.268532243546062,-0.002979936977693468,1002.8036248255701,,27587.77414884424,30698.085646344476,,,,0.0,0.0,,,,,,9.966847380050162,-2.111954742211447
rough-gecko-cedar,False,,,216,Other,15.536122357402178,0.005002649827049496,3105.57862223293,1540.3256860959161,0.5410155653953552,0.6045292003123686,38.0,-1.4106555310474727,-0.09079843081792971,2.0,132.0,-6.702147543220729,-0.002158099458580715,714.2630014149046,,27729.989006209948,30835.567628442855,,,,0.0,0.0,,,,,,12.23604507319727,-0.45423275422768167
swift-cobra-fern,False,,,217,Peptide,246.40834594745763,0.06736566559646806,3657.773492857416,2154.0448789297743,0.4613664001226425,0.6146298707911309,38.0,-1.8496183647244695,-0.007506313788246722,4.0,135.0,272.0369984462438,0.0743722920452713,688.6117230622231,,25629.834177658875,29287.607670516285,,,,0.0,0.0,,,,,,10.388833555222355,-0.5056678245211861
jade-vole-lava,False,,,218,Miniprotein,132.69665146961296,0.02531372487732798,5242.083182647749,3067.744057325861,0.5380089581012726,0.5363474280374321,36.0,-4.26226774704196,-0.032120386609891236,8.0,166.0,14.828820104469754,0.0028288028991138203,417.1353206804955,,23396.0515504469,28638.13473309465,,,,0.0,0.0,,,,,,6.867498806422333,-0.8130866295961964
scarlet-bat-pine,False,,,219,Other,122.66611495891254,0.04241018616251135,2892.3738860487188,1331.6176317105787,0.5197337567806244,0.6209779330434841,51.0,-3.522836939026503,-0.028718908560905268,5.0,128.0,72.36351913248662,0.025018729245734773,815.3045589098264,,26669.153987472597,29561.527873521354,,,,0.0,0.0,,,,,,17.63257518192825,-1.2179742584521334
dark-panther-ember,False,,,220,Miniprotein,244.5881753569489,0.059384527109881395,4118.718919902794,2728.260475642446,0.5470882654190063,0.4545720388668271,35.0,-2.9935250060590337,-0.01223904222553,5.0,153.0,32.291154473134824,0.007840096666246146,616.8126885887364,,25320.787990091427,29439.50690999431,,,,0.0,0.0,,,,,,8.497787948303603,-0.7268097348409693
rapid-jaguar-willow,False,,,221,Peptide,285.12764984458136,0.07698613594252812,3703.62333884942,2237.217931629071,0.5289022624492645,0.6255834878187757,59.0,-1.4131171692456748,-0.004956086054845761,2.0,145.0,201.9565024488134,0.05452943886879001,290.923239901182,,24519.27035357355,28222.893692422924,,,,0.0,0.0,,,,,,15.930345664775171,-0.38154991476122363
green-vole-quartz,True,Strong,2.41570350806915e-08,222,Other,19.265575062693642,0.007100520851961736,2713.2622330615277,1304.2087716977496,0.4216904193162918,0.594989003640705,27.0,-4.966149418234259,-0.2577732251476282,7.0,109.0,-14.645695490081408,-0.005397817915135995,1041.0188374398945,,26934.220360135903,29647.482593197437,,,,0.0,0.0,,,,,,9.951120710339291,-1.8303241602381615
jade-yak-topaz,False,,,223,Other,142.90664064830472,0.08471498675303589,1686.9109720209387,654.316210581852,0.4473838657140732,0.5686478384908291,17.0,-1.72430003328194,-0.012065919578401307,3.0,86.0,129.19342080786487,0.07658579673181547,320.63952726502373,,27301.272736047722,28988.183708068656,,,,0.0,0.0,,,,,,10.077591693907715,-1.0221642172474632
crimson-panther-wave,False,,,224,Other,49.40272607076929,0.020213201108962475,2444.082251220677,1082.4417759980465,0.5559313893318176,0.7167953171521873,25.0,-2.738588546388946,-0.05543395606278739,6.0,85.0,26.95576251791207,0.011028991558876235,692.311644005261,,27005.3699637304,29449.452214951085,,,,0.0,0.0,,,,,,10.228788326380569,-1.1204977021625113
radiant-crow-cypress,False,,,225,Other,129.34998952628882,0.041573905917233,3111.3263637966556,1526.2032652476873,0.524904727935791,0.5228867176351301,44.0,-4.584573557866644,-0.035443169146410214,5.0,116.0,55.893800560086824,0.017964621522983316,-265.1062303699107,,25957.64440001454,29068.970763811165,,,,0.0,0.0,,,,,,14.141878689417897,-1.4735109795014336
wild-lion-ice,False,,,226,Miniprotein,222.49678551865327,0.09608033777982347,2315.7369203730755,1358.906925034119,0.5826394259929657,0.6252825541727505,28.0,-7.703369848683492,-0.03462238715371315,9.0,86.0,144.5263297023383,0.062410513228356904,573.9021949678678,,25491.714956458007,27807.451876831045,,,,0.0,0.0,,,,,,12.091183481882336,-3.326530652472581
brisk-deer-lotus,False,,,227,Other,164.82951327657375,0.06396421890237021,2576.9018383255197,1233.2572668517512,0.5038976520299911,0.6151260503286288,25.0,-8.264405479495345,-0.05013911231799965,8.0,95.0,132.71646030892438,0.05150233444482465,319.6434726085702,,26675.931969744255,29252.833808069758,,,,0.0,0.0,,,,,,9.701572496158834,-3.207109155879056
strong-kiwi-wave,False,,,228,Other,3.7356906879107896,0.0011769792993778722,3173.9646482188778,1537.1977768236623,0.5906018912792206,0.7200792117860408,61.0,-6.873099451504426,-1.8398470391959172,10.0,123.0,-16.90747824857619,-0.0053269270841009835,165.70989939957332,,25848.35344917247,29022.318097391355,,,,0.0,0.0,,,,,,19.21886560212041,-2.1654618791552633
noble-crane-quartz,False,,,229,Other,11.696937293183652,0.004033352841047929,2900.0530710188505,1504.021619802468,0.506710484623909,0.6325246312517937,34.0,-2.509904745476433,-0.21457794314577297,4.0,109.0,-13.700444092307222,-0.004724204611708697,-147.88864452059588,,27020.008342690668,29920.061413709547,,,,0.0,0.0,,,,,,11.723923379117705,-0.8654685566132243
wild-shark-thorn,False,,,230,Miniprotein,269.5946632290359,0.09860951756108345,2733.961892289313,1358.1676190770115,0.47310467064380646,0.5442258786552873,45.0,-5.4172561103121515,-0.020094077699564422,4.0,112.0,196.18177826413577,0.07175731996025037,-155.56207912853063,,25784.655780922283,28518.617673211575,,,,0.0,0.0,,,,,,16.459629567959617,-1.9814673077889733
soft-seal-frost,False,,,231,Miniprotein,73.2065741428417,0.023602603084612383,3101.631370082583,1585.7207303129271,0.5866732597351074,0.48526820430844586,33.0,-4.772477084109076,-0.06519191944151013,7.0,116.0,4.74359659737902,0.0015293876129621163,290.3661374121012,,24966.986859749417,28068.618229832016,,,,0.0,0.0,,,,,,10.639562237572209,-1.5386989989019892
pale-wolf-oak,False,,,232,Miniprotein,220.4717299374483,0.06564525961555091,3358.5323788592355,1570.7813712624616,0.5047075152397156,0.6604632517789496,46.0,-8.018019014379087,-0.03636756066936083,8.0,126.0,117.10070434774934,0.034866629568574815,101.51572681711195,,24229.64811366295,27588.180492522188,,,,0.0,0.0,,,,,,13.696458694146768,-2.38735796172449
golden-seal-thorn,False,,,233,Other,59.710141278917945,0.023573128880096026,2532.9747944208716,1272.0242021592744,0.5674074590206146,0.6289397469542893,20.0,-5.433597326687217,-0.09099957243955935,5.0,99.0,31.71793963734705,0.012522011552270066,429.77044358302214,,25330.329293990068,27863.30408841096,,,,0.0,0.0,,,,,,7.8958543306676345,-2.145144649151367
crimson-heron-snow,False,,,234,Other,-24.280216335859492,-0.009968689195661148,2435.647842890659,1269.9094060971795,0.5776296257972717,0.6308023162701963,19.0,-11.649404849677985,0.47978999398258904,11.0,88.0,-36.49709848520593,-0.014984554763011509,0.3888305560732448,,27434.109923828528,29869.757766719194,,,,0.0,0.0,,,,,,7.800799304981031,-4.782877329200562
quick-lion-pearl,False,,,234,Other,-12.968126932778887,-0.005298792918473569,2447.373794806579,1286.676031790256,0.6227525472640991,0.6972944334446224,21.0,-5.629607644133189,0.434111084300348,9.0,94.0,-26.67060613146993,-0.010897643093207085,345.15277706224487,,26285.053181128067,28732.42697593472,,,,0.0,0.0,,,,,,8.580626320573835,-2.3002647393215665
vast-bee-sand,False,,,235,Miniprotein,36.71098892260699,0.01118085188787011,3283.3803086537646,1624.2065745266518,0.44857561588287354,0.5873722297975502,35.0,-7.198425819814669,-0.19608368042032798,9.0,119.0,-18.20256535800725,-0.005543849218450901,150.5725576013021,,25015.2339038335,28298.614212487264,,,,0.0,0.0,,,,,,10.659745965995187,-2.1923825884081434
soft-cat-vine,False,,,236,Other,80.03702848450132,0.02907188888067597,2753.072867504725,1523.9753718500633,0.6076375246047974,0.545245277049855,25.0,-4.382432750897641,-0.05475506567246274,5.0,107.0,-12.511226466715234,-0.004544458889696919,743.9665801737093,,28434.3044628467,31187.377330351446,,,,0.0,0.0,,,,,,9.080762189436344,-1.591833184883952
misty-boar-onyx,False,,,237,Other,58.7812626997634,0.020401217531239003,2881.2624839549717,1566.1417663903947,0.6065471768379211,0.602634984998917,28.0,-3.77515941531761,-0.06422385709201182,6.0,106.0,26.75577976598797,0.009286130616347591,79.266089381112,,27138.35336356034,30019.615847515306,,,,0.0,0.0,,,,,,9.717962232155168,-1.31024487922934
soft-shark-pearl,False,,,238,Other,10.474199803311762,0.003077429627053102,3403.5546129910012,1871.287895510451,0.5728875994682312,0.527596838094795,48.0,-3.078319919747572,-0.29389547436113067,8.0,112.0,-21.785937289440085,-0.006400936599132422,759.3205622061536,,26583.05459939417,29986.60921238517,,,,0.0,0.0,,,,,,14.10290283481545,-0.9044426400557689
rapid-kiwi-ivy,False,,,239,Other,45.42845698655904,0.01615137920738657,2812.6673520105996,1487.1991901154402,0.6095181405544281,0.6295724560192144,21.0,-4.947180217998794,-0.10890046781607661,7.0,113.0,15.488356147981646,0.005506643413381249,273.0631248937968,,27535.158483586318,30347.825835596897,,,,0.0,0.0,,,,,,7.466222404504541,-1.75889275155925
quick-falcon-jade,False,,,240,Other,80.68985963717074,0.026842019402533362,3006.102425719698,1476.7800011170739,0.6164959669113159,0.5559537058002184,48.0,-4.078602533211989,-0.050546655447807134,5.0,107.0,33.513346582147115,0.011148438022408237,451.4798514262943,,26891.515907736677,29897.618333456383,,,,0.0,0.0,,,,,,15.967519798833269,-1.3567743062632078
soft-lynx-oak,True,Strong,6.02122031238106e-08,241,Other,213.40657960930747,0.06956368157643991,3067.787310463235,1585.5753172366694,0.6131168305873871,0.5125354035007442,31.0,-5.577455913593301,-0.026135351233332108,10.0,105.0,175.40674364799395,0.057176957167055883,216.6704795554319,,27038.620200282054,30106.407510745314,,,,0.0,0.0,,,,,,10.105003007955924,-1.818071251083931
crimson-orca-marble,False,,,242,Other,311.7860010896886,0.09677725245323138,3221.6868446473254,1781.183162967104,0.6063656508922577,0.6665356001746754,28.0,-4.7846853197626045,-0.015346055637649484,6.0,121.0,244.610146316228,0.07592610893347246,1549.789819832031,,26889.854075036073,30111.54091968343,,,,0.0,0.0,,,,,,8.691099212985467,-1.4851491006061388
quick-otter-wave,False,,,243,Miniprotein,112.09202511276891,0.03933476753748413,2849.6933407818065,1520.5859812277847,0.5044410228729248,0.5105297329108573,40.0,-5.745430684638575,-0.05125637331343108,7.0,102.0,43.131731472905635,0.015135569450807134,526.4575790809789,,24899.90881453302,27749.602155314886,,,,0.0,0.0,,,,,,14.036598053398299,-2.016157529098317
brisk-moth-jade,False,,,243,Miniprotein,221.30840177561646,0.0690856447519224,3203.392000904186,1753.2215765727153,0.4374098479747772,0.6021629920640915,39.0,-0.8362395398577185,-0.0037786163252201232,1.0,111.0,23.816426406443192,0.0074347524123556516,448.8014123926516,,24911.53175323793,28114.923754142103,,,,0.0,0.0,,,,,,12.174594925938475,-0.2610481450979719
strong-gecko-reed,False,,,1,Other,535.4869831098158,0.14114772449209917,3793.805284758877,1742.6393195230805,0.5370965301990509,0.5820705714486827,69.0,-3.3788916511517972,-0.006309941712362531,5.0,129.0,461.0695871467073,0.12153222227798428,3917.5897209090376,,26678.469127728287,30472.274412487244,,,,0.0,0.0,,,,,,18.187543856612407,-0.8906339143777511
young-tiger-granite,False,,,1,Other,184.3643018478308,0.06540321083516762,2818.88762789452,1428.6193159243717,0.4108358323574066,0.5793990419332977,40.0,-2.3997786061291695,-0.013016503640221416,4.0,105.0,77.99150679897934,0.027667476357414313,1966.7053028495104,,28142.662349514267,30961.54997740876,,,,0.0,0.0,,,,,,14.18999452272482,-0.851321131918128
noble-tiger-stone,False,,,1,Other,518.7534539166641,0.15379988116487084,3372.9119293698886,1641.3075665193157,0.5247268080711365,0.6381029539068819,54.0,-2.6834962393926154,-0.005172970356403082,4.0,126.0,275.04903702097437,0.08154646275402683,3298.291068535694,,26539.10168583142,29912.0136152013,,,,0.0,0.0,,,,,,16.00990512968657,-0.7956022260841935
ivory-wolf-fern,False,,,1,Other,281.6630195564758,0.0882354475878417,3192.175336063997,1622.6453270901202,0.5332615673542023,0.6461436142345118,57.0,-1.7367665546289555,-0.0061661149460222955,4.0,107.0,210.02477602100208,0.06579362156214326,1433.3845516669548,,27125.21694514116,30317.392281205157,,,,0.0,0.0,,,,,,17.856162020937706,-0.5440699121403577
small-panther-lava,False,,,1,Other,167.64643983133442,0.07625701363464173,2198.439616774826,1233.6379347971395,0.4627945274114609,0.5172839915590804,27.0,-1.9534367404484303,-0.011652121825036919,3.0,87.0,134.3861935647256,0.061127989388161594,1990.733653769354,,28044.549363745056,30242.98898051986,,,,0.0,0.0,,,,,,12.28143806815571,-0.8885560128843467
bright-cat-dust,False,,,1,Other,424.85324255949763,0.1825140902056578,2327.78325268351,1041.341513892042,0.47818803787231445,0.6897105600790576,35.0,-6.649350721350554,-0.015650935559046276,9.0,92.0,362.889382244346,0.1558948333467047,5249.693887671969,,28375.255226956113,30703.038479639592,,,,0.0,0.0,,,,,,15.035764158734013,-2.8565162644267086
rapid-heron-reed,False,,,1,Other,45.139951164097056,0.02149813397502727,2099.7148504392367,943.936767219303,0.5071821957826614,0.6549927547970904,24.0,-4.656932343135593,-0.10316653481095424,5.0,90.0,100.30459682443077,0.04777058027829264,2137.57672118592,,28591.166100024064,30690.880950463317,,,,0.0,0.0,,,,,,11.430123473660945,-2.217887987105209
silent-zebra-plume,False,,,1,Other,34.84365928331749,0.012534399426004296,2779.8427430858505,1487.0429404837832,0.41315940022468567,0.4594325936952234,47.0,-0.10308889287736317,-0.002958612700208564,1.0,102.0,50.596150254750114,0.018201083633451975,1517.0431007160773,,27798.426872353244,30578.26961543912,,,,0.0,0.0,,,,,,16.907431226784503,-0.037084433331263246
bright-goat-ruby,False,,,1,Other,162.9404840110019,0.06059801883927772,2688.8747706944673,1300.1093113225895,0.5739465355873108,0.6767446071257941,42.0,-3.483321209042802,-0.021377874444067593,4.0,99.0,77.53496186491967,0.02883546779863399,2516.655827105059,,27811.06061267674,30499.93538337122,,,,0.0,0.0,,,,,,15.619916724181424,-1.2954568383053218
deep-ram-orchid,False,,,244,Miniprotein,-22.177071434188406,-0.009387250991751738,2362.46707941171,1219.5028544940685,0.5102641880512238,0.5814449422385609,27.0,-5.072402391908152,0.22872282334305344,7.0,95.0,-34.89854535387326,-0.014772076892840142,-343.2207029518959,,26646.887263044075,29009.354342455794,,,,0.0,0.0,,,,,,11.428730683825403,-2.147078550263336
dark-toad-ash,False,,,245,Peptide,28.24829341536168,0.01720341609478253,1642.0165192614768,1005.4140043239655,0.6754655539989471,0.7047869902464765,19.0,-1.5205121799699997,-0.05382669167345633,3.0,58.0,17.99015957673521,0.01095613799599688,-52.77503380279423,,24138.36460901386,25780.381128275345,,,,0.0,0.0,,,,,,11.57113815672546,-0.9260029738640354
scarlet-tiger-willow,False,,,246,Miniprotein,3.628250709417557,0.0015006262130042942,2417.8244242140095,1185.0613104941208,0.4907561242580414,0.6062114052767312,25.0,-5.057764197326327,-1.3939952341767061,6.0,92.0,-20.35602204584866,-0.008419148157321652,-37.90096657334316,,25130.05826980716,27547.88269402118,,,,0.0,0.0,,,,,,10.339874041154598,-2.0918657892086245
silver-deer-willow,False,,,247,Miniprotein,24.38593561013792,0.01199568713289203,2032.8919335743576,1026.6919880956718,0.4573644697666168,0.5702963504347279,24.0,-2.736929664558529,-0.11223394124852484,4.0,91.0,4.126205912990796,0.002029722212403019,-92.13972552105699,,24476.47228947029,26509.364223044653,,,,0.0,0.0,,,,,,11.805841522427462,-1.3463232449086895
silent-swan-jade,True,Strong,7.65686460874427e-09,1,Other,45.054090802738585,0.015674835158752634,2874.294392664215,1497.4004689389315,0.6526994705200195,0.5797980705726893,25.0,-3.139552525624154,-0.06968407240465983,5.0,101.0,-3.538316906239108,-0.0012310210517299876,481.6777888374128,,27523.330100235802,30397.62449290005,,,,0.0,0.0,,,,,,8.697786859900328,-1.0922863481336262
lunar-mole-fern,True,Strong,4.48458523651077e-10,1,Other,57.690110077793676,0.020021164966079048,2881.4562077449245,1505.120510127598,0.6178855895996094,0.6301418404365872,28.0,-2.4930028057095415,-0.04321369472770618,7.0,102.0,23.27167432826808,0.008076358844433343,79.36327130537538,,27781.148314441012,30662.604522185982,,,,0.0,0.0,,,,,,9.717308881786984,-0.8651885109371859
brisk-bee-moss,True,Strong,1.6622759191728e-08,1,Other,97.4511281027606,0.032089891671423294,3036.8169858779183,1575.630407887749,0.5654623806476593,0.6297032268174055,34.0,-2.593278740187071,-0.026611069473228686,3.0,104.0,60.793772952087295,0.020018912313384707,499.4950651068239,,28435.47585027048,31472.292836148405,,,,0.0,0.0,,,,,,11.195933162291269,-0.8539463366566279
crimson-lynx-ice,True,Strong,5.733529297607061e-09,1,Other,93.34906958420265,0.03174517076487342,2940.5754429739914,1505.0482147114715,0.6239932179450989,0.508125951695214,32.0,-5.855407038795219,-0.06272592822699244,9.0,108.0,30.294343150406668,0.010302181915716493,650.5641666207349,,27277.34800312891,30217.923446102905,,,,0.0,0.0,,,,,,10.882223775777833,-1.9912453029510688
wild-mole-iron,False,,,1,Other,267.4348710257706,0.09221433500991849,2900.1442237479187,1621.6893055390476,0.49405698478221893,0.5540661372043895,31.0,-3.861982125295162,-0.014440832306131886,4.0,103.0,238.94758881743815,0.08239162275476115,427.3167011274175,,27319.211920474365,30219.35614422231,,,,0.0,0.0,,,,,,10.689123577426104,-1.3316517480996994
radiant-seal-opal,False,,,1,Other,199.4496774694021,0.06944187849899776,2872.181481557713,1591.2631591004651,0.6106888949871063,0.6136310687752284,42.0,-4.633493314304985,-0.023231390359183795,7.0,104.0,137.99835349717637,0.048046529922730945,549.5840790712177,,28008.543221276468,30880.724702834214,,,,0.0,0.0,,,,,,14.623031403023152,-1.613231386685229
brisk-kiwi-snow,False,,,1,Other,381.7212930985934,0.13849498125779516,2756.210294639166,1562.1872071282448,0.5632256269454956,0.5857457647445562,28.0,-1.4679709422537663,-0.0038456616615165076,3.0,105.0,298.3153038551144,0.10823386895961393,427.1855803328799,,28944.71108584502,31700.921380484247,,,,0.0,0.0,,,,,,10.158876503168155,-0.5326048397355501
strong-mole-cloud,False,,,1,Other,30.733636111000493,0.010361503262021675,2966.136798281906,1619.1634340174867,0.5491502583026886,0.6403490120400583,27.0,-5.286465185862845,-0.1720091032108843,7.0,101.0,-1.9784643359980265,-0.0006670172249452637,126.31212331116853,,28648.41230995598,31614.54910823789,,,,0.0,0.0,,,,,,9.102749413189365,-1.7822728840170006
silent-lynx-lotus,False,,,1,Other,127.12559852883021,0.045271955697849295,2808.0430051947033,1592.7763750759823,0.5387003421783447,0.5820262763032378,18.0,-3.4131066524376346,-0.026848303504062497,5.0,99.0,80.43946516378796,0.028646094456167514,940.614447161251,,28332.167337355844,31140.210342550545,,,,0.0,0.0,,,,,,6.410158237142782,-1.2154752067983294
quiet-heron-rose,False,,,1,Other,70.905343899321,0.024111828880583698,2940.6870897469857,1632.4019115342412,0.6237223744392395,0.5642931779542595,34.0,-1.148563312777254,-0.01619854371495761,2.0,111.0,36.34508087380355,0.012359383968639334,809.1904779011859,,27571.01421745853,30511.701307205552,,,,0.0,0.0,,,,,,11.561923782555638,-0.39057651416971245
azure-ram-clay,False,,,248,Miniprotein,14.29820319363435,0.00546570168873285,2615.986749351701,1330.6007330751972,0.6021042466163635,0.5949926289003069,26.0,-6.088757070960705,-0.42584071498378606,7.0,95.0,-26.76684452287069,-0.010232026033581441,246.10017967533568,,25466.161404711092,28082.148154062823,,,,0.0,0.0,,,,,,9.938888263269442,-2.327518315018084
violet-bear-dust,False,,,249,Other,251.4475287658423,0.06929826345740071,3628.482392209049,1960.9680398674116,0.4843031316995621,0.5956548523053682,42.0,-6.424302076973593,-0.025549275065479576,8.0,138.0,115.01206027938186,0.03169701485291254,187.180253253081,,27290.7850991146,30919.26749132367,,,,0.0,0.0,,,,,,11.575087174235966,-1.7705203946332027
quiet-swan-willow,False,,,249,Other,180.4278839055591,0.05220260806230807,3456.3001850444657,1933.9119380459765,0.4828865975141525,0.6169550905067404,58.0,-0.7985081645444558,-0.004425636144812389,4.0,142.0,144.85644993019906,0.041910841702059935,249.1313365417521,,27526.513371351935,30982.81355639644,,,,0.0,0.0,,,,,,16.780949829233027,-0.23102974909402524
wild-fox-ice,False,,,249,Other,184.12313207015976,0.05475688058125357,3362.55699951607,1834.0859853076633,0.524334728717804,0.5776771247515515,29.0,-8.374729496393494,-0.045484396241979634,13.0,135.0,32.882306383074564,0.009778958806588824,-34.00404341471065,,28175.83095119909,31538.387950715187,,,,0.0,0.0,,,,,,8.624389119403359,-2.4905836533324974
amber-zebra-orchid,False,,,249,Other,174.794611398036,0.052469619929299674,3331.3489145445205,1689.3403229563564,0.4600798189640045,0.5843578114911003,46.0,-7.111894309673456,-0.04068714849268726,7.0,132.0,21.549071544970793,0.006468572370455857,261.59465873261297,,26906.09629522359,30237.44520976815,,,,0.0,0.0,,,,,,13.808220387593162,-2.1348392174182784
quiet-lion-moss,False,,,249,Other,76.49948723578365,0.02232642725111062,3426.409715059905,1901.08414874348,0.47761450707912445,0.5765109655385904,45.0,-5.906853780537905,-0.07721429246096824,7.0,137.0,-2.8852512770463976,-0.0008420625427149052,-46.451188374839255,,27203.431726875107,30629.841441935016,,,,0.0,0.0,,,,,,13.133280530408854,-1.7239192833757868
scarlet-bee-rose,False,,,249,Other,221.59545263375543,0.0669412480394509,3310.297598622022,1807.5328253205014,0.5508794784545898,0.5472348966952615,32.0,-6.91833320669084,-0.0312205558573677,8.0,136.0,156.01230740745075,0.04712939026158675,699.0251963433419,,26390.175897865494,29700.473496487535,,,,0.0,0.0,,,,,,9.66680458376934,-2.0899429735775827
solid-otter-birch,False,,,249,Other,261.8636772410368,0.0789354498127676,3317.440742558245,1682.0494155671506,0.46927914023399353,0.5717370897216796,42.0,-2.719814689074015,-0.010386376292159513,3.0,144.0,143.4446874543895,0.043239562839567744,-11.882235722555105,,26982.21256287808,30299.65330543634,,,,0.0,0.0,,,,,,12.660361784672512,-0.8198532845462764
lunar-orca-pearl,False,,,249,Other,237.60906943141646,0.07264255375059318,3270.9349708052655,1691.713070924876,0.5026757717132568,0.6079029185212712,42.0,-5.209561975949873,-0.02192492899541262,8.0,135.0,180.17279796095448,0.05508296544232369,304.2357195361153,,27290.220876830994,30561.15584763629,,,,0.0,0.0,,,,,,12.840365331280216,-1.5926828330272003
brisk-tiger-maple,False,,,250,Miniprotein,277.152867380154,0.0434700524925704,6375.719638882953,4324.656640316006,0.5364151895046234,0.6517588973839586,71.0,-5.7539999258250925,-0.020761105523518453,10.0,220.0,170.51538070512282,0.026744491659454094,418.66964217211483,,25440.074596700022,31815.79423558306,,,,0.0,0.0,,,,,,11.135997820073442,-0.9024863469111405
green-heron-crystal,False,,,251,Other,523.0162775618337,0.17693545705012342,2955.972117073574,1711.4263709006798,0.43983612954616547,0.5901793759838234,46.0,-3.4365173967732674,-0.00657057446241142,5.0,136.0,473.3592705617221,0.16013658174500983,2338.3619082572854,,26010.567150136547,28966.539267210155,,,,0.0,0.0,,,,,,15.56171647706211,-1.1625675955886334
scarlet-toad-iron,False,,,252,Other,-12.435021290122279,-0.0043578134079795845,2853.5001676190477,1531.535416766946,0.4788975566625595,0.6263367652755343,20.0,-9.255930417471516,0.7443437531404901,12.0,116.0,-41.5023662233054,-0.014544371398420087,-377.57704385853293,,27321.547659705724,30175.04782732478,,,,0.0,0.0,,,,,,7.008935982186377,-3.243711187581474
soft-vole-maple,False,,,253,Miniprotein,169.72178593187473,0.060271495969955,2815.9544275536164,1480.705401745187,0.462197408080101,0.6236367877506038,36.0,-5.3582252896201,-0.03157063932718018,9.0,104.0,86.23468157192868,0.030623606947661353,357.1367673296658,,24908.966382976167,27724.920810529788,,,,0.0,0.0,,,,,,12.784297802459573,-1.902809660977043
steady-tiger-orchid,False,,,254,Other,16.44515280920786,0.005065103965577985,3246.7552336472686,1783.1147304858148,0.4875345528125763,0.5306630587068647,23.0,-5.463582776487296,-0.33223058732711586,9.0,126.0,-34.023877402466155,-0.010479347826982682,-11.970156249623894,,27085.231808801007,30331.98704244823,,,,0.0,0.0,,,,,,7.0839956648542195,-1.682782465356878
lunar-falcon-ember,False,,,255,Other,20.660150007189216,0.0068403945095208375,3020.315564903937,1556.4412884639617,0.49098189175128937,0.5977773811082754,32.0,-2.0906206855542493,-0.1011909731936489,6.0,105.0,-18.88759262264395,-0.006253516302110201,84.73770314509123,,26730.133130879876,29750.448695783823,,,,0.0,0.0,,,,,,10.594919409031283,-0.6921861774469062
wild-vole-granite,False,,,256,Other,35.40038463354739,0.00962452766493068,3678.142540182761,1990.3789631866941,0.5552013516426086,0.5293914930951794,40.0,-3.6532827518589337,-0.10319895644288786,5.0,132.0,-6.771136139581419,-0.0018409118367786182,223.16860077402438,,26375.386063111313,30053.528603294053,,,,0.0,0.0,,,,,,10.875054341426491,-0.9932412112765505
crimson-quail-reed,False,,,257,Other,29.18187465664269,0.013355658048734691,2184.982166371605,1155.7549130044858,0.5861164331436157,0.5902056635924513,14.0,-5.84643444832612,-0.2003447179838836,7.0,82.0,1.6946504891458725,0.000775590078137809,147.92714861136008,,26014.016401673707,28198.998568045357,,,,0.0,0.0,,,,,,6.4073749504548525,-2.6757355452629366
shy-lynx-jade,False,,,258,Other,85.4465687900487,0.028080012859388277,3042.967580461078,1575.9040134583104,0.5238354057073593,0.6708817810169376,36.0,-2.0444837279219024,-0.023927043026682745,5.0,103.0,42.53273059715965,0.013977385388612975,110.76983907154542,,25212.609217347897,28255.576797808968,,,,0.0,0.0,,,,,,11.83055653670329,-0.6718716758763882
vast-crow-clay,False,,,259,Miniprotein,-4.906129558997947,-0.0021521076293037626,2279.6859656062597,1241.2862002899456,0.6619815826416016,0.6591201536980731,26.0,-4.3421294730705915,0.8850417464224998,6.0,92.0,-22.425500494573875,-0.009837100737956263,245.45573428258498,,25721.16453470215,28000.850500308476,,,,0.0,0.0,,,,,,11.405079643540097,-1.904705094728188
rapid-wolf-willow,False,,,260,Miniprotein,179.84452250728881,0.0674795752393102,2665.169747578975,1438.1885218199993,0.5645876824855804,0.6956934515823475,40.0,-1.4917498801167892,-0.008294663964849588,3.0,112.0,86.65456984479005,0.032513715092071176,213.18562479384605,,24384.47236206987,27049.642109648874,,,,0.0,0.0,,,,,,15.00842489914039,-0.5597204011008629
rapid-ox-rose,False,,,261,Other,84.28258424190085,0.03283460234187262,2566.883051128618,1428.6856384359478,0.5902898907661438,0.5685523928084499,24.0,-5.313851403548488,-0.06304803597736294,11.0,101.0,59.32722783684565,0.02311255583333273,-441.6740791741604,,26523.1289910225,29090.012042151113,,,,0.0,0.0,,,,,,9.349861104676187,-2.0701571897527904
golden-otter-cypress,False,,,262,Other,119.58059746128475,0.03960581047577724,3019.2690422133837,1500.7032369311785,0.5022817254066467,0.5150060433789118,38.0,-6.965896416795589,-0.058252731335038346,10.0,119.0,87.10407396256558,0.028849391274753975,515.2976721163222,,25978.9110973237,28998.18013953712,,,,0.0,0.0,,,,,,12.585827718136285,-2.3071466369518987
swift-goat-fern,False,,,263,Other,54.57677857176003,0.018873862492555397,2891.659224140649,1574.8325907370968,0.5053603947162628,0.5749217162465604,29.0,-4.75294928368491,-0.08708739152560124,6.0,121.0,-23.11983874878689,-0.00799535386319863,-355.0025304310736,,26489.668834025517,29381.328058166215,,,,0.0,0.0,,,,,,10.028844255885062,-1.6436754524895323
pale-bat-ivy,False,,,264,Miniprotein,-10.922260921261682,-0.004509752268735732,2421.920378416626,1125.9433319021155,0.5101260989904404,0.6222162811192301,26.0,-4.44906182524305,0.40733890696406455,5.0,89.0,-25.036538959604783,-0.01033747400728874,790.5902566044565,,25431.149673279953,27853.070051696595,,,,0.0,0.0,,,,,,10.735282725106746,-1.8369975598255233
crimson-bear-ruby,False,,,265,Other,63.24951278942373,0.016271753298890343,3887.0742216659005,2251.7696724452157,0.5351678431034088,0.5809684620695323,49.0,-5.846756877997071,-0.0924395559767021,7.0,140.0,6.400212092543246,0.001646537145308298,-70.8361508639519,,25774.77976165818,29661.853983324105,,,,0.0,0.0,,,,,,12.605882266637002,-1.504153649911861
quiet-gecko-cloud,False,,,266,Other,104.08113244007063,0.03175363007258691,3277.771146232647,1780.5390511459102,0.6078570187091827,0.6818712192481661,46.0,-4.01789531181979,-0.03860349342502852,5.0,120.0,43.964534753330604,0.013412936044623453,663.9001550307977,,25570.435526852023,28848.206673084685,,,,0.0,0.0,,,,,,14.033926698290317,-1.2258010497278966
solid-lion-bronze,False,,,267,Miniprotein,33.62663099030604,0.012006347288724895,2800.737824890727,1385.3998517695388,0.5035845339298248,0.5853392684068471,40.0,-3.1451902839063868,-0.09353272068239869,5.0,100.0,4.445232388948282,0.0015871647640284632,-173.02674116290973,,25095.01378048524,27895.751605375965,,,,0.0,0.0,,,,,,14.281950864701386,-1.1229863273721805
ivory-ram-maple,False,,,268,Other,14.191451578852316,0.003934705389817296,3606.7380331901504,2049.58152431276,0.5861418843269348,0.4718448276282751,46.0,-3.6852872490085504,-0.2596836009714649,4.0,141.0,-18.81382273125206,-0.005216298649395194,71.03406469020753,,25806.091480402258,29412.829513592405,,,,0.0,0.0,,,,,,12.753906598343413,-1.0217784643895869
swift-cobra-flint,False,,,269,Miniprotein,140.68479425724496,0.05333210360263434,2637.9007155887966,1347.9143061707548,0.5232422947883606,0.5215297423681141,39.0,-2.856474442666644,-0.020304073782441076,6.0,105.0,119.62773122538893,0.04534959580489262,151.7990006973453,,25987.459735514032,28625.36045110286,,,,0.0,0.0,,,,,,14.784483650020523,-1.0828589665206791
ivory-shark-jade,False,,,270,Other,109.57459804673272,0.028959159256580002,3783.7630946359586,2169.9259555884637,0.5063521564006805,0.5949563135939218,40.0,-4.889295913487696,-0.044620705899395124,6.0,132.0,7.267122241686538,0.0019206070940299496,-74.14741505115265,,25763.096248392652,29546.859343028635,,,,0.0,0.0,,,,,,10.57148637469029,-1.2921781282816023
frozen-mole-lava,False,,,249,Other,105.22234180260995,0.030457913920272795,3454.679860152009,1782.748723306143,0.47316937148571014,0.6151088728172014,57.0,-6.204393861486199,-0.05896460537939011,9.0,138.0,59.11515706250507,0.017111616547851108,617.0543286081953,,26520.465455686637,29975.14531583864,,,,0.0,0.0,,,,,,16.499358061355053,-1.795938874988318
golden-crow-ivy,False,,,249,Other,64.20288528504784,0.020110593487395217,3192.4908295366067,1681.303671284358,0.4959142804145813,0.6221761577747458,38.0,-4.517338127636204,-0.07036036009254312,7.0,137.0,28.053588311039547,0.008787366920991769,-377.677773979889,,27621.007032944664,30813.497862481232,,,,0.0,0.0,,,,,,11.902931607015999,-1.4149885994478804
noble-otter-opal,False,,,249,Other,123.36200522176009,0.03590899543507034,3435.4067477275958,1957.1563338652818,0.5181454122066498,0.6016460797373789,51.0,-2.461148886107322,-0.019950623222142586,7.0,142.0,78.4443814752424,0.022834088431342422,155.86093653453153,,26765.951654332388,30201.358402059963,,,,0.0,0.0,,,,,,14.845403687273643,-0.7164068382107265
vast-lion-frost,False,,,249,Other,64.88349877078832,0.018118262905253663,3581.110347613643,1887.4701151567901,0.4875890910625458,0.6500706347773182,62.0,-6.6202390538357925,-0.10203270753358848,10.0,139.0,12.245072419949754,0.0034193507687104766,556.9433326930731,,25685.154079331005,29266.264426944635,,,,0.0,0.0,,,,,,17.313066055424727,-1.848655420028412
misty-cat-willow,False,,,249,Other,62.5050294376893,0.01924731490407059,3247.467490879478,1739.8263762461504,0.4621746689081192,0.5856191120849922,48.0,-7.526595608983766,-0.12041583976033418,8.0,128.0,-4.139766281786739,-0.001274767582250872,314.23207663852605,,26896.878094433116,30144.345585312618,,,,0.0,0.0,,,,,,14.780748424674961,-2.317681587305256
misty-vole-dust,False,,,249,Other,38.111707501559124,0.0111723544786876,3411.2511891975028,1848.8992617729639,0.5131311416625977,0.6074925664005831,63.0,-6.761709675623312,-0.17741817721881642,9.0,139.0,5.725103713234699,0.0016783002469488418,-80.61624437051827,,27399.962339816615,30811.213529014105,,,,0.0,0.0,,,,,,18.468296969599812,-1.9821787668512343
solid-toad-stone,False,,,249,Other,59.18900736091931,0.01640181544708209,3608.686340355642,1843.0764245092914,0.48417529463768005,0.5872494214951891,49.0,-6.533933709333758,-0.11039099996206246,9.0,147.0,-19.386735748828546,-0.005372241841034583,-50.346609042052386,,26286.810060581232,29895.496400936878,,,,0.0,0.0,,,,,,13.578348290356253,-1.8106128083965944
solid-lynx-quartz,False,,,249,Other,88.3035957580575,0.02602144163322372,3393.493604340238,1801.9586703256718,0.5240526497364044,0.5784396829206381,53.0,-3.6318677548784,-0.04112933028038103,7.0,138.0,64.17224849426873,0.018910378499665707,-91.96702709888388,,26795.470524326607,30188.964128666907,,,,0.0,0.0,,,,,,15.61812284903488,-1.070244467304516
rapid-mole-sand,False,,,271,Other,42.29355924346896,0.01331725727667486,3175.846074367431,1724.894378606619,0.4756695330142975,0.4485067385188527,20.0,-5.278521754216297,-0.12480675187041428,6.0,124.0,2.628607343923917,0.0008276872626603877,460.98911463515196,,26164.291988498077,29340.138062865524,,,,0.0,0.0,,,,,,6.297534430721308,-1.6620836245244284
hollow-ibis-rose,False,,,272,Other,0.8506786232507295,0.00027142775276752787,3134.0885910782963,1703.6566537629915,0.520089715719223,0.581076961512294,34.0,-4.474586008387689,-5.260019337606944,6.0,118.0,-20.675516106311996,-0.006596978836261453,92.31198140669444,,25338.05398163306,28472.14257271138,,,,0.0,0.0,,,,,,10.848448922850059,-1.427715228320393
lunar-crane-lava,False,,,273,Other,21.65186232862405,0.00902340112021519,2399.5234213978615,1171.7033205872087,0.5299446880817413,0.5945506101287878,30.0,-4.549403262972686,-0.21011602576829222,6.0,97.0,-27.676116298102336,-0.011534005482630127,61.331162659014126,,28599.640084664436,30999.16350606231,,,,0.0,0.0,,,,,,12.502482673214859,-1.8959611822927716
quick-quail-leaf,False,,,274,Other,127.03017529838723,0.042977322684981854,2955.74892436883,1693.1597394352684,0.5237253308296204,0.5166114843063334,36.0,-4.14389380992113,-0.032621334263196446,8.0,118.0,69.3408966181199,0.023459670761083653,825.9231883809533,,24083.6095812149,27039.35850558377,,,,0.0,0.0,,,,,,12.17965426738248,-1.4019776090440486
dark-ibis-oak,False,,,275,Other,145.30990701449178,0.03647118597675217,3984.238601594055,2168.746834416873,0.5842094123363495,0.614563411535725,47.0,-0.7650403886355949,-0.005264888020052874,1.0,148.0,90.63964405468653,0.022749552202627244,274.5970591480181,,25381.74408739552,29365.982688989614,,,,0.0,0.0,,,,,,11.796482264188635,-0.19201671012612287
swift-shark-pine,False,,,276,Other,10.492852717230107,0.0032805089587584295,3198.544143345771,1694.5216547571852,0.5150787532329559,0.4815327871267006,39.0,-2.2495504025650885,-0.21438882858530417,3.0,129.0,-29.15503929463915,-0.009115096740275757,195.6317157749235,,27696.669344339218,30895.213487685003,,,,0.0,0.0,,,,,,12.193047290322795,-0.7033044728318155
wild-ram-ivy,False,,,277,Other,59.52299597769593,0.01810283074582346,3288.0490799168856,1603.0327985468168,0.5182012915611267,0.5444790078667723,40.0,-2.656515732423481,-0.04463007428958908,3.0,121.0,18.356054864194878,0.00558265841477612,203.23513910612934,,27912.477762701565,31200.52684261844,,,,0.0,0.0,,,,,,12.165268530909858,-0.8079306810379582
steady-bison-cypress,False,,,278,Other,250.55429644860152,0.05200825816614325,4817.586769550943,3236.0233592171344,0.5552079081535339,0.6593397334457316,31.0,-2.6772029176853716,-0.010685120772752625,3.0,172.0,135.68426842648574,0.028164364217384535,179.60242698584784,,25647.121888853413,30464.70865840434,,,,0.0,0.0,,,,,,6.434756960877649,-0.5557145196857386
brisk-deer-opal,False,,,279,Miniprotein,16.91400621721766,0.006489655717614876,2606.302545650914,1494.7623533539195,0.5932183861732483,0.5929119431095028,31.0,-4.14294411028602,-0.2449416215815682,10.0,94.0,-11.044706383076981,-0.004237691591679203,348.0313013226146,,23894.02900898126,26500.33155463214,,,,0.0,0.0,,,,,,11.89424460783691,-1.5895867949786835
frozen-bear-flint,True,Strong,2.91656444639244e-08,280,Other,-44.97780893128032,-0.005430667403668574,8282.18809734076,5526.88695634449,0.579379141330719,0.6416498576957178,45.0,-4.563437639910189,0.10145975867527188,6.0,275.0,-107.23105459632488,-0.012947188995955617,-509.42911848631286,,28145.97652808132,36428.16462542212,,,,0.0,0.0,,,,,,5.433346776372849,-0.5509942042218788
young-quail-clay,True,Strong,3.7525564427187904e-09,281,Other,331.7418049775042,0.04047750740384422,8195.70735094222,4764.239074419577,0.5499342978000641,0.599250085444496,87.0,-8.132596586910434,-0.02451483793989098,15.0,265.0,223.180993820269,0.027231449863154397,-50.521889929184546,,27034.452175616956,35230.15952655909,,,,0.0,0.0,,,,,,10.615313148046706,-0.9922995342159782
shy-eagle-fern,True,Strong,1.1536467634764202e-09,282,Other,571.9741196585064,0.08213819930902554,6963.558057884727,4159.428158443185,0.5722896158695221,0.5220532951467312,65.0,-17.28762275725932,-0.03022448422593104,25.0,250.0,510.62750661993044,0.07332853440372411,-27.233867774646512,,27118.15558345522,34081.71364133988,,,,0.0,0.0,,,,,,9.334308619198131,-2.482584709362022
crimson-toad-orchid,False,,,283,Other,88.69641699734302,0.012474386128927878,7110.283109776249,4873.389522378348,0.6180295646190643,0.562857761488931,36.0,-8.132299032498983,-0.09168689455339095,9.0,248.0,17.829053354578047,0.002507502595791731,-749.3716428531355,,28349.923401837405,35460.20651161359,,,,0.0,0.0,,,,,,5.063089534438084,-1.1437377256212933
silent-hawk-wave,False,,,3,Nanobody,282.2541788974063,0.0959312708968562,2942.254139433653,1437.0038931649906,0.4930882006883621,0.5496299444019619,43.0,-3.8072479739496994,-0.013488721367464882,5.0,123.0,234.2450702205128,0.0796141526597026,568.9783982295465,,26277.35860623253,29219.61274566617,,,,0.0,0.0,,,,,,14.614645085783431,-1.293990183554486
golden-cat-orchid,False,,,284,Other,2.018007017281491,0.000797143598957686,2531.5476658410835,1207.058331132555,0.5768937170505524,0.5906703505243075,21.0,-8.626800029380599,-4.274910818200218,9.0,94.0,-18.07716060745996,-0.007140754587156465,175.41179002475846,,25146.895492129224,27678.443157970276,,,,0.0,0.0,,,,,,8.295320796585887,-3.407717794843268
ivory-deer-jade,False,,,285,Other,-1.903209442832349,-0.0007044372488643999,2701.7444717758044,1240.2596596800731,0.440205842256546,0.5185248978257743,32.0,-3.844326116600567,2.0199175298749337,7.0,104.0,-19.055465821571026,-0.007053022971134734,-179.75985495944468,,26550.70997928476,29252.454451060563,,,,0.0,0.0,,,,,,11.844199306889676,-1.4229051476780725
jade-ox-rose,False,,,286,Other,-9.715984710619352,-0.003273992091704056,2967.626200209406,1648.278613234273,0.5690917670726776,0.6543740423511735,20.0,-6.169432678226531,0.6349776025772745,9.0,116.0,-34.403612894241185,-0.01159297383606249,181.46407044438914,,27020.026137292018,29987.65233750145,,,,0.0,0.0,,,,,,6.7393932559932015,-2.0789116492471984
pale-zebra-quartz,False,,,287,Other,-8.582316740212619,-0.0028121198064118445,3051.9029525855517,1684.5534976226281,0.49074549973011017,0.6419489286188912,38.0,-5.259033578227059,0.6127755170798754,7.0,107.0,-24.134453035708457,-0.007908001470119459,-79.09122425293086,,26595.672344744613,29647.5752973302,,,,0.0,0.0,,,,,,12.451247824838813,-1.7231981684645774
hollow-jaguar-pine,False,,,288,Other,42.89192038853935,0.015230738967063043,2816.1417828310555,1247.19868542102,0.4734189063310623,0.6354436227316189,32.0,-3.0640131030817237,-0.07143567075864533,5.0,109.0,19.439391659458234,0.006902845509403257,556.915190020129,,25840.80996549083,28656.9517483219,,,,0.0,0.0,,,,,,11.363064244524839,-1.0880180542619853
swift-kiwi-vine,False,,,3,Nanobody,64.52795316413852,0.022800954399812265,2830.0549193094225,1487.7355181590494,0.46407414972782135,0.623399780042881,35.0,-4.5397568284480085,-0.07035333690037116,7.0,116.0,32.81984910912209,0.011596894775854965,-339.57810128724554,,26294.435582494603,29124.490501804034,,,,0.0,0.0,,,,,,12.36725116576202,-1.6041232265399923
rapid-lion-reed,False,,,289,Other,160.44980455100304,0.042719815342753584,3755.863719533132,2128.673306846213,0.5417195856571198,0.5221407543597434,42.0,-4.267330891403601,-0.026596049171547117,7.0,134.0,93.5676098347052,0.024912408122820813,164.34641370228383,,25415.547833787667,29171.411553320806,,,,0.0,0.0,,,,,,11.182514365888855,-1.136178309455287
mellow-bison-frost,False,,,290,Other,-14.691484712990928,-0.008914782422789251,1647.9913940955462,910.6235979733169,0.4716498851776123,0.505730095379924,16.0,-1.85020056493115,0.12593693565192307,2.0,72.0,-17.991560899658882,-0.010917266294059166,193.7764573420849,,27574.730744838766,29222.72213893433,,,,0.0,0.0,,,,,,9.708788563657002,-1.1227003803297047
steady-ant-vine,False,,,291,Other,146.57409587619196,0.02705844638970524,5416.944260774636,3242.136448613922,0.5193579494953156,0.5010470462971861,24.0,-4.327318059222707,-0.029523075229322245,6.0,206.0,31.467427684545868,0.005809073560606649,48.814351987372746,,30555.19734786913,35972.1416086438,,,,0.0,0.0,,,,,,4.430542173710302,-0.7988485483518507
dark-jaguar-ember,False,,,292,Other,80.349321092443,0.021804184464192345,3685.0413380237037,2399.0666105549735,0.45714297890663147,0.5688193191024424,20.0,-1.153825925271176,-0.01436012040405025,3.0,132.0,42.73225043367396,0.011596138689882749,-33.58515175530482,,26561.362220158833,30246.40355818251,,,,0.0,0.0,,,,,,5.427347528949579,-0.31311071421792397
gentle-raven-rose,True,Medium,3.23991591082624e-07,293,Other,309.38841631115884,0.0389764427444663,7937.831021151472,4751.074304096387,0.5036024153232574,0.5349897982450095,66.0,-4.884680530471482,-0.015788181693133754,8.0,270.0,223.89959940079459,0.028206647231993537,677.6952850513569,,29499.075160262124,37436.90618141358,,,,0.0,0.0,,,,,,8.31461388181906,-0.6153671598016588
silver-jaguar-jade,False,,,294,Miniprotein,311.39917442711067,0.09187254203143179,3389.4694491045384,2244.798036196823,0.4915696978569031,0.5724819562698796,15.0,-1.794033894088318,-0.005761203116189533,3.0,109.0,110.07079947873085,0.03247434477033283,383.3517734893514,,25098.827697237793,28488.29714634235,,,,0.0,0.0,,,,,,4.425471368081762,-0.5292963754437388
hollow-bat-snow,False,,,295,Other,186.2496890805594,0.02539322613991969,7334.620975464146,4590.571289537811,0.4846481829881668,0.49547533825960316,53.0,-4.718027429533139,-0.025331733184759467,7.0,253.0,22.89071129589347,0.003120912637812878,812.3636182172977,,27679.000003328867,35013.620978793035,,,,0.0,0.0,,,,,,7.226003930850166,-0.6432544292767051
quick-toad-jade,False,,,296,Miniprotein,101.51124471689512,0.023275994625431548,4361.199009987014,2867.193446910798,0.5596009492874146,0.6164233315471299,16.0,-3.7261619220919773,-0.036706888310589394,4.0,147.0,150.80861170699572,0.03457962165029584,98.8752923070685,,25494.45586805742,29855.65487804444,,,,0.0,0.0,,,,,,3.668715865375665,-0.8543893350335949
ivory-goat-clay,False,,,297,Other,36.31739988138405,0.011795248344961488,3078.9856066826737,1677.7430211988549,0.4373167157173157,0.4741609947481834,16.0,-1.3870895955947846,-0.038193527073114984,2.0,123.0,1.9349772468293258,0.0006284463437015178,86.79285532007377,,27681.398411515933,30760.384018198652,,,,0.0,0.0,,,,,,5.196516659666539,-0.4505021369974013
golden-ant-pine,False,,,298,Other,469.4363125228608,0.09835594075822493,4772.831299299068,2904.3330760088543,0.5394170582294464,0.6236844219071891,27.0,-6.163604871037148,-0.013129799946477276,7.0,168.0,327.4396823682181,0.06860491432335047,747.6073252428197,,26709.877615283043,31482.708914582145,,,,0.0,0.0,,,,,,5.657019556497877,-1.2913938257030637
violet-ibis-vine,False,,,299,Nanobody,2.806651913438486,0.0019385329347605485,1447.8226617208181,672.1877227756676,0.5142093300819397,0.6290033974049152,22.0,-2.5375566393097646,-0.9041223199641285,4.0,63.0,-18.14258135448506,-0.012530941692072693,-148.37592283259153,,27864.457642448335,29312.280304169162,,,,0.0,0.0,,,,,,15.19523114374503,-1.7526708943025775
frozen-falcon-reed,False,,,3,Nanobody,15.41950845205156,0.023957537937688476,643.6182420813187,321.0301224178526,0.48828569054603577,0.6607121773354915,6.0,-0.8232052193414325,-0.05338725432793582,1.0,28.0,7.186796790479325,0.011166241601914229,-353.9678924954658,,28381.33507752694,29024.953319608238,,,,0.0,0.0,,,,,,9.322296367171523,-1.2790271709505456
calm-orca-lava,False,,,3,Nanobody,136.40129895704874,0.03681319654080856,3705.2283358725376,2064.865667339193,0.39865416288375854,0.5966376799464278,24.0,-6.6353583979832225,-0.04864585930426237,7.0,146.0,135.5682117870538,0.036588355560853464,135.3940427541171,,25661.249755128923,29366.478091001514,,,,0.0,0.0,,,,,,6.47733360118231,-1.790809579464331
pale-seal-lotus,False,,,3,Nanobody,48.46203359907321,0.03091019121938277,1567.8335101558432,991.5251860998416,0.569432258605957,0.6000347677607947,15.0,-0.11422604508708695,-0.002357021292834715,1.0,62.0,3.093805329439276,0.001973299658030495,206.1974616764021,,27168.65948564556,28736.492995801393,,,,0.0,0.0,,,,,,9.567342388611783,-0.07285597886967785
crimson-dove-frost,False,,,300,Other,173.5130930326369,0.06882140204988035,2521.2083431092865,1341.85987535087,0.5218616425991058,0.5767293381137658,40.0,-4.32392824328917,-0.024919896059232033,5.0,113.0,150.48497540264992,0.05968763978349522,-77.27654489842168,,27490.70951642215,30011.917859531484,,,,0.0,0.0,,,,,,15.865408390117377,-1.715022185733637
quick-ox-vine,False,,,301,Other,10.477472757272096,0.007566681845395602,1384.6852519176207,914.363264540942,0.4674501568078995,0.5919737586606698,5.0,0.0,0.0,0.0,70.0,2.0803419533306053,0.0015023933781699377,-280.54374675061274,,27657.862196645776,29042.54744856343,,,,0.0,0.0,,,,,,3.6109289046558475,0.0
pale-mole-snow,False,,,302,Nanobody,111.43194417118792,0.05333557668638124,2089.2610728936033,1210.7354838848833,0.5083999931812286,0.5501121110326203,29.0,-0.1695290157069027,-0.0015213681944421867,1.0,107.0,96.34790692406887,0.04611578139951083,11.873348029299507,,26157.724523962373,28246.98559685596,,,,0.0,0.0,,,,,,13.880505589392579,-0.08114305000289261
green-cobra-bronze,False,,,3,Nanobody,-5.5864366602219775,-0.0026322134739704536,2122.3341934327796,1381.2046077250297,0.4391790181398392,0.5978143621071382,16.0,-3.6617890955889942,0.6554784952029676,4.0,95.0,-17.52365818611666,-0.008256785496054669,-318.5002908628987,,27940.706725780292,30063.040919213094,,,,0.0,0.0,,,,,,7.538869255138713,-1.725359326971129
ivory-lion-leaf,False,,,3,Nanobody,43.411358152673074,0.019651391879364526,2209.072946036883,1168.2350410827398,0.4957110434770584,0.7123178061234989,22.0,-3.168887942694643,-0.0729967473385653,3.0,84.0,27.765792937494073,0.012568979665115365,-303.196149119543,,26893.46447088386,29102.53741692075,,,,0.0,0.0,,,,,,9.958928716893846,-1.4344876878691062
noble-owl-pine,False,,,303,Peptide,43.425374463845245,0.01988748940814116,2183.5523616202954,1073.5142694907368,0.5494120121002197,0.5234641926863571,9.0,-5.88245771211027,-0.13546130078873217,9.0,90.0,19.44210606159362,0.008903888179336671,-100.10106374628533,,25681.856725737827,27865.409087358134,,,,0.0,0.0,,,,,,4.121723920245993,-2.6939851846489353
quiet-toad-cedar,False,,,304,Miniprotein,219.61955664513292,0.08617864499454742,2548.422021012612,1461.8395638409813,0.4300662577152252,0.6205659426444141,28.0,-5.017708296305425,-0.022847274500299494,5.0,96.0,192.5065438908843,0.07553950731221201,-128.0410382225509,,25882.342634858316,28430.76465587094,,,,0.0,0.0,,,,,,10.987191198761593,-1.9689471582542855
solid-gecko-willow,True,Strong,2.9921951181233702e-09,3,scFv,179.83915103486382,0.041953699051303785,4286.610122624575,2330.924752252872,0.4952533394098282,0.5382449308524756,63.0,-10.162938581377727,-0.056511268669231694,13.0,177.0,27.553544693069604,0.00642781683075001,134.7682398788053,,31299.932682970233,35586.54280559469,,,,0.0,0.0,,,,,,14.696927921550005,-2.3708567587563194
steady-eagle-moss,True,Strong,1.30521981796314e-08,1,Other,83.10681260007391,0.028921186188257977,2873.5616879301906,1515.937060176022,0.6237464845180511,0.5686708991418387,25.0,-6.417297547571074,-0.0772174668574086,9.0,107.0,13.69390676817271,0.004765482093421265,1772.7880300579286,,27523.874270625573,30397.435958555794,,,,0.0,0.0,,,,,,8.700004633625023,-2.2332207359687537
shy-panda-lotus,True,Strong,7.200614311127471e-09,1,Other,237.47470867934464,0.08087108851493247,2936.459902298657,1620.1548353317512,0.6056345999240875,0.5925773310298317,30.0,-5.5341433972230805,-0.023304138061690086,6.0,106.0,167.04146940082484,0.05688532278954839,1106.965675465031,,26990.623195945205,29927.08309824384,,,,0.0,0.0,,,,,,10.216383331683174,-1.8846310119511458
radiant-shark-birch,True,Strong,3.31636560804789e-09,1,Other,3.658465863600668,0.0012727817445360964,2874.385871188077,1547.1434541174535,0.6509290039539337,0.5269519001499346,23.0,-5.629410173679833,-1.5387351921713324,8.0,101.0,-33.40724193407317,-0.011622392897535664,345.0740318392381,,27762.790941368527,30637.17681255667,,,,0.0,0.0,,,,,,8.00170924528423,-1.958474062270914
scarlet-raven-maple,True,Strong,3.50191701250857e-10,1,Other,63.04676144549336,0.020683071577345263,3048.230104978712,1519.8871669093244,0.5984238386154175,0.6192427472613444,19.0,-3.4741778633191793,-0.055104779114193765,7.0,109.0,28.62747761397988,0.009391508064703602,437.3496118625165,,27860.9662392705,30909.196344249216,,,,0.0,0.0,,,,,,6.233125238467747,-1.13973609067267
golden-hawk-cypress,False,,,3,Nanobody,61.56058423306973,0.0295518159967713,2083.1404824595406,973.9822146844215,0.5686896443367004,0.6259891667644746,41.0,-5.0284538455074035,-0.08168301045470208,7.0,87.0,22.948782880403286,0.0110164355566207,439.5367163548671,,26291.31611285898,28374.456595318497,,,,0.0,0.0,,,,,,19.681821915146,-2.4138812950197024
dark-fox-ember,False,,,3,Nanobody,334.3737931704767,0.12274979520140304,2724.0272997755255,1303.7956483852938,0.4730132818222046,0.6706452584954801,29.0,-6.692365335602307,-0.020014622773353176,7.0,100.0,266.9063060232554,0.09798224343979589,310.31130697612537,,26159.58371849477,28883.611018270338,,,,0.0,0.0,,,,,,10.64600197009397,-2.4567908464624395
deep-raven-frost,False,,,3,Nanobody,377.9016186462372,0.11673012034771202,3237.3959481970523,1773.7195222810835,0.5288747251033783,0.6758620518378361,42.0,-3.3493895294975506,-0.008863125650258182,4.0,152.0,369.76027956991817,0.1142153401952092,847.5854428396524,,24347.8695419506,27585.26549014764,,,,0.0,0.0,,,,,,12.973389931926722,-1.034593723811531
vast-owl-moss,False,,,305,Other,53.824650069177004,0.011876877281697031,4531.8856794221465,2461.717422562716,0.5107190608978271,0.5030917253205599,37.0,-11.512929974074712,-0.21389697767245974,15.0,149.0,-38.60441733864382,-0.008518400522311103,-23.92099461608347,,25392.8109099016,29924.696589323772,,,,0.0,0.0,,,,,,8.164371879018319,-2.540428154741694
scarlet-otter-fern,False,,,3,Nanobody,61.1443713933449,0.026075644326175595,2344.884392059534,1149.6646214862367,0.5307568609714508,0.5704632470009662,23.0,-8.869894781554276,-0.14506477995323208,11.0,103.0,41.195161078798805,0.017568098972511267,348.14579978409597,,26462.23800613513,28807.122398194657,,,,0.0,0.0,,,,,,9.80858590636056,-3.782657606315407
azure-dove-flint,False,,,3,Nanobody,140.13940973885406,0.05763956917258566,2431.3056421231317,1204.6607762175997,0.5515336692333221,0.52341440396435,40.0,-3.4880710456915773,-0.0248900081154295,5.0,86.0,54.94218293064068,0.022597809990957188,737.3095146237406,,26897.892239326757,29329.197881449883,,,,0.0,0.0,,,,,,16.452065633784365,-1.4346493444755173
jade-heron-oak,False,,,306,Miniprotein,125.7425782964948,0.039067587480576184,3218.5908167227403,2166.729520811268,0.5021112710237503,0.5999927601277718,21.0,-3.3602256491100455,-0.026723053516421454,4.0,113.0,82.5976345802325,0.02566267018195737,96.69358074492328,,24345.926005351717,27564.516822074413,,,,0.0,0.0,,,,,,6.524594518474017,-1.044005231000914
wild-jaguar-vine,False,,,307,Other,69.71774615915359,0.02029056036484065,3435.969480663533,1954.3914220493673,0.5719442367553711,0.6202436291173459,30.0,-4.198734321446236,-0.06022475700607489,6.0,130.0,14.741095958704301,0.004290229014449102,409.53040428297226,,25677.432137672626,29113.401618336182,,,,0.0,0.0,,,,,,8.731160206407477,-1.2219940674896224
crimson-crow-cloud,False,,,308,Other,83.71039612313268,0.02516237363789975,3326.8084055888703,1694.6807667288165,0.46163754165172577,0.5686843619959875,33.0,-2.3102767726838747,-0.027598445111711143,4.0,124.0,47.360684500479174,0.014236072152792332,677.2785675131759,,26197.29686278501,29524.10526837387,,,,0.0,0.0,,,,,,9.919417043843483,-0.6944423877259437
pale-panther-ice,False,,,309,Other,20.320104803119705,0.005199643474041985,3907.9804037648196,2362.0460439399762,0.5457422733306885,0.5754250127667403,42.0,-4.76727411394997,-0.23460873652669645,5.0,145.0,-20.013836061986865,-0.005121273392954119,463.3442271637409,,26476.390376833348,30384.37078059812,,,,0.0,0.0,,,,,,10.747239151849017,-1.2198817858342725
misty-zebra-ember,False,,,310,Other,42.91672780819164,0.011658327060106756,3681.2080830230757,2047.8935039163837,0.5666017830371857,0.6368960537616409,36.0,-4.319356223342483,-0.10064505016894683,5.0,137.0,-39.09228034267018,-0.010619416088689798,-471.727624383462,,26119.24182134126,29800.449904364366,,,,0.0,0.0,,,,,,9.779398281239276,-1.1733529118504349
solid-mole-crystal,False,,,311,Other,11.196297824766589,0.003008099986645093,3722.0497571471083,2087.725997638833,0.5882619321346283,0.6055455732095565,23.0,-7.763909374362828,-0.6934354101575253,8.0,136.0,-20.161509254209225,-0.005416775854620143,415.44998540653773,,24871.044722260933,28593.094479408057,,,,0.0,0.0,,,,,,6.1793907928918,-2.0859230480340867
radiant-shark-ruby,False,,,312,Other,0.9890261410154935,0.000350670468342409,2820.3861753473,1517.5353241067332,0.5366584360599518,0.6237430783434307,17.0,-5.977724247442996,-6.044050808713005,8.0,120.0,-33.81716662433867,-0.011990261092587596,49.299861761664175,,27310.31819578449,30130.70437113174,,,,0.0,0.0,,,,,,6.027543372817246,-2.1194701277767054
crimson-toad-pearl,False,,,313,Other,127.8195347995302,0.03215784079064913,3974.7548858037017,2261.468498126623,0.6056993007659912,0.6232992724969566,47.0,-3.9374923660790215,-0.030805090726190733,6.0,138.0,50.37668318893947,0.012674160957412906,207.1418851627321,,26716.69704330671,30691.451929110397,,,,0.0,0.0,,,,,,11.824628524356546,-0.9906252031143437
silver-falcon-sand,False,,,314,Miniprotein,1.340285657446202,0.0005425121226092175,2470.5174347074217,1160.8979949451304,0.48630017042160034,0.6887975264142506,31.0,-3.8539081492981233,-2.875437879893015,4.0,88.0,-25.758073414836012,-0.010426185645553433,1378.6186643008086,,25985.843413243318,28456.360847950717,,,,0.0,0.0,,,,,,12.547978639815293,-1.5599599076517079
silent-heron-rose,False,,,315,Other,87.01558853258517,0.023785785443514007,3658.302087153186,2053.144346363555,0.5517383515834808,0.61218749143326,38.0,-6.7707571087186595,-0.07781085231852658,9.0,133.0,1.0621371882638417,0.00029033610756031757,168.37774120037258,,25096.767293392317,28755.069380545472,,,,0.0,0.0,,,,,,10.387332454977987,-1.8507922384254276
soft-panda-snow,True,Strong,8.0262641453634e-10,13,scFv,789.597526731549,0.3100373210926956,2546.782187217627,1121.195066709329,0.5121670067310333,0.6360918614781264,57.0,-6.410988387623625,-0.008119311637361881,9.0,100.0,748.7022606547608,0.2939796989363751,911.2878373082079,,32039.21442266437,34585.99660988191,,,,0.0,0.0,,,,,,22.381183709421496,-2.517289629164426
pale-hawk-bronze,False,,,316,Miniprotein,66.11637951405085,0.026042250771752946,2538.81202871162,1343.6443775482974,0.5632738471031189,0.5983242722713377,33.0,-6.1270950221420115,-0.09267136324123586,8.0,89.0,17.27892171402558,0.006805908243153462,-66.71835605555985,,26357.843564874074,28896.655593585696,,,,0.0,0.0,,,,,,12.998205312878806,-2.413370880888472
shy-vole-dust,False,,,317,Miniprotein,62.73860097272423,0.024456252072238345,2565.339970630345,1502.4664538687518,0.4510858654975891,0.5475804411753158,20.0,-7.656976709444592,-0.12204570377292097,10.0,84.0,6.5752340375838765,0.0025631043498566923,98.67484274598476,,26171.97140617875,28737.31137680911,,,,0.0,0.0,,,,,,7.79623762502156,-2.9847804958042854
small-swan-birch,False,,,318,Other,122.1378611472752,0.03805426706712091,3209.5707146808504,1699.4325225801074,0.4759710729122162,0.5303147757952063,47.0,-2.9543214456736497,-0.02418841641668586,4.0,120.0,100.5663689163483,0.0313332772063096,577.9987053160608,,25100.944913489788,28310.51562817067,,,,0.0,0.0,,,,,,14.64370290550633,-0.9204724582512955
noble-goat-fern,False,,,319,Other,335.278654680631,0.08965518063790409,3739.646189936771,2003.2991314329806,0.5770198106765747,0.613760734634317,48.0,-4.382297907810977,-0.01307061408960056,7.0,123.0,91.65723463553493,0.024509600636065696,1235.0946763210075,,25618.154325706233,29357.80051564302,,,,0.0,0.0,,,,,,12.835438852254516,-1.1718482672514727
ivory-jaguar-granite,False,,,320,Miniprotein,312.0528405164615,0.08785955200705421,3551.723556380152,2085.717984698885,0.4810686856508255,0.44691387082906536,34.0,-2.482324957580632,-0.007954822502087377,4.0,126.0,254.06718846592966,0.07153349196041317,460.8273073697208,,25032.97243745229,28584.695993832433,,,,0.0,0.0,,,,,,9.572817101410939,-0.6989071413290312
radiant-deer-wave,False,,,321,Miniprotein,6.994920786930962,0.003412682659297892,2049.6839247192297,1211.63383975747,0.48599594831466675,0.49545198915578503,15.0,-4.393666932971576,-0.6281224715482887,5.0,82.0,5.722354650464799,0.00279182296424004,122.83853393364524,,26486.891960886427,28536.57588560565,,,,0.0,0.0,,,,,,7.318201513462489,-2.1435826665681783
radiant-zebra-opal,False,,,322,Other,454.32329020524173,0.08644325935046447,5255.7399341375085,3036.5911790578043,0.53136146068573,0.4812656098379932,56.0,-1.7511713717654263,-0.003854460930176681,3.0,174.0,348.4836964321636,0.06630535391765943,329.81112512067267,,27500.035431177006,32755.775365314475,,,,0.0,0.0,,,,,,10.65501731473893,-0.3331921658434954
noble-toad-reed,False,,,323,Miniprotein,127.31044969606751,0.04856700467612721,2621.3362455652145,1439.3626629854575,0.5265597999095917,0.5778752134681396,23.0,-4.810414825275394,-0.03778491739491502,7.0,79.0,3.223410390652105,0.0012296821501268605,113.16008115228652,,24641.15895133012,27262.495196895397,,,,0.0,0.0,,,,,,8.774150984602406,-1.8351002598059178
brisk-jaguar-cedar,False,,,323,Miniprotein,-5.250832061790447,-0.0018941643344741962,2772.110088984456,1511.5224088519894,0.5719235241413116,0.6220579577783647,29.0,-4.348397681785891,0.8281349756791039,6.0,78.0,-36.671640967612056,-0.013228782332034464,389.48377451159274,,24821.01890841631,27593.1289974008,,,,0.0,0.0,,,,,,10.461344993201173,-1.5686237350620147
strong-boar-leaf,False,,,323,Miniprotein,56.75858472723739,0.02048092402158202,2771.2902341431154,1576.5503903290223,0.5541422665119171,0.6986247698361805,28.0,-4.4472011863277405,-0.07835292595295476,6.0,80.0,23.767129019138267,0.008576196288039488,-100.95104774964746,,24398.94484166689,27170.23507581,,,,0.0,0.0,,,,,,10.103597109761987,-1.6047403233111084
hollow-goat-wave,False,,,323,Miniprotein,46.68661594334003,0.017717750667588933,2635.019355405188,1463.6869444335953,0.5011904984712601,0.6485103292957939,26.0,-3.1070289189702507,-0.06655074171023691,5.0,77.0,-36.301386673833385,-0.013776516138057478,1066.727754176724,,24415.89720917754,27050.916564582763,,,,0.0,0.0,,,,,,9.867100196689815,-1.1791294483650887
crimson-hawk-cedar,False,,,324,Other,447.79351572976384,0.08964679267845801,4995.086855320011,3068.1034943105274,0.503116175532341,0.44958448072529306,59.0,-7.145423778357344,-0.015956961249678953,6.0,188.0,304.8914477196008,0.06103826751178042,2008.1767999202116,,25724.729489933077,30719.816345253043,,,,0.0,0.0,,,,,,11.811606426255056,-1.4304903969281575
calm-ram-sand,False,,,325,Other,459.56546843571664,0.16999699139466595,2703.374128361995,1361.2117060030564,0.5400297343730927,0.5576630338283889,54.0,-2.1065203744915446,-0.00458372205740737,2.0,110.0,471.1539136418196,0.17428365119677203,2418.4605572965093,,26941.98086193502,29645.35499029704,,,,0.0,0.0,,,,,,19.975037651454926,-0.779218959148621
hollow-panther-rose,False,,,326,Other,640.9672361877156,0.10319668886458758,6211.122112927273,4105.94512660311,0.5390584766864777,0.506528690230718,69.0,-4.642222477128054,-0.0072425269421548385,7.0,217.0,160.86202529340545,0.025899027964464208,970.7480522727244,,27174.773723081104,33385.8958360084,,,,0.0,0.0,,,,,,11.109103757015111,-0.7474047994429458
amber-owl-iron,False,,,327,Other,61.28057839887211,0.022583317849297544,2713.533007320191,1517.7307156557495,0.5756464004516602,0.6154845039423081,27.0,-4.173395694315084,-0.06810307283901056,4.0,102.0,43.734253563791235,0.016117089213881337,-228.66017401762454,,26869.50746100942,29583.040468329626,,,,0.0,0.0,,,,,,9.950127721742529,-1.5379933404372377
mellow-zebra-moss,False,,,327,Other,5.338177262607587,0.0020865532740388724,2558.370940740302,1476.2914252817986,0.4951416850090027,0.5272248571143295,23.0,-1.9466264316788287,-0.3646612571887399,2.0,110.0,-22.068467948709458,-0.008625984448652166,-113.30747057766226,,27685.329265328393,30243.70020606871,,,,0.0,0.0,,,,,,8.990095858947104,-0.7608851401022964
noble-mole-frost,False,,,327,Other,21.892760811090398,0.007396662810064252,2959.8159836760524,1620.8020034183908,0.47704532742500305,0.6214641719454478,27.0,-3.5137826618658323,-0.16049975113626722,5.0,125.0,-12.818217460420524,-0.004330748104313048,-385.1499849870808,,27056.633169472552,30016.44915314861,,,,0.0,0.0,,,,,,9.122188726904014,-1.1871625402541954
dark-goat-clay,False,,,327,Other,29.90975598931368,0.011160058226623918,2680.0716790132574,1551.6903703707114,0.5442300140857697,0.5219136842801528,15.0,-1.0628326694523105,-0.035534648622076524,2.0,110.0,1.0950637057396464,0.00040859493211122785,-364.1821804694916,,27070.814877216297,29750.88655622952,,,,0.0,0.0,,,,,,5.5968652321726955,-0.39656874768499545
deep-lion-stone,False,,,327,Other,-16.02040637366821,-0.007618616763523583,2102.7972492816175,1158.4387174308063,0.5262068510055542,0.5073702287973131,14.0,-1.2672342297247874,0.07910125374894766,3.0,82.0,-27.962777347042607,-0.013297895152086386,-496.7716866617306,,27932.858484340322,30035.65573362191,,,,0.0,0.0,,,,,,6.6577983230588895,-0.6026421378274652
wild-yak-ice,False,,,327,Other,3.1455616284944767,0.0011356557365727203,2769.819697285573,1609.5019195969758,0.5563257336616516,0.510247445630703,22.0,-0.0003354421331221748,-0.00010663982230821003,1.0,111.0,-18.276496348031564,-0.006598442622796912,-148.78419313870717,,27323.64180658354,30093.461503869126,,,,0.0,0.0,,,,,,7.942755270879195,-0.00012110612595141427
silver-bison-birch,False,,,327,Other,-5.6326243610617155,-0.0028743592252451025,1959.6104452050213,1130.2996116589425,0.5253172516822815,0.6280401308772481,16.0,-1.819984530116922,0.3231148419373498,4.0,82.0,-13.038849235117986,-0.0066537965578938405,-22.17298110990746,,26807.457057778436,28767.06750298348,,,,0.0,0.0,,,,,,8.164888097606577,-0.9287481267362344
amber-boar-reed,False,,,328,Other,32.70586636781742,0.010356066246631882,3158.1360710640874,1639.197517752788,0.44544030725955963,0.5451178158051245,21.0,-4.642702484317623,-0.14195320289347368,7.0,125.0,-8.501691144030033,-0.0026919964664997836,23.65948644982255,,26723.313602014936,29881.449673079012,,,,0.0,0.0,,,,,,6.6494918291865615,-1.47007677308639
jade-mole-willow,False,,,329,Other,43.597722475697296,0.012774679517753356,3412.823187862226,1841.076610738317,0.4793163985013962,0.5962258261791806,39.0,-7.030958126766785,-0.16126893166692494,9.0,114.0,2.8718816973375914,0.0008414973584191224,52.15664604525966,,26738.13324699287,30150.956434855114,,,,0.0,0.0,,,,,,11.427489164602573,-2.060158918215432
gentle-quail-lava,False,,,329,Other,85.48103338199155,0.025832850230219327,3309.0051086192434,1792.0265057587997,0.5468222498893738,0.5591698319346006,54.0,-4.365661761592892,-0.05107170080740524,6.0,114.0,40.28498041980393,0.01217434820963868,-149.6758674721733,,27955.93240415525,31264.93751277451,,,,0.0,0.0,,,,,,16.31910445207282,-1.319327597960271
hollow-toad-cedar,False,,,330,Other,348.3518586643953,0.09288287048001388,3750.442432109719,1902.218884252938,0.45530885457992554,0.6442180317058488,53.0,-4.184383812071921,-0.012011946277867249,7.0,122.0,208.65469471068508,0.05563468803687557,1197.8652399319774,,26254.209319221955,30004.65175133167,,,,0.0,0.0,,,,,,14.13166605257987,-1.1157040503400284
calm-wolf-ruby,False,,,330,Other,-11.583280714899047,-0.0037685893543379077,3073.638336733581,1479.8070226015438,0.5085950642824173,0.6646224752514642,47.0,-6.284545681575178,0.5425531709243352,8.0,99.0,-10.84648137759805,-0.0035288736634918566,632.3445453529541,,26508.20973816507,29581.848074898673,,,,0.0,0.0,,,,,,15.291324108726426,-2.044660104107725
deep-vole-orchid,False,,,1,Other,94.12533949533872,0.036495994892027914,2579.059422103854,1375.3288443214167,0.5800835192203522,0.58064520253114,22.0,-6.183409135512073,-0.06569335280664021,9.0,98.0,45.58337661144845,0.01767441890666639,1198.5704137004725,,28241.99403276544,30821.053454869336,,,,0.0,0.0,,,,,,8.530241611127215,-2.3975442684713286
golden-kiwi-ivy,False,,,331,Miniprotein,57.12361848993321,0.019679940286183292,2902.6316980259344,1357.716967307128,0.5492039918899536,0.7002852881645113,34.0,-7.716702112800096,-0.1350877678408975,9.0,110.0,-12.137511718869401,-0.004181554183096693,-23.221417683203622,,24652.266831737365,27554.898529763264,,,,0.0,0.0,,,,,,11.713508132334955,-2.658519204502654
dark-deer-ember,False,,,332,Other,67.06082926266362,0.01918850158588837,3494.8445016666424,1911.3830651638361,0.4797980636358261,0.6090145492091373,42.0,-6.795959069091475,-0.10134021818419642,7.0,136.0,42.09966842419642,0.012046220770085674,295.6069633708812,,27826.04050215095,31320.885003817617,,,,0.0,0.0,,,,,,12.017702069425631,-1.9445669373417265
jade-cobra-pearl,False,,,333,Other,76.2654090637555,0.03356078332216048,2272.45616801193,1445.9633275620838,0.6175286173820496,0.6546915991572578,15.0,-4.846833707056434,-0.06355218921076831,7.0,80.0,60.81507803272302,0.02676182664765209,-71.84027311305113,,31470.54227090868,33742.99843892063,,,,0.0,0.0,,,,,,6.600787382017065,-2.1328612517515406
deep-raven-topaz,False,,,78,scFv,767.7191806299094,0.3291713478548584,2332.2782667233237,1262.4144425688498,0.48594699800014496,0.6397250264257412,35.0,-4.641178625074013,-0.006045411840910307,5.0,97.0,715.806668444267,0.30691306378716193,725.2111873659425,,33655.03792481197,35987.316191535196,,,,0.0,0.0,,,,,,15.006785639336416,-1.9899763640101666
hollow-shark-ash,False,,,78,scFv,264.76827679943074,0.09448686435844487,2802.1702127293293,1274.5885407375492,0.558391809463501,0.6268261724760161,44.0,-1.850510492894629,-0.00698916998389668,3.0,118.0,235.70325922797738,0.08411454027926488,845.2422910617641,,32174.105219141984,34976.27543187121,,,,0.0,0.0,,,,,,15.702115381900288,-0.6603847562465599
silver-bee-leaf,True,Strong,4.35473578426054e-08,2,scFv,34.631186278957784,0.012095907514861743,2863.0498568551284,1477.370380068363,0.5812876224517822,0.5931941572204258,38.0,-2.8347329822941956,-0.08185491999783456,4.0,119.0,17.89287723341897,0.006249586325078222,-279.11709132992377,,30303.244843971064,33166.29470082619,,,,0.0,0.0,,,,,,13.272559647892578,-0.9901095419302139
frozen-yak-granite,True,Strong,2.47891870676426e-08,2,scFv,91.9265510933759,0.04499593287983483,2042.9968934941958,1292.3250730455252,0.6190184354782104,0.6377165887222244,24.0,-3.6295263837447544,-0.03948289520900228,5.0,93.0,83.51630623734209,0.040879311419070134,-365.0843068056377,,32313.24142430545,34356.238317799616,,,,0.0,0.0,,,,,,11.747448112342509,-1.7765697027258187
shy-ibis-stone,True,Strong,1.09870230845947e-08,2,scFv,121.7406576764401,0.027111507843674006,4490.368384466161,2357.7388661127725,0.47640401124954224,0.572790030702372,44.0,-6.347608245368288,-0.05214041361792898,6.0,173.0,77.58889118504594,0.017278958994423377,-261.92585782225365,,29288.194520023997,33778.562904490136,,,,0.0,0.0,,,,,,9.798750621933875,-1.4136052327748887
swift-toad-fern,False,,,1,Other,20.82694033842381,0.0069534784278131164,2995.1829943296348,1643.4637617912674,0.5559227466583252,0.5539961786088062,28.0,-3.851080364195076,-0.18490859922857622,7.0,107.0,-23.063244569631543,-0.007700112017627634,906.6613215812165,,28276.348861051116,31271.5318553808,,,,0.0,0.0,,,,,,9.34834367483006,-1.2857579558530459
dark-vole-cypress,False,,,1,Other,-23.64545467693131,-0.00782163061868546,3023.08506111802,1666.3851553436723,0.6027780473232269,0.6880346390294334,28.0,-8.929919531934377,0.3776590323148439,13.0,104.0,-46.58127160226288,-0.015408521646108049,874.3298397026035,,27115.30845499605,30138.393516114018,,,,0.0,0.0,,,,,,9.262061580776306,-2.953909450576904
noble-gecko-marble,True,Strong,1.27818914080712e-08,1,Other,308.47051907769753,0.1061826652081021,2905.09301563623,1476.1853170202971,0.5669983327388763,0.5484062560122362,35.0,-1.0113704828385308,-0.0032786617206157936,5.0,109.0,208.16273558595884,0.07165441328919726,526.1533496309831,,28497.66987470642,31402.762890342638,,,,0.0,0.0,,,,,,12.047807010521769,-0.3481370398107668
frozen-jaguar-onyx,True,Strong,6.250846937874851e-09,1,Other,57.4534807013257,0.020193296106566994,2845.175963256511,1558.8332583253098,0.6104310154914856,0.6967927541554855,32.0,-3.3518893753305465,-0.058340927902270745,4.0,106.0,29.708886183546888,0.010441844921796298,765.6345833785025,,27491.821073959098,30336.997037215642,,,,0.0,0.0,,,,,,11.247107529818182,-1.1780956322624296
amber-bee-plume,False,,,334,scFv,601.0616314256421,0.18900049276436337,3180.2119805847096,1345.8282576206948,0.47745269536972046,0.6514271163319982,51.0,-9.355449761351828,-0.015564875999757106,12.0,108.0,471.24668233157854,0.1481809027852715,453.07212192994984,,30202.441305169257,33382.65328575393,,,,0.0,0.0,,,,,,16.036666835845075,-2.941769233770306
young-boar-ivy,False,,,335,Miniprotein,49.15375607123826,0.02416612264814509,2033.994314557993,1201.9147604997202,0.35283540189266205,0.5337632880933948,24.0,-2.595632241509759,-0.05280638650987167,3.0,63.0,6.417139826455702,0.0031549448199171635,421.63353419137644,,27600.54213213678,29634.53644669478,,,,0.0,0.0,,,,,,11.799443011331837,-1.276125613002913
brisk-gecko-fern,False,,,336,Other,132.97289855524264,0.06144377545540607,2164.1394522013074,1148.2116930615935,0.5022131204605103,0.6170751778281346,13.0,-1.4243613973117681,-0.010711666909479509,1.0,89.0,90.45479937246887,0.04179712138257105,1664.6035214150804,,29768.606969452238,31932.746421653592,,,,0.0,0.0,,,,,,6.007006612617653,-0.6581652563391626
wild-yak-lava,False,,,337,Other,21.136408169198468,0.006680211406928145,3164.0328249608374,1473.1772304189562,0.4827869087457657,0.5267269537933206,23.0,-7.290004630564429,-0.34490271820109725,9.0,115.0,-14.663177929653813,-0.004634331797690912,-47.212478245812285,,29355.651394772318,32519.68421973316,,,,0.0,0.0,,,,,,7.269203978718103,-2.3040230724074933
scarlet-jaguar-snow,False,,,338,Other,47.243723182669484,0.012205559509665152,3870.6724706277373,2053.27724736833,0.5977967083454132,0.567137532882129,39.0,-10.16265263907751,-0.21511117148373898,13.0,140.0,14.986164378270312,0.0038717211264945616,126.49469091679829,,28438.83883600042,32309.511306628203,,,,0.0,0.0,,,,,,10.075768563718094,-2.6255522047385615
shy-moth-crystal,False,,,339,Other,290.69868176386865,0.07800895321893984,3726.478433161307,2054.024108661843,0.5075119286775589,0.6022358338934386,40.0,-5.761122031106376,-0.019818191111668243,6.0,146.0,223.49800097973292,0.05997565932244815,332.8081595037964,,26029.678187408237,29756.15662056956,,,,0.0,0.0,,,,,,10.733994766760677,-1.5459963433141373
strong-cat-orchid,False,,,340,Other,437.7920987630638,0.06572917666922452,6660.5443875587935,4260.566304012279,0.5544521510601044,0.5856162482794941,44.0,-4.13734041140885,-0.009450468437183944,7.0,216.0,324.4821873374499,0.048717067022862125,525.8712623490783,,23670.157146203666,30330.701533762465,,,,0.0,0.0,,,,,,6.606066627554864,-0.6211715095145937
quiet-wolf-ember,False,,,341,Other,7.375454219881192,0.0018949305225383919,3892.202976392641,2082.9981644338227,0.5427985191345215,0.577274673645801,33.0,-6.122300737585536,-0.8300913482836528,7.0,137.0,-33.80399200970441,-0.00868505373813637,-236.15760911649602,,28102.857726760743,31995.06070315343,,,,0.0,0.0,,,,,,8.478488968883363,-1.5729654323577407
hollow-boar-opal,False,,,342,Miniprotein,141.91780019621982,0.05895042640870877,2407.409222323356,1424.9792805074694,0.4640834182500839,0.5945277018920525,27.0,-0.9402983213659893,-0.006625654569517739,2.0,86.0,107.98989863990556,0.04485730869456671,331.89977102640705,,25853.193417842616,28260.602640166,,,,0.0,0.0,,,,,,11.215376160245281,-0.3905851621098805
scarlet-boar-pine,False,,,343,Other,301.89842186295925,0.03741883962637477,8068.08615332276,5354.4738149703035,0.5113521069288254,0.6277895323108286,77.0,-1.4634188243866135,-0.004847388122654391,3.0,234.0,168.22464253864385,0.020850625457111936,488.8630411659332,,25484.26051559638,33552.34666891914,,,,0.0,0.0,,,,,,9.543775132878114,-0.18138363876839853
violet-lion-iron,False,,,344,Other,206.66467454175051,0.05698505609018544,3626.6468565842906,1821.3806321857128,0.5747537910938263,0.5597381095020023,47.0,-4.446749163356127,-0.02151673561636095,5.0,113.0,134.8062821967434,0.037171052911313486,408.109592793417,,25629.461864022804,29256.108720607117,,,,0.0,0.0,,,,,,12.959629613418256,-1.2261323859760196
silver-fox-oak,False,,,3,Nanobody,192.0095227646459,0.0737555747765873,2603.322167121077,1470.2518724241593,0.5388765633106232,0.5951775801152471,36.0,-1.1669037917968368,-0.006077322494192954,2.0,101.0,117.31734885078289,0.045064475819571743,413.29638464116044,,26467.79905952506,29071.121226646144,,,,0.0,0.0,,,,,,13.828484409139087,-0.4482364136618845
strong-panther-bronze,False,,,3,Nanobody,3.34836505126043,0.001401381352489931,2389.3318155769366,1174.5817020755596,0.5152599215507507,0.6228495333421105,30.0,-4.906929052814257,-1.465470155641224,8.0,103.0,-10.017037105219018,-0.004192401005132168,219.29969307948846,,26921.071220205667,29310.403035782587,,,,0.0,0.0,,,,,,12.555811547152604,-2.0536825487461283
rough-fox-moss,False,,,3,Nanobody,-4.805740668440421,-0.0018624608979564369,2580.3176183260884,1264.3860518191104,0.4531513750553131,0.6477443462424176,30.0,-2.0640661722515294,0.4295001155194187,4.0,96.0,-21.160087271935538,-0.008200574658581207,-270.6619295151221,,27610.726035237905,30191.043653564015,,,,0.0,0.0,,,,,,11.626475665992503,-0.7999271708226899
young-ant-marble,False,,,3,Nanobody,2.403637739548742,0.0010431242825133518,2304.2678421379533,1216.3543813647166,0.45273418724536896,0.6006416919878744,34.0,-0.6388488170992729,-0.2657841514916512,1.0,90.0,-2.1096473997572076,-0.0009155391405366433,373.2678829841624,,26560.60806726761,28864.87590940559,,,,0.0,0.0,,,,,,14.75522913536562,-0.27724590232814866
vast-bison-leaf,False,,,345,Peptide,41.08813129199956,0.017515479816654026,2345.818197508483,1250.483790681237,0.5153002738952637,0.6007887110353451,17.0,-3.4580699324313042,-0.08416225863025899,5.0,96.0,-7.082699854789835,-0.0030192876252355966,-156.16273728951217,,24269.920740637717,26615.738938146194,,,,0.0,0.0,,,,,,7.246938410681556,-1.4741423423623172
hollow-bison-onyx,False,,,346,Other,214.294924977974,0.08712802520763493,2459.540709975779,1187.9519403153115,0.544921338558197,0.6521115855509884,29.0,-5.440847756734064,-0.025389531540671313,6.0,96.0,167.0798684838644,0.06793132872580497,415.84277531205663,,26451.88066384842,28911.421373824196,,,,0.0,0.0,,,,,,11.790819270596902,-2.2121397440856527
golden-wolf-topaz,False,,,3,Nanobody,37.050991935669344,0.014401953931607443,2572.6364708301758,1379.074825102425,0.5368089079856873,0.6074457658267767,44.0,-4.938026725674305,-0.1332765053698986,8.0,101.0,8.232630757396576,0.003200075428744875,-531.5017614734974,,28223.80717448228,30796.44364531248,,,,0.0,0.0,,,,,,17.103077134641353,-1.9194420905029115
deep-jaguar-ice,False,,,347,Peptide,166.40918287552225,0.058830656801210746,2828.6133781885214,1712.3080103975421,0.5279748737812042,0.6885910544251219,32.0,-4.440473577198095,-0.026684065749662794,5.0,99.0,169.8217877934284,0.06003711539474665,264.4468357160579,,23676.803111770598,26505.416489959058,,,,0.0,0.0,,,,,,11.312963534271761,-1.569841114179354
brisk-heron-frost,False,,,3,Nanobody,71.11329738705109,0.029136701093481564,2440.677726654528,1302.8678623830087,0.5483997762203217,0.6350202256653503,39.0,-4.0071926132781925,-0.056349413689370784,4.0,110.0,23.8216882723422,0.00976027601357879,-271.20394677961497,,27483.364178031374,29924.041904685924,,,,0.0,0.0,,,,,,15.979168234332132,-1.641836023460135
wild-swan-ruby,False,,,3,Nanobody,54.1131591045945,0.023121699398700356,2340.3625387343345,1222.2333406601144,0.46046558022499084,0.6707791116391763,28.0,-3.5410204357700703,-0.06543732604717617,4.0,95.0,38.43408180509081,0.016422276963070824,-220.49603663841629,,27045.736427362728,29386.09896609707,,,,0.0,0.0,,,,,,11.963958376783099,-1.5130221823175525
young-tiger-maple,False,,,348,Miniprotein,-5.178684206001236,-0.00317620032854299,1630.4652321400774,871.0769116121536,0.5012466609477997,0.5636128796601465,18.0,-1.1414034581513501,0.22040414374536543,3.0,57.0,-26.241608979977006,-0.016094552930474584,161.08035463828165,,23268.96019600331,24899.425428143393,,,,0.0,0.0,,,,,,11.039793823983592,-0.7000477137762661
quick-deer-snow,False,,,349,Miniprotein,56.805332449192605,0.026624482295917913,2133.5750989570242,1425.8368499746919,0.46819116175174713,0.3990624748141682,11.0,-0.752842706117722,-0.013253028785476677,1.0,87.0,28.82883759217013,0.013511986339858768,155.9052186373361,,24140.515940635087,26274.091039592095,,,,0.0,0.0,,,,,,5.155665720591337,-0.3528550302662143
vast-quail-sand,False,,,350,Miniprotein,69.00442322325716,0.022960699738539037,3005.3275383169066,2026.9254518347364,0.5295321643352509,0.47883166049500403,22.0,-0.6346791974588064,-0.009197659625461443,2.0,117.0,26.48860241612509,0.008813882040611013,538.0124870443642,,23017.74032702613,26023.06786534309,,,,0.0,0.0,,,,,,7.320333547511033,-0.2111847009575036
frozen-dove-ivy,False,,,351,Miniprotein,-7.5290317767276065,-0.0033720933547273357,2232.7471350022565,1161.1676134079785,0.557844489812851,0.6539044092781502,20.0,-7.772465283186586,1.0323326443131025,8.0,90.0,-25.34478703245163,-0.01135139158175474,1466.470649480916,,25154.983650406608,27387.73078540888,,,,0.0,0.0,,,,,,8.957575036807645,-3.4811220497563107
misty-dove-jade,False,,,352,Miniprotein,27.736908993447656,0.010871656894598401,2551.3046688613563,1477.8157182803022,0.5576059222221375,0.5535638761089787,37.0,-5.073471824568035,-0.18291410285719115,8.0,117.0,-25.18792907403167,-0.009872568094845767,153.038560610029,,24099.51212154495,26650.816790406345,,,,0.0,0.0,,,,,,14.502383996542854,-1.9885793674466632
hollow-panda-frost,False,,,353,Miniprotein,126.90674370753246,0.03627806290388504,3498.1675852913836,1752.7052150957488,0.5580422878265381,0.5337371788990924,54.0,-4.18558105306981,-0.03298154952833588,6.0,127.0,58.72452555494769,0.01678722477501208,316.52303833911463,,24605.96121434295,28104.128799634385,,,,0.0,0.0,,,,,,15.436653242986932,-1.1965067284565691
mellow-deer-crystal,False,,,354,Miniprotein,202.2036181191595,0.07389508913620349,2736.360703841329,1566.9387923251195,0.5485858023166656,0.5155980853786377,30.0,-2.5544895489505475,-0.012633253414116336,3.0,107.0,83.09796986938507,0.03036806140094446,1038.9710388625933,,25538.446628115278,28274.807331956596,,,,0.0,0.0,,,,,,10.963466898894476,-0.9335353871163736
silent-shark-sand,False,,,355,Miniprotein,48.842874884046154,0.020524019122216578,2379.7909460713445,1236.561966341703,0.5654363930225372,0.5851114724948592,15.0,-3.276286677126094,-0.06707808835790392,6.0,95.0,26.64809444460928,0.01119766191589267,-136.47037115197125,,25407.91841009367,27787.709356165047,,,,0.0,0.0,,,,,,6.303074656520821,-1.3767119681393534
bright-boar-pine,False,,,356,Other,43.09429698244003,0.014608634170856248,2949.91964877947,1531.8544551971909,0.6675803661346436,0.5912155296145065,28.0,-9.975771440749847,-0.23148704444151283,9.0,97.0,-25.312175603408612,-0.008580632226332513,812.5127966610992,,28104.521048808976,31054.440697588452,,,,0.0,0.0,,,,,,9.491783958110522,-3.381709547538803
steady-crow-vine,False,,,3,Nanobody,115.91915923149509,0.051571161376558296,2247.751575441274,1190.423117096626,0.48667989671230316,0.574194231332265,25.0,-2.283914226808159,-0.01970264658534223,7.0,80.0,86.21808063682471,0.03835747756951235,416.67594202546223,,26473.50288084782,28721.2544562891,,,,0.0,0.0,,,,,,11.122225548920838,-1.0160883665979794
mellow-bat-willow,False,,,3,Nanobody,93.67481989826362,0.04591877251285564,2040.011410845923,1151.917399400484,0.4933116137981415,0.5118591031351306,23.0,-3.998291975666719,-0.042682675878203985,5.0,84.0,79.57080375448695,0.03900507778115401,328.57589184039745,,26614.086646578784,28654.098057424722,,,,0.0,0.0,,,,,,11.274446739718327,-1.9599360838911994
radiant-vole-sand,False,,,3,Nanobody,51.94676860216647,0.019945168822983767,2604.4787619097883,1360.1066798759775,0.4793657660484314,0.6136269579082682,34.0,-0.4107194893640421,-0.00790654549678597,1.0,100.0,15.790707876869606,0.006062905218428711,-123.5194141993553,,27580.224707772293,30184.703469682107,,,,0.0,0.0,,,,,,13.054435496747454,-0.15769738473999823
quick-goat-willow,False,,,357,Other,-24.179800336925105,-0.0061003317330338164,3963.6861395568744,2316.480849513445,0.523595541715622,0.625051783892989,28.0,-5.045694064860519,0.2086739342158757,6.0,161.0,-54.75815038855493,-0.013814956194961666,-74.75216922175841,,27804.856455878053,31768.542595434938,,,,0.0,0.0,,,,,,7.064131471098339,-1.2729802227541176
azure-cat-cypress,False,,,358,Nanobody,430.8952625350267,0.13175472485128426,3270.434992152212,1934.810627470376,0.5768018662929535,0.5220792527416043,54.0,-2.1089728742762293,-0.0048943979143998935,4.0,122.0,418.8559493554409,0.12807346740128892,746.1374333082945,,24514.730790974172,27785.16578312642,,,,0.0,0.0,,,,,,16.511565014922866,-0.6448600505244575
shy-toad-maple,False,,,359,Other,354.30574692241584,0.08534560794128272,4151.423318305684,1775.5003476515524,0.45389722287654877,0.5499949229114408,55.0,-2.2259811045917552,-0.0062826559374979316,3.0,135.0,282.500070641768,0.06804896754230895,786.8056565685446,,26904.879692136652,31056.30301044239,,,,0.0,0.0,,,,,,13.248468244006272,-0.5361970904716705
bright-ram-ember,False,,,360,Miniprotein,195.08005706351145,0.08458447206604279,2306.3341568319383,1361.776665203418,0.5512993633747101,0.561406143270088,19.0,-7.929312982979052,-0.04064645613876121,8.0,94.0,185.6036960988735,0.08047563079663411,235.01467881057968,,23883.92356036925,26190.257717201206,,,,0.0,0.0,,,,,,8.23818176725053,-3.4380590338526815
ivory-quail-frost,False,,,361,Miniprotein,420.316043535119,0.07291939571929962,5764.118577629321,3881.8063680762857,0.5341344177722931,0.46611302496865337,40.0,-6.175904655055117,-0.014693478276755564,7.0,177.0,236.19331536155863,0.04097648446689324,156.33628822173057,,24986.150947273236,30750.269524902564,,,,0.0,0.0,,,,,,6.939482500453917,-1.0714395569556716
quiet-bee-cedar,False,,,362,Miniprotein,18.950419048724825,0.005723023006396066,3311.2603299944426,1912.0722375078085,0.5613999664783478,0.5608651637409178,30.0,-5.777243606481944,-0.30486099497998675,6.0,111.0,-51.3320943787323,-0.015502282896258553,1655.3274524808642,,24032.915158883527,27344.17548887804,,,,0.0,0.0,,,,,,9.059994385899085,-1.7447264880232598
gentle-eagle-dust,False,,,363,Miniprotein,161.70331118400313,0.06120264186475262,2642.096913746629,1690.4877489487305,0.45727282762527466,0.5367160457956761,12.0,-3.910431484265615,-0.024182754549880014,4.0,112.0,119.46253274784898,0.045215045718533076,395.95083381469374,,24720.059701759183,27362.156615505843,,,,0.0,0.0,,,,,,4.5418470221758005,-1.4800484660195234
misty-yak-leaf,False,,,364,Miniprotein,538.8297962765088,0.15321048401741016,3516.9250964266816,2141.248776443741,0.5240067541599274,0.5556288033789653,31.0,-1.8984999360079504,-0.0035233759326733782,2.0,120.0,491.777032017663,0.13983153423350572,483.0383243177333,,25636.353253910675,29153.27835033738,,,,0.0,0.0,,,,,,8.814518123089139,-0.5398181320201821
pale-seal-moss,False,,,365,Miniprotein,85.50822116220647,0.03999873878484257,2137.7729338458444,1495.0107796411382,0.5425129532814026,0.622537974064544,14.0,0.0,0.0,0.0,104.0,60.70405890720885,0.028395933892755628,201.35835725349497,,24354.244647931668,26492.017581777545,,,,0.0,0.0,,,,,,6.5488713877643026,0.0
dark-ibis-vine,True,Medium,2.6740831783573e-07,366,Miniprotein,139.1294981316509,0.08731657478179188,1593.391615272838,1069.5535433985633,0.4048643112182617,0.5821663472247611,16.0,-1.4761901956294892,-0.01061018846077234,2.0,71.0,126.77161093971526,0.07956086232950839,-106.24169330767415,,26454.22716982211,28047.61878509496,,,,0.0,0.0,,,,,,10.041473700902024,-0.9264453141839333
solid-hawk-quartz,True,Medium,6.23935460862555e-08,367,Miniprotein,91.67192064440664,0.05044394618173184,1817.3027208090516,1147.8250599686723,0.5353831350803375,0.6970910191304972,18.0,-0.9216634706393427,-0.0100539343362779,1.0,71.0,46.77133742590561,0.025736679360213198,-128.95030709434846,,25825.296206948053,27642.598927757157,,,,0.0,0.0,,,,,,9.904789000693574,-0.5071601225738681
shy-moth-topaz,False,,,368,Miniprotein,89.07412982063119,0.05225384899903936,1704.6424622666311,1058.5567435020132,0.5121773481369019,0.4889697303947687,25.0,-0.08133893797490982,-0.0009131600627331669,1.0,68.0,64.39334861380907,0.0377752813503111,473.5470280172785,,25229.98255827398,26934.625020540614,,,,0.0,0.0,,,,,,14.665832016620053,-0.047716128030012205
silver-gecko-wave,False,,,369,Miniprotein,106.62533694869231,0.06974347884566003,1528.8216004345095,803.8182054255996,0.4887404292821884,0.5646587817690221,14.0,-1.5498073799704315,-0.014535076036535225,2.0,44.0,96.05369185126425,0.06282858106136428,151.6563539721245,,24365.394408483837,25894.21600891838,,,,0.0,0.0,,,,,,9.157379772774686,-1.0137267680741544
violet-bison-ember,False,,,370,Miniprotein,99.79204714472803,0.03643201476224188,2739.1306189344336,1726.3587874192317,0.5503881275653839,0.597031647457119,23.0,-3.7607552217711793,-0.03768592116681373,4.0,106.0,15.412840882765096,0.005626909785251841,491.97293090755255,,26693.284979523854,29432.415598458323,,,,0.0,0.0,,,,,,8.396824832306601,-1.3729740362780414
soft-crow-dust,False,,,371,Miniprotein,-2.7482045844680556,-0.0014470982660377528,1899.1140055697908,988.7719641114057,0.6266731321811676,0.613704803760831,14.0,-5.551412582656945,2.0200143082620903,5.0,82.0,-23.423835782956854,-0.012334086165579619,230.0440663757784,,25324.374858900857,27223.488864470648,,,,0.0,0.0,,,,,,7.371858645105186,-2.923159202857522
hollow-heron-ice,False,,,372,Miniprotein,19.49718072152116,0.007824716598875734,2491.7427328067756,1474.4158091403979,0.5466512739658356,0.6395649543814472,21.0,-2.297357987850898,-0.11783026585556822,2.0,104.0,-23.082513013153036,-0.009263602020081817,-112.64309716127745,,27075.009485185215,29566.752217991998,,,,0.0,0.0,,,,,,8.427836358669724,-0.9219884370900053
quiet-seal-thorn,False,,,373,Miniprotein,128.05434387217318,0.04769305288525426,2684.968483360918,1294.5941794845526,0.5525093674659729,0.6834314261201407,22.0,-1.4873980595118328,-0.011615365902749758,2.0,105.0,89.65954914530009,0.03339314770394193,-162.50963605159254,,26531.792642532135,29216.761125893085,,,,0.0,0.0,,,,,,8.193764707607082,-0.5539722602814233
violet-quail-cloud,False,,,14,Other,195.38953456098903,0.041022753346317886,4762.9551559226775,2687.1939720826836,0.4146029204130173,0.4357390545918685,72.0,-1.4291475788760566,-0.007314350699934553,4.0,178.0,131.54201518425242,0.0276177311937698,609.6018794003824,,27206.915117052387,31969.870272975077,,,,0.0,0.0,,,,,,15.116665524442082,-0.3000548046518827
wild-dove-rose,False,,,99,Miniprotein,120.53621481537766,0.03002193500690077,4014.9382372479154,2748.426475241123,0.47294558584690094,0.6238005059153812,33.0,-2.201595589164819,-0.01826501348608755,4.0,139.0,46.841303815873374,0.011666755762594563,-61.503165676274755,,24507.291709009973,28522.229946257914,,,,0.0,0.0,,,,,,8.21930451976771,-0.5483510477794865
lunar-moth-wave,False,,,374,Other,595.4165161835595,0.1341392330404014,4438.794696285657,3004.3238731557644,0.49934807419776917,0.6092256054772159,49.0,-4.1922242325118155,-0.0070408262427497145,3.0,171.0,101.17552889805724,0.022793468907836626,1515.4394221951152,,28222.05277727529,32660.84747356096,,,,0.0,0.0,,,,,,11.039032744858138,-0.9444510321731777
soft-crane-frost,False,,,375,Other,359.7889552549932,0.07817745644467773,4602.208508914559,2052.6197003904053,0.43097805976867676,0.5755332135531103,57.0,-9.442806298269158,-0.02624540347987269,12.0,164.0,157.26574015501342,0.034171798137869434,2113.7000487847404,,28400.416785510013,33002.625294424586,,,,0.0,0.0,,,,,,12.385358005746586,-2.0517988874207402
ivory-falcon-rose,False,,,376,Other,564.1235280311097,0.167782826574527,3362.224487144,1662.9347867958386,0.5121546685695648,0.6765111649320622,47.0,-5.619178237140284,-0.009960900331089192,10.0,102.0,532.077632628998,0.15825166780608538,446.7777415905725,,27932.99911133593,31295.223598479966,,,,0.0,0.0,,,,,,13.97884055027021,-1.6712680127772868
noble-ibis-moss,False,,,377,Other,148.04429910599805,0.03153214821881325,4695.027375828118,2494.4426097762516,0.5057885646820068,0.5928631638605585,45.0,-3.0950309630587176,-0.02090611378991845,6.0,178.0,70.33468208293726,0.014980675606930087,211.10360170365857,,25163.849845436573,29858.87722126477,,,,0.0,0.0,,,,,,9.584608650351653,-0.6592146787030843
noble-owl-clay,False,,,378,Other,188.33312657264892,0.04961637103236859,3795.7860007493227,1885.7604061355744,0.517651379108429,0.466563155345884,50.0,-4.998331873917687,-0.02653984439635794,7.0,134.0,109.9123891049848,0.028956424066922396,379.2125640438006,,26261.6809341233,30057.466934872642,,,,0.0,0.0,,,,,,13.172502346056797,-1.316810766711024
brisk-cobra-maple,False,,,379,Other,45.81723374351287,0.016462659022735172,2783.1004505553205,1379.296008739275,0.4700955003499985,0.6303812362859443,40.0,-5.650975875032131,-0.12333734303268006,9.0,94.0,-6.233681350663243,-0.00223983340213948,149.89033773347256,,26567.86882312436,29350.969273679664,,,,0.0,0.0,,,,,,14.372460035360447,-2.0304606231171336
violet-otter-frost,False,,,380,Other,225.2139922497321,0.07358076948673678,3060.7724521055434,1819.6822794401646,0.45115800201892853,0.5431461240876055,38.0,-2.16334948063256,-0.009605750775172513,3.0,108.0,139.4125992621971,0.045548174992980424,556.7142553921279,,26576.986074070817,29637.758526176396,,,,0.0,0.0,,,,,,12.415166626927567,-0.7067985335350118
deep-seal-rose,False,,,381,Miniprotein,37.56568584901754,0.011587050970438521,3242.040269336611,1608.5049177150674,0.524163156747818,0.726362687120899,31.0,-9.235076684042575,-0.24583809599962622,12.0,108.0,-30.490262971560526,-0.00940465276139197,365.4079709322492,,25286.441423030865,28528.481692367495,,,,0.0,0.0,,,,,,9.561879996741448,-2.8485385488232278
jade-shark-lotus,False,,,3,Nanobody,74.66508844738144,0.03608551766783955,2069.1150708896466,1001.6968874102755,0.5618778169155121,0.6564496656169432,29.0,-1.6070449007193381,-0.021523377714229422,5.0,87.0,31.626410311672434,0.015284993452816614,-264.58476301269985,,26510.008823558022,28579.12389444769,,,,0.0,0.0,,,,,,14.015653555474332,-0.7766822267784098
shy-ox-cloud,False,,,3,Nanobody,58.38553053449919,0.024268344281503203,2405.830816361022,1256.1637126287387,0.5337893962860107,0.6304249971188239,33.0,-1.7525845957502624,-0.030017447468678644,4.0,101.0,35.96520247449579,0.014949181891724015,93.42989657359871,,27063.29868272705,29469.129499088114,,,,0.0,0.0,,,,,,13.716675243986892,-0.7284737496218302
lunar-fox-opal,False,,,382,Miniprotein,86.35406040549292,0.04209812156267848,2051.256854226221,1245.1391348475156,0.5763297080993652,0.6437868126307438,27.0,-3.7331333491651106,-0.0432305479514852,4.0,85.0,34.322323057574536,0.016732338023324567,126.22568238043566,,23570.932517570312,25622.189371796547,,,,0.0,0.0,,,,,,13.162661684406652,-1.8199248628828253
amber-falcon-pearl,False,,,207,Miniprotein,-24.77413073490044,-0.011968468789253936,2069.9498967774603,1141.6565699429152,0.6776081621646881,0.5701688913481237,24.0,-6.358241470695783,0.25664841841407743,7.0,79.0,-39.38069505074848,-0.01902495085125352,207.3022791522077,,24010.869137156667,26080.819033934153,,,,0.0,0.0,,,,,,11.594483536709602,-3.071688585600271
young-toad-ice,False,,,383,Other,120.205330243976,0.04665457222391897,2576.496247078413,1498.7008866150268,0.5164308547973633,0.5712735738584594,19.0,-4.845241098562341,-0.04030803865958479,7.0,94.0,-16.34914819585707,-0.00634549660780449,121.3069402033858,,28684.894314506008,31261.39056158443,,,,0.0,0.0,,,,,,7.374355783186108,-1.8805543008481167
ivory-zebra-ash,False,,,383,Other,87.40830485716432,0.03049667786954666,2866.158249467835,1535.7633566461082,0.5598147809505463,0.5258984914168955,33.0,-4.4605382878170445,-0.05103105814837732,6.0,103.0,27.21340497982244,0.009494732185452496,248.41291729277535,,26707.109833370072,29573.26808283791,,,,0.0,0.0,,,,,,11.51366991202498,-1.5562777416931675
deep-quail-crystal,False,,,384,Miniprotein,62.87354863668986,0.032549672183989214,1931.618490081648,1208.0851199670326,0.5211057364940643,0.5627967965368981,17.0,-1.2238167814787253,-0.019464732117324246,2.0,74.0,19.577077087072656,0.010135064034433192,397.3915923382078,,26210.609342262043,28142.2278323437,,,,0.0,0.0,,,,,,8.800909748633346,-0.6335706495680705
pale-owl-lava,False,,,3,Nanobody,23.200645277333194,0.010431613675791023,2224.070599084365,1189.3244982671558,0.6488873362541199,0.6075472815762017,31.0,-10.014669768064127,-0.4316547944400651,10.0,97.0,16.194254023212235,0.007281357898386545,-353.99529555678544,,26669.549044687967,28893.619643772345,,,,0.0,0.0,,,,,,13.938406457404048,-4.502856056901746
swift-ibis-sand,True,Strong,7.86073418014963e-09,385,Other,290.9249321744028,0.0431394849376852,6743.820251786562,4521.6810030243805,0.5968133807182312,0.6136756479782234,50.0,-6.2395729920135246,-0.02144736425777714,9.0,225.0,21.528402379087073,0.0031923155682246724,-104.9615707498464,,28172.086180512986,34915.90643229954,,,,0.0,0.0,,,,,,7.414195238485795,-0.9252282473514247
dark-boar-ice,True,Strong,5.6147157187682406e-09,386,Other,59.236033737310095,0.006207728234250396,9542.30460838836,6241.8642182595995,0.6059429943561554,0.4879268373426393,66.0,-14.285519180720462,-0.24116265521880578,16.0,319.0,-64.09747136150126,-0.006717189818605775,-556.0441664191441,,28825.400432477785,38367.705040866,,,,0.0,0.0,,,,,,6.916568136169258,-1.4970722238485743
noble-swan-clay,True,Strong,3.12281204596121e-08,387,Other,252.0800271662846,0.03362267316660943,7497.322592916986,4807.620869708884,0.5752286612987518,0.6103211094559547,46.0,-12.095609958634055,-0.047983214277643606,12.0,254.0,150.4481448267183,0.020066916284068204,245.3657241574474,,27733.443788501594,35230.76638141858,,,,0.0,0.0,,,,,,6.135523639259968,-1.6133239311405982
gentle-bison-marble,True,Strong,1.42281751508607e-08,388,Other,538.9531332446179,0.06231881770339267,8648.320894176351,5446.3824500153405,0.5759449899196625,0.5660603726718356,61.0,-11.18883004148841,-0.020760302429506553,13.0,279.0,223.32704781839615,0.025823168514570408,42.44856562876438,,28228.012774147086,36876.33366832335,,,,0.0,0.0,,,,,,7.053392299663219,-1.2937575025717187
steady-eagle-oak,True,Medium,7.82424707718763e-08,389,Other,400.86270039804083,0.05822739869798435,6884.4342931623605,4470.938882783749,0.5648946464061737,0.5966688747822053,65.0,-4.671679470865928,-0.01165406376354581,9.0,236.0,275.70508136765034,0.040047601535173546,41.05369471058955,,29191.478627657347,36075.91292081963,,,,0.0,0.0,,,,,,9.441589131667387,-0.6785858172117137
calm-ant-dust,False,,,243,Miniprotein,49.351666139360105,0.017506798842339823,2819.0000115843077,1448.8934949085958,0.44741906225681305,0.617188471904052,39.0,-2.9533622957196486,-0.0598432135478444,4.0,102.0,15.826088348822061,0.0056140788519995904,20.65586277602791,,25191.207198843964,28010.207210428336,,,,0.0,0.0,,,,,,13.834693096748726,-1.0476631016612974
quiet-raven-clay,False,,,390,Miniprotein,119.38996016382896,0.034152960608672005,3495.7426248286615,1811.81210115073,0.5743319988250732,0.7277225676513875,60.0,-4.467815277041735,-0.0374220350765753,5.0,143.0,93.37253127334176,0.026710356366100686,73.87343939963748,,24631.539022287943,28127.281647116644,,,,0.0,0.0,,,,,,17.163734988339083,-1.2780732898666183
shy-moth-ice,False,,,391,Miniprotein,195.82866667028156,0.0710833004886305,2754.918037346952,1452.3905529531758,0.576686441898346,0.6583832514107221,42.0,-7.182887963072272,-0.03667945089554311,7.0,124.0,108.1166990049748,0.03924497844919322,632.7645614264648,,24658.587064566724,27413.505101913695,,,,0.0,0.0,,,,,,15.245462634687653,-2.607296429765858
vast-crow-leaf,False,,,329,Other,-1.6271743597023374,-0.0005535532042195558,2939.5085193237383,1344.2199250794547,0.49689993262290955,0.6328116420687946,30.0,-4.449339862963844,2.734396493180836,8.0,120.0,-17.86704434551967,-0.006078242069402185,-354.7506102952122,,27879.77201457733,30819.28053390107,,,,0.0,0.0,,,,,,10.20578773723091,-1.5136339404069685
solid-crow-moss,False,,,392,Miniprotein,9.526083308432753,0.00381076854508131,2499.780082610474,1355.8024109308599,0.4888845980167389,0.618757247031677,43.0,-3.9027121973004566,-0.40968696902384505,8.0,95.0,-14.291032343495985,-0.005716915837081206,46.6891145002093,,26029.141750766288,28528.9218333768,,,,0.0,0.0,,,,,,17.201513164748434,-1.5612222148857697
lunar-ant-orchid,False,,,393,Miniprotein,-8.352015303237266,-0.0035133396214512653,2377.2297025436087,1219.418690839028,0.5442873537540436,0.6614779815876694,30.0,-6.339030412925306,0.7589821357808431,8.0,91.0,-37.185330200539,-0.015642295803704253,140.29287510435185,,24904.58078168791,27281.810484231493,,,,0.0,0.0,,,,,,12.619731264463145,-2.66656200961254
scarlet-lynx-lava,False,,,394,Nanobody,216.93456002230164,0.08038130965660793,2698.818431163345,1482.9171295154274,0.544437825679779,0.6441511229556471,50.0,-2.717166926594437,-0.012525283782884122,7.0,103.0,115.76358481697127,0.04289417305004493,251.0528385036179,,26022.230340012582,28721.048771175912,,,,0.0,0.0,,,,,,18.526626105205285,-1.0067987142888981
silver-falcon-cedar,False,,,395,Peptide,265.6605462083972,0.0878572886030788,3023.7735586013473,1383.091176777114,0.47448913753032684,0.5860453983991883,77.0,-6.35051308839214,-0.023904615039865518,8.0,119.0,185.7992159487712,0.06144614083956505,431.0206361649785,,25088.618009805818,28112.391568407143,,,,0.0,0.0,,,,,,25.464869808444423,-2.1001946625029633
deep-eagle-ivy,False,,,396,Peptide,740.5975497991313,0.3415518276472702,2168.331391755767,1368.9751244413999,0.5299195051193237,0.5262829032481242,26.0,-6.031143760044671,-0.008143618300763307,9.0,86.0,695.6409027924699,0.32081853605835925,805.9824034282534,,25064.204600210593,27232.535991966368,,,,0.0,0.0,,,,,,11.990787062740889,-2.781467714287465
crimson-orca-quartz,False,,,397,Miniprotein,111.19440299340476,0.038134308421080884,2915.862581421191,1403.362687346838,0.49927811324596405,0.6028621385653815,31.0,-4.339857544847924,-0.039029460368660215,10.0,112.0,48.70971231536101,0.01670507815619346,511.7644039874354,,25713.476188692628,28629.33877011382,,,,0.0,0.0,,,,,,10.63150238887136,-1.4883614792068418
strong-ox-granite,False,,,398,Other,183.9315688771665,0.05609242384521338,3279.080422424324,1789.4467927690685,0.5284470617771149,0.5635707045712097,47.0,-3.5458814654449666,-0.019278264667078347,6.0,123.0,150.02286600828504,0.045751505508171884,474.5317542583963,,24600.79512508428,27879.87554750859,,,,0.0,0.0,,,,,,14.333286758868656,-1.08136459270596
vast-crow-opal,False,,,399,Miniprotein,77.39210720204727,0.036156111728432416,2140.4986184171935,1114.5674154639564,0.5384699702262878,0.7415867308745105,24.0,-5.587376031666804,-0.07219568291479471,7.0,88.0,50.19830423962822,0.0234516872880524,140.6484637002746,,25255.94163921189,27396.44025762905,,,,0.0,0.0,,,,,,11.212340803913701,-2.6103151777777964
crimson-gecko-pine,False,,,3,Nanobody,175.63309913350747,0.06487795689337553,2707.1305500904386,1431.6006175394587,0.5491138398647308,0.6219676310837703,37.0,-4.001659395831275,-0.022784198511405954,7.0,101.0,98.52462195105844,0.03639448490866721,35.35520452666402,,26176.88709886746,28884.017648957906,,,,0.0,0.0,,,,,,13.667608309013366,-1.4781922488731065
silent-lynx-clay,False,,,3,Nanobody,197.08293887022708,0.06942308663803505,2838.867420254556,1341.3839744844731,0.5478564202785492,0.5517958800423453,44.0,-3.9957506906396465,-0.020274462688374677,6.0,100.0,136.19642952862412,0.04797562174157878,-61.00406975660214,,26460.58521036156,29299.452630616142,,,,0.0,0.0,,,,,,15.499138736128298,-1.4075157797546443
silver-fox-cypress,False,,,3,Nanobody,193.54452863209647,0.07113980952681595,2720.6219684794123,1501.7034657329498,0.5452709197998047,0.649739243621677,53.0,-0.32354072517426,-0.0016716604052872495,2.0,114.0,75.89142125825826,0.027894879236263343,-16.458976725035825,,26708.144014643713,29428.765983123107,,,,0.0,0.0,,,,,,19.480839533771142,-0.11892160282565488
small-hawk-birch,False,,,3,Nanobody,155.60941973178035,0.06021436805901057,2584.257291868975,1268.9874999152196,0.5111636817455292,0.5959441688989506,30.0,-2.082235351322157,-0.013381165194955733,4.0,101.0,149.20527692383178,0.0577362313703386,634.6820671502237,,27804.743350785557,30389.00064265453,,,,0.0,0.0,,,,,,11.608751223955544,-0.8057384061074864
swift-dove-ice,False,,,3,Nanobody,42.68754115605887,0.01700331209517353,2510.54270586352,1226.6161726926284,0.5348997712135315,0.6091284686862943,28.0,-7.478789747174436,-0.17519841960053797,9.0,97.0,20.900624961350253,0.008325142174453203,188.6089435776807,,26770.57462815591,29281.11733401946,,,,0.0,0.0,,,,,,11.152967019682379,-2.978953407049114
quiet-tiger-vine,False,,,1,Other,92.35351554770887,0.0326211077165126,2831.0968576018063,1460.0569233280896,0.6467857658863068,0.6176446525929028,30.0,-6.4994681921084565,-0.07037596948597911,10.0,103.0,61.291900997218356,0.02164952457654102,832.1011549820593,,27668.684960066374,30499.781817668172,,,,0.0,0.0,,,,,,10.596599660462587,-2.2957420812561287
ivory-shark-crystal,False,,,1,Other,-18.285072114692298,-0.006703257410183101,2727.7890428189357,1563.732025198751,0.6248979270458221,0.5343494530742154,34.0,-7.114423792729642,0.38908371528997737,9.0,103.0,-24.07728542597753,-0.008826666962887909,504.514558381052,,28574.672311956696,31302.461354775645,,,,0.0,0.0,,,,,,12.46430697766273,-2.6081282976991127
frozen-orca-ruby,False,,,400,Nanobody,49.22183266233378,0.03721165209694302,1322.7532207949835,670.6314243171926,0.6381251215934753,0.6491092909477721,14.0,-2.123905933826033,-0.043149671983898276,3.0,53.0,25.33378761704459,0.019152315956425203,364.44197963949483,,28059.776779692344,29382.53000048736,,,,0.0,0.0,,,,,,10.58398481281785,-1.6056705819620318
small-fox-flint,False,,,401,Other,436.6594627582466,0.08380606987847487,5210.356044513671,2853.89651249963,0.5228646099567413,0.45440715611919874,77.0,-4.41066678081432,-0.01010093026028444,5.0,209.0,330.66652570865824,0.06346332628397611,724.334603851198,,25109.999286041188,30320.35533055492,,,,0.0,0.0,,,,,,14.778260706593823,-0.8465192672309991
misty-bison-lava,False,,,1,Other,92.85139066236422,0.031864581975880144,2913.93719624654,1540.84214065711,0.5297496020793915,0.6807531003164365,50.0,-3.2959983081433464,-0.03549756535288302,7.0,110.0,62.685851637916514,0.021512423712721926,1008.6499682754064,,26765.351563593533,29679.288759840103,,,,0.0,0.0,,,,,,17.158914771534985,-1.131115081131104
dark-ant-crystal,False,,,1,Other,186.904431404226,0.05473458878622039,3414.7407617188455,1842.1570703865475,0.569826602935791,0.6573029918087375,45.0,-2.073324402855243,-0.01109296546517497,4.0,123.0,122.34011614625253,0.035827058240483045,2013.4862581354873,,26632.78526642666,30047.526028145534,,,,0.0,0.0,,,,,,13.178159965897024,-0.6071689031560958
rough-tiger-snow,False,,,402,Miniprotein,145.520569794673,0.03985982261335062,3650.8082639066347,2589.473879320694,0.5580492317676544,0.6613367066577306,21.0,-2.8984237358226035,-0.01991762222971109,4.0,121.0,96.52786040364512,0.026440134191093666,15.720235346753585,,24781.509432474904,28432.317696381484,,,,0.0,0.0,,,,,,5.752150888781118,-0.7939128889560132
misty-bee-stone,False,,,1,Other,30.135288375598293,0.0099729818989606,3021.692877908366,1538.365215924792,0.5923888087272644,0.5484164630547304,27.0,-6.053512091169646,-0.20087785508206413,8.0,110.0,19.51304801340527,0.006457654302349986,759.9542360017616,,28295.19322752712,31316.88610543545,,,,0.0,0.0,,,,,,8.935388568903655,-2.0033512126354562
steady-cat-jade,False,,,1,Other,176.26896544155477,0.05986085024381446,2944.6452017237925,1416.665338680934,0.5526073276996613,0.4830141400262151,36.0,-3.217802316216057,-0.018255070075185634,6.0,97.0,84.39578014782101,0.028660763645961762,630.662391378433,,27796.720491093154,30741.36569281697,,,,0.0,0.0,,,,,,12.225581533193077,-1.0927640159610261
green-fox-fern,False,,,403,Other,139.78699598689525,0.02851125077666616,4902.8713991494915,3487.707904654369,0.577334076166153,0.41683131116815747,38.0,-2.290372899427338,-0.01638473509826376,3.0,192.0,68.73518624387813,0.014019373678820482,720.5342664660333,,25397.83467337762,30300.706072527122,,,,0.0,0.0,,,,,,7.750560213876284,-0.467149291295842
vast-ram-cedar,False,,,404,Other,110.2568859053013,0.0199450228435895,5528.0400915027685,4077.5460133148104,0.5655611455440521,0.5794773477851273,35.0,-8.301508018322346,-0.07529242232954449,8.0,184.0,46.92980485157894,0.00848941108869949,-21.407904129682564,,27074.026089114428,32602.066180617203,,,,0.0,0.0,,,,,,6.331357844853371,-1.5017090833119529
soft-ant-ember,False,,,3,Nanobody,22.779867865232887,0.01569470811956164,1451.4362224322233,797.911444974471,0.4771617352962494,0.5530300916371463,12.0,-0.08180168942210553,-0.003590964175299409,1.0,55.0,4.914122753462337,0.003385696648267167,-199.80069589795272,,29103.754656083132,30555.190878515365,,,,0.0,0.0,,,,,,8.267672953546091,-0.056359134599126594
mellow-heron-leaf,False,,,3,Nanobody,101.81681354037937,0.06461843268755561,1575.6620720388894,913.5583342039604,0.3578191101551056,0.5630317340225924,14.0,-1.3350043917199423,-0.013111826478349718,3.0,70.0,13.9161226382143,0.008831920806602262,-225.11537792173175,,28214.039435445135,29789.70150748404,,,,0.0,0.0,,,,,,8.885153897170447,-0.8472656767021505
pale-gecko-cypress,False,,,405,Other,3.6748573590264755,0.0024113814613102506,1523.9635113681688,694.2713272590383,0.4526980072259903,0.52967983380227,7.0,-2.052666356697933,-0.55857034876633,4.0,72.0,0.4674829737494608,0.00030675470263049053,-287.2125858625412,,27715.929525813146,29239.89303718136,,,,0.0,0.0,,,,,,4.593285828553473,-1.346926183852729
shy-fox-marble,False,,,3,Nanobody,22.070871925315032,0.011278526510685128,1956.8932080272523,1010.770481854487,0.48371635377407074,0.6090810529084745,25.0,-3.180044552264738,-0.14408332226409523,6.0,80.0,22.42855133765446,0.01146130572974124,-156.7726792722469,,26800.62751460216,28757.520722629448,,,,0.0,0.0,,,,,,12.775352225378995,-1.625047569903187
misty-dove-flint,False,,,406,Other,37.29263864725715,0.017140175625707584,2175.744254996082,1076.8074575646456,0.5113747715950012,0.584542659776613,25.0,-4.053674051228953,-0.10869904083676572,6.0,97.0,22.44731177911889,0.01031707275686191,295.9040698158562,,28581.811872150185,30757.55612714628,,,,0.0,0.0,,,,,,11.490321044209775,-1.8631206502881252
soft-bison-onyx,False,,,407,Other,150.24552828795717,0.05766401453666558,2605.5336156386365,1354.37563917394,0.5219999849796295,0.5718129887786131,60.0,-2.9476626287386534,-0.01961897077621658,4.0,111.0,108.80905836318863,0.041760757838665875,349.4970460316441,,27714.13298472236,30319.666600361004,,,,0.0,0.0,,,,,,23.027912455197217,-1.1313086160341703
misty-cobra-crystal,False,,,408,Other,98.35906488227498,0.07574962138726007,1298.4759934234796,683.4430020559287,0.49780192971229553,0.7079768321935703,23.0,-1.55668558933056,-0.015826559465502668,2.0,67.0,30.74154644385835,0.023675098037667323,95.56028473700583,,28296.055955411895,29594.531948835374,,,,0.0,0.0,,,,,,17.713072953593585,-1.198855887374784
bright-ram-jade,False,,,409,Other,181.71254764133795,0.06336011725637475,2867.932628755601,1587.3253782701913,0.5386134088039398,0.5165966557573437,31.0,-4.150233340724042,-0.022839552879505728,7.0,107.0,88.96228691531192,0.031019657164649907,48.5495261683386,,26119.943823794507,28987.876452550114,,,,0.0,0.0,,,,,,10.80917999578356,-1.4471167485286545
ivory-deer-clay,False,,,410,Miniprotein,96.4305380464323,0.03556787915878269,2711.1691876804225,1867.8025738354643,0.5292428135871887,0.5786801856278716,16.0,-2.1588352894646423,-0.022387464937975776,4.0,123.0,59.06883643272713,0.02178721885050054,-29.043691367282506,,23830.906104803315,26542.075292483798,,,,0.0,0.0,,,,,,5.901512923909045,-0.7962746475854069
soft-panda-rose,False,,,411,Miniprotein,144.7359312917738,0.07851100523181605,1843.5113760729248,1368.2783579759277,0.3758593648672104,0.4990733531699141,7.0,-0.2866475998075929,-0.0019804867889352145,1.0,81.0,64.22178362030083,0.034836662498447406,86.42500188110034,,24648.89139599202,26492.402772064994,,,,0.0,0.0,,,,,,3.7971016023299535,-0.15549000864763518
golden-owl-onyx,False,,,412,Miniprotein,119.79726840617855,0.05680157116646436,2109.0484989419947,1375.3512465919932,0.3878597915172577,0.5347289030313734,6.0,-0.5730527333508031,-0.004783520868003764,1.0,88.0,8.756341389288563,0.004151797075165027,352.7566713768489,,24390.11024873187,26499.158747673875,,,,0.0,0.0,,,,,,2.8448847918907045,-0.27171150101018315
jade-cobra-thorn,False,,,413,Miniprotein,47.829852861949774,0.017765180432924924,2692.3370152382345,1787.0544272997565,0.4793745428323746,0.603223435265996,16.0,-0.08479052027264992,-0.0017727531070893922,1.0,100.0,-7.160906582365985,-0.0026597363338379627,-95.05315214321527,,24008.02588720696,26700.362902445184,,,,0.0,0.0,,,,,,5.9427924176811215,-0.03149327881047133
quiet-panther-wave,False,,,414,Miniprotein,27.87182123853151,0.011740382281491714,2374.013091760259,1589.1863569169325,0.4568268656730652,0.6238951255663193,15.0,-2.5191637472571706,-0.09038389438916689,3.0,92.0,9.495722146574792,0.003999860902002861,262.64246718017415,,24553.195497311342,26927.208589071597,,,,0.0,0.0,,,,,,6.318415029833703,-1.0611414722187935
radiant-falcon-pearl,False,,,415,Peptide,36.51726573333313,0.02687562057607737,1358.750605589291,825.3440337081087,0.5684337913990021,0.6804142021810629,11.0,-1.3298186424796161,-0.03641616139035709,1.0,59.0,18.1482298506576,0.013356556954605149,63.75647395154624,,23661.9265923303,25020.677197919584,,,,0.0,0.0,,,,,,8.09567256474509,-0.9787069363644354
steady-eagle-ice,False,,,3,Nanobody,174.68387363306772,0.06158394528779891,2836.51644623808,1600.389772768843,0.49580101668834686,0.6216892366524219,36.0,-4.851626938190058,-0.027773754023689357,9.0,101.0,126.57600669988842,0.04462375209132294,383.7396346334503,,26677.080155924425,29513.5966021625,,,,0.0,0.0,,,,,,12.691623927562583,-1.7104173482316702
wild-bear-maple,False,,,416,Other,78.02600622391395,0.039033887486168505,1998.9299362396878,1225.8578930672982,0.5173642039299011,0.5546815770269691,11.0,-2.9659792504944886,-0.03801270107280532,5.0,92.0,69.65246647405986,0.034844876356740884,75.24840520130567,,28385.125521540296,30384.055457779967,,,,0.0,0.0,,,,,,5.502944250608798,-1.4837834967212398
strong-tiger-thorn,False,,,417,Miniprotein,5.747822690689489,0.003284479336762127,1749.9950833472894,852.9522180785345,0.5557869374752045,0.5347086924608773,17.0,-3.9451636136996076,-0.686375315663462,6.0,76.0,-9.472515649525224,-0.005412881293018689,-122.32572509504432,,25285.590346188408,27035.585429535673,,,,0.0,0.0,,,,,,9.714313006801929,-2.2543855415602234
shy-bison-sand,False,,,418,Miniprotein,-5.714139858571372,-0.002552219325192812,2238.89060088505,1138.9252692898835,0.5309592187404633,0.5231626834941953,12.0,-2.4696854998103066,0.43220599441676394,6.0,85.0,-22.73371137907381,-0.010154007243626377,178.40816142894894,,24886.665201869622,27125.555802754658,,,,0.0,0.0,,,,,,5.3597973903934,-1.1030844914146416
pale-bear-thorn,False,,,419,Other,84.68973546192983,0.026585674823100203,3185.54018378135,1601.9575361012487,0.593904584646225,0.6229575147864548,24.0,-7.325771477466268,-0.08650129130181765,10.0,120.0,44.42375296800168,0.013945437949324216,114.04829741465673,,26866.895595176422,30052.4357789578,,,,0.0,0.0,,,,,,7.534044028762224,-2.29969520232839
crimson-falcon-orchid,False,,,420,Other,17.942882767075822,0.0059031977249509975,3039.5191899530632,1566.3082475299789,0.5103204697370529,0.5351707799205039,41.0,-3.223337987222666,-0.17964437649547094,4.0,121.0,-15.815248114401163,-0.005203207193650054,-29.458218675400268,,24435.53086008327,27475.050050036338,,,,0.0,0.0,,,,,,13.488975537816273,-1.0604762746283045
hollow-heron-thorn,False,,,421,Miniprotein,39.29982012479374,0.019871875711830977,1977.660322291372,1188.8448197325567,0.5161642283201218,0.6281435569718783,12.0,-2.7156026749839777,-0.06909962097436521,3.0,78.0,24.27864332329444,0.012276447603077018,173.73343378389143,,24859.937485686307,26837.59780797772,,,,0.0,0.0,,,,,,6.067776081029157,-1.3731390797372145
azure-crow-cypress,False,,,422,Miniprotein,200.32657356003295,0.06224631627287588,3218.2880137330503,1751.939395648049,0.5967561602592468,0.5315898280075269,39.0,-3.6957756475926598,-0.01844875386182915,7.0,128.0,145.0470656002251,0.045069634843519765,372.3622974696719,,26196.384466708292,29414.67248044135,,,,0.0,0.0,,,,,,12.118244182490672,-1.1483669677238577
radiant-zebra-iron,False,,,423,Miniprotein,114.1547924223276,0.039685452138411965,2876.489652283336,1545.228261665637,0.5704173743724823,0.6085517148719058,30.0,-3.0228010526348865,-0.026479843627166502,6.0,108.0,88.35621730729561,0.030716681785091456,327.3194076093227,,24462.628469712785,27339.118121996114,,,,0.0,0.0,,,,,,10.429378731185848,-1.0508645668985492
rapid-crow-orchid,False,,,424,Miniprotein,125.56304521565667,0.043288059484099126,2900.639268936954,1368.3009386579395,0.44141407310962677,0.6424483518861778,32.0,-7.566464835975521,-0.0602602845684412,10.0,117.0,106.64696022005009,0.03676670910517418,57.34795148976115,,25453.072567845866,28353.711836782844,,,,0.0,0.0,,,,,,11.032050880193584,-2.608550782927423
pale-swan-jade,False,,,425,Miniprotein,48.28771865489051,0.01943591017556971,2484.458830005634,1287.478068759189,0.47030048072338104,0.6536724260839033,42.0,-2.6630831431438127,-0.05515032015027903,6.0,97.0,13.940853543116393,0.005611223407990537,-197.11381708525897,,26721.435961291663,29205.894791297298,,,,0.0,0.0,,,,,,16.90508995067741,-1.0718966685947353
gentle-gecko-jade,False,,,426,Miniprotein,169.30852050040556,0.06905353510636336,2451.8443587228253,1364.869442937084,0.48323865234851837,0.5886856028109652,18.0,-8.759001233986242,-0.05173396594629896,11.0,92.0,140.5006274953128,0.057304056432236225,445.77066339353087,,23762.46065229561,26214.30501101842,,,,0.0,0.0,,,,,,7.341412164259997,-3.572413233664162
strong-quail-ember,False,,,427,Miniprotein,204.67112174711758,0.0765549746976843,2673.518246924699,1332.4595397566466,0.49888166785240173,0.6758948269132344,22.0,-0.9383223097970499,-0.0045845368989397475,3.0,104.0,166.1462865070413,0.06214518516870288,227.52635387113313,,23947.380559350924,26620.898806275676,,,,0.0,0.0,,,,,,8.228857246553755,-0.35096910629893235
calm-cobra-stone,False,,,428,Miniprotein,9.469274013564132,0.0034879306625215647,2714.8687659743828,1369.0454961168405,0.5490510165691376,0.6059771297148363,31.0,-3.219889343606392,-0.3400355020874996,5.0,96.0,-8.587170425546342,-0.0031630149247616965,171.26241255663035,,25659.924856301193,28374.793622275596,,,,0.0,0.0,,,,,,11.418599819086987,-1.1860202540769054
rapid-gecko-ice,False,,,429,Miniprotein,25.56848921579663,0.011698265462859955,2185.6649857170987,1298.5035851396988,0.6122804284095764,0.5702215304604045,34.0,-3.312500981792707,-0.12955403637013443,6.0,81.0,4.281762323071904,0.001959020413033287,180.49802517493728,,25245.107054094533,27430.772039811665,,,,0.0,0.0,,,,,,15.555906427647182,-1.5155575092428464
misty-zebra-ruby,False,,,430,Miniprotein,50.20059347045693,0.027177204780332143,1847.1580825260799,865.3425198779524,0.5977286696434021,0.6113402981788514,22.0,-5.54224981160119,-0.11040207751453787,6.0,84.0,29.57711183236975,0.016012225543750747,78.58834849468744,,25487.056649413364,27334.214731939457,,,,0.0,0.0,,,,,,11.91018798451398,-3.000419868786698
strong-mole-cypress,False,,,431,Miniprotein,57.961706904637154,0.025439853225498497,2278.3821270848307,1311.8118913405713,0.42761318385601044,0.5129190615250869,27.0,-5.759047252905907,-0.099359517868946,8.0,87.0,13.070355996499444,0.005736682991462388,-119.88508232482745,,24390.1633765544,26668.545503639227,,,,0.0,0.0,,,,,,11.850514309707236,-2.5276915511422815
pale-crow-pearl,False,,,432,Miniprotein,368.7808094214379,0.14940731019085673,2468.2916046768246,1228.387379359666,0.5183978825807571,0.5038323396654231,37.0,-3.9625472516190534,-0.01074499309721593,6.0,85.0,335.17646347521014,0.1357928953127461,912.0317847247145,,24647.656804378246,27115.94840905509,,,,0.0,0.0,,,,,,14.990125125367609,-1.6053805166743549
mellow-moth-lotus,False,,,433,Miniprotein,55.50321438758567,0.020338483211125368,2728.975106522438,1554.937155957574,0.5133446455001831,0.589551496505232,37.0,-4.223055711853648,-0.07608668720271834,5.0,101.0,-1.189225164337643,-0.00043577721229311076,918.3331869273301,,25384.56306563315,28113.538172155608,,,,0.0,0.0,,,,,,13.558203558386243,-1.5474878102626346
soft-ibis-vine,False,,,434,Other,9.601847984637097,0.002649260257452248,3624.3505928221048,1714.9274781091246,0.5491880178451538,0.5191684072578611,43.0,-6.5973032294673475,-0.6870868232889124,9.0,116.0,-17.69472412576978,-0.00488217783368241,72.15487277422169,,25570.592257418914,29194.942850241023,,,,0.0,0.0,,,,,,11.864194398069532,-1.8202718143584309
small-wolf-pine,False,,,435,Other,15.948400014150423,0.005458727202773735,2921.6334544152683,1702.217974982063,0.5457984209060669,0.6236563770837148,25.0,-3.427658021724992,-0.21492174880763953,3.0,105.0,-28.80596251643512,-0.009859540207859615,301.94596578590694,,28131.68605141868,31053.319505833962,,,,0.0,0.0,,,,,,8.556857110949075,-1.1731991966839654
wild-quail-moss,False,,,436,Other,27.28483098715631,0.007711517939757349,3538.1919876613624,1773.1217819188605,0.4918068051338196,0.5326537126590453,47.0,-5.310530794710538,-0.19463308375303276,7.0,124.0,-9.220744063789676,-0.00260606097575963,-92.53879441125228,,26756.92986901733,30295.12185667869,,,,0.0,0.0,,,,,,13.283620607333287,-1.500916517031807
quiet-fox-clay,False,,,437,Other,669.320566020458,0.13125822912670146,5099.265550614535,2881.55117692729,0.540834367275238,0.6215740007850885,104.0,-4.4862881890111455,-0.0067027496490732665,9.0,162.0,483.4628746763097,0.09481029569406235,1592.8252352528737,,26215.187635656726,31314.45318627126,,,,0.0,0.0,,,,,,20.395093953768797,-0.8797910492169766
wild-lynx-pearl,False,,,438,Nanobody,66.69460331234372,0.030218765843553534,2207.0591386038172,1146.6231254045033,0.5337453484535217,0.6676828734739843,33.0,-2.0020951197916506,-0.030018847408319563,4.0,91.0,36.56259813534961,0.016566206811512565,107.74577400552971,,25978.70671538984,28185.765853993642,,,,0.0,0.0,,,,,,14.952023451839064,-0.9071325207253728
silver-heron-granite,False,,,439,Miniprotein,66.72735464773335,0.03221866493792315,2071.07758115674,1006.5562175996406,0.6702715754508972,0.683227690273807,27.0,-4.916071644299937,-0.07367400776267594,5.0,90.0,22.223540569386397,0.010730423993568645,24.25172402623275,,25398.020834074072,27469.09841523085,,,,0.0,0.0,,,,,,13.036691742334412,-2.373678170739605
quick-yak-leaf,False,,,249,Other,70.38835264365335,0.020048566330275276,3510.8920749789536,1914.6593894786615,0.48239874839782715,0.7061795870727892,45.0,-1.9661813304549534,-0.027933333521937973,4.0,143.0,50.55964976182135,0.014400798623843894,-13.997175336854209,,27067.52260447053,30578.414679449525,,,,0.0,0.0,,,,,,12.817255284120277,-0.5600232899402753
strong-ant-wave,False,,,440,Miniprotein,47.851245023029094,0.019838895802403427,2411.9913476853912,1285.787294621103,0.5501396656036377,0.5592768668652716,16.0,-5.602210574876986,-0.11707554468396471,7.0,90.0,28.446489428688768,0.011793777558939731,-346.0777937659923,,25877.01779045089,28289.0091381363,,,,0.0,0.0,,,,,,6.633522966553761,-2.322649531994802
silver-crane-lava,False,,,440,Miniprotein,50.46160715810527,0.020455962283222977,2466.8410343859264,1221.0689423103927,0.5897353291511536,0.6470535090728087,21.0,-5.838222228439823,-0.1156963195830768,8.0,88.0,25.23531780058678,0.010229811102063429,-361.1970694974564,,25877.149396033532,28343.990430419486,,,,0.0,0.0,,,,,,8.512911739052353,-2.3666795496991306
golden-owl-fern,False,,,441,Other,214.97131259318473,0.08031179047538821,2676.709251788669,1438.7123998482775,0.5700598657131195,0.6889473350265576,19.0,-6.003512057975517,-0.02792703819665772,7.0,103.0,187.10261705738031,0.06990023923306274,309.24349171437615,,25698.519919340935,28375.22917112959,,,,0.0,0.0,,,,,,7.098268139247304,-2.242870440248138
azure-ibis-dust,False,,,3,Nanobody,-10.458816518393743,-0.004343103128016923,2408.1437189287462,1412.8872671127458,0.6301429271697998,0.6537612251804428,37.0,-4.751324048683111,0.4542888806135033,5.0,91.0,-23.048794540178584,-0.009571187283802046,11.60794441985022,,27300.474468989927,29708.618187918695,,,,0.0,0.0,,,,,,15.364531489200035,-1.9730234584158126
golden-raven-fern,True,Medium,1.34256707138882e-07,442,Other,29.105826621615535,0.007590369500763679,3834.573088791942,1986.600162458729,0.6005020439624786,0.5926329601398798,26.0,-9.748384287820024,-0.334928961632045,18.0,149.0,-30.652842937394,-0.007993808496437079,-172.01096425603515,,28961.152971699023,32795.72606049096,,,,0.0,0.0,,,,,,6.780415811083453,-2.542234575294323
dark-orca-topaz,False,,,3,Nanobody,159.96838662832533,0.08896649043866545,1798.0745990942448,1022.7299045251914,0.509966641664505,0.4846668345826404,30.0,-3.2326577425341485,-0.020208103680166435,3.0,83.0,105.25843920782856,0.058539528482773204,1840.33369109402,,26137.449445163922,27935.524044258174,,,,0.0,0.0,,,,,,16.684513543048816,-1.7978440628450874
rough-bison-flint,False,,,443,Peptide,-14.185484351847947,-0.006776984978670062,2093.185154828505,1066.5859639499067,0.6358793675899506,0.6803469208787548,12.0,-6.891623054789152,0.4858221886439414,7.0,78.0,-37.9791241646852,-0.018144178061398893,-363.9202675795323,,25029.661338421818,27122.84649325031,,,,0.0,0.0,,,,,,5.732889884260221,-3.2924096747446043
dark-yak-snow,True,Strong,1.57432340337452e-08,444,Peptide,187.18328302339305,0.08087368975355368,2314.5139487736556,1276.4587424797598,0.4403850734233856,0.5469065376940996,30.0,-4.998096712879028,-0.02670161903429376,9.0,91.0,168.57328577057822,0.07283312587504462,252.4692419727834,,24460.384162463193,26774.898111236897,,,,0.0,0.0,,,,,,12.961684683687256,-2.159458453697057
steady-mole-quartz,False,,,445,Peptide,17.061250291606655,0.00796323054921898,2142.50362163381,1109.1567318853772,0.6068450808525085,0.5534618912362537,22.0,-8.967589143308672,-0.5256114874371376,11.0,80.0,0.16440841173043452,7.673658521289291e-05,223.74305681675278,,24762.371253394173,26904.874875028003,,,,0.0,0.0,,,,,,10.268360705604525,-4.185565453779842
vast-mole-thorn,False,,,446,Peptide,11.29671073473125,0.00575647158182585,1962.4366374702288,912.4019721258159,0.6684005856513977,0.706432413726352,12.0,-8.725022016708605,-0.7723506622050524,9.0,81.0,-3.013465274534112,-0.001535573285269868,-130.9825746912111,,24325.448033967008,26287.884671437245,,,,0.0,0.0,,,,,,6.11484710939211,-4.446014638187761
rapid-cat-plume,True,Medium,5.38336407498334e-08,447,Peptide,85.6579257465645,0.03950287286582294,2168.3973729585105,1251.6753851392157,0.5155414342880249,0.7021528344962888,21.0,-2.0897976663929096,-0.024397014615740044,4.0,88.0,56.30118734212738,0.025964423331370928,604.4845253821969,,23095.048926055337,25263.44629901385,,,,0.0,0.0,,,,,,9.684571777242144,-0.9637521666712032
silent-toad-ash,False,,,448,Miniprotein,-4.388714150762368,-0.0019052864936111265,2303.4405405584716,1008.3474994315853,0.5359684228897095,0.48902697534734085,23.0,-5.06678434608833,1.1545031578801215,9.0,88.0,-22.02526290274294,-0.009561897741629091,-78.15046553914854,,24686.28575783367,26989.726298392146,,,,0.0,0.0,,,,,,9.985063471368626,-2.1996592735403895
strong-toad-dust,False,,,449,Peptide,151.48191323975965,0.07445432598250443,2034.561608621042,1044.721402166171,0.5986990332603455,0.6165385388969405,17.0,-6.71665119127109,-0.044339624761936015,9.0,76.0,125.12050107699986,0.061497523863041116,161.45633785837634,,24624.299148326045,26658.86075694708,,,,0.0,0.0,,,,,,8.355608366915972,-3.301276875967109
solid-mole-quartz,False,,,450,Peptide,33.630997852258645,0.01934483614199169,1738.5000113418428,898.5319569155004,0.6704605519771576,0.6601418005870456,6.0,-8.276513570802646,-0.2460977698955429,13.0,75.0,-31.03623769110576,-0.017852308017617308,369.9515192044027,,24644.59516331846,26383.095174660295,,,,0.0,0.0,,,,,,3.4512510560002605,-4.760721033538853
small-moth-lotus,False,,,323,Miniprotein,80.55573413071869,0.03134567271225297,2569.9156266386203,1434.1490232009191,0.5144481956958771,0.5837071453049842,21.0,-3.118204364747197,-0.03870865802907651,4.0,77.0,-20.3996682044542,-0.007937874688569605,485.02710665185015,,25303.35713087013,27873.272757508752,,,,0.0,0.0,,,,,,8.17147449601971,-1.2133489257099555
radiant-boar-frost,False,,,451,Miniprotein,40.60138932027922,0.019327862788047965,2100.6662643210843,1134.8296951811922,0.5282269716262817,0.6257862716971708,9.0,-2.690661352970476,-0.06627017937109282,5.0,73.0,20.834394453044506,0.009917993546575085,-61.807953404710425,,27665.738611578272,29766.404875899396,,,,0.0,0.0,,,,,,4.284354993870822,-1.2808609338238088
silver-kiwi-reed,False,,,323,Miniprotein,28.039265203974253,0.010375741481211566,2702.3866443422735,1418.507615155112,0.43934138119220734,0.6171578311211731,30.0,-2.4040014913954346,-0.08573696471385042,4.0,77.0,0.23656232306878056,8.753829640331013e-05,434.6745312214929,,25080.7342644903,27783.120908832578,,,,0.0,0.0,,,,,,11.101298203500269,-0.8895845812546702
silver-crow-frost,False,,,323,Miniprotein,34.76736463740178,0.013027625025648432,2668.741583285729,1483.876688267117,0.475710928440094,0.5983144211387124,25.0,-1.7939878443948474,-0.05159976498376653,5.0,77.0,-25.647353217434553,-0.009610279758093991,169.3720599452073,,25305.489830131795,27974.231413417565,,,,0.0,0.0,,,,,,9.367711042753058,-0.6722223896200945
frozen-lynx-vine,False,,,452,Miniprotein,45.425727997874446,0.02193427421935958,2070.9929831086406,1168.7793743698517,0.533645749092102,0.5088991581636555,21.0,-2.3446689632535382,-0.05161544055745787,5.0,75.0,9.671273277116798,0.004669872547129466,1063.7328847253234,,25621.775201286568,27692.768184395212,,,,0.0,0.0,,,,,,10.140063327727063,-1.132147227140335
radiant-mole-quartz,False,,,452,Miniprotein,19.357191327798645,0.008045467292579296,2405.974771117729,1224.0802558315945,0.4771159738302231,0.6941535145856925,24.0,-3.6239133314024867,-0.18721276604825543,7.0,84.0,-6.329511498352751,-0.002630747244042085,143.33830344077867,,25547.371171441442,27953.345942559175,,,,0.0,0.0,,,,,,9.975166941941985,-1.5062141859945388
rough-cat-ash,False,,,452,Miniprotein,20.86566603739641,0.010434119757947977,1999.7533593097216,1136.361931367046,0.6120036840438843,0.5716783158160289,15.0,-4.22245204088753,-0.2023636357123639,8.0,70.0,2.361034642440357,0.0011806629209790867,421.45623860353885,,25861.261563011372,27861.014922321097,,,,0.0,0.0,,,,,,7.500925016661918,-2.111486409676563
dark-bat-quartz,False,,,323,Miniprotein,17.99915498350086,0.0067997771369620544,2647.02130981051,1564.0785700180081,0.5417805314064026,0.5613402576073644,35.0,-2.689905570835245,-0.14944621418622037,5.0,79.0,-34.31764707086962,-0.012964628181752827,-180.22345459769153,,25517.426293726265,28164.447603536766,,,,0.0,0.0,,,,,,13.222409608219404,-1.0162009504289955
bright-yak-pine,False,,,323,Miniprotein,45.94069607337461,0.016580192112342983,2770.8180799168454,1656.8908434655025,0.5773725807666779,0.6126094280764571,24.0,-3.923100097880975,-0.08539487716109392,5.0,82.0,9.38840061450577,0.003388313611259359,60.46032076061316,,24881.613854434556,27652.431934351414,,,,0.0,0.0,,,,,,8.661701817941168,-1.4158634687408675
silent-gecko-vine,False,,,452,Miniprotein,42.449767239457145,0.016753277401430823,2533.8186805067585,1365.513097094163,0.450356125831604,0.6530161823059347,29.0,-4.006658235913621,-0.09438587055877715,5.0,89.0,6.201290341179357,0.002447408880867163,-68.42528360863977,,25108.64192408939,27642.460604596203,,,,0.0,0.0,,,,,,11.445175703811632,-1.581272672246736
scarlet-orca-marble,False,,,3,Nanobody,176.9213562859028,0.06077609225852454,2911.0354040751536,1591.3465858387106,0.47053639590740204,0.6435137308150011,48.0,-0.7792477760985309,-0.004404486786995211,1.0,123.0,137.1522354197872,0.04711458858514328,199.7642062305497,,27019.043664306457,29930.07906838162,,,,0.0,0.0,,,,,,16.48897843454768,-0.2676874953178733
golden-bison-reed,True,Medium,1.90940927428609e-07,453,Miniprotein,20.609446124647405,0.006387713357209057,3226.4199991673013,1752.278765224826,0.5611709356307983,0.6505237731474153,24.0,-6.269233187744573,-0.304192220879096,8.0,108.0,-4.685824752529738,-0.0014523294405995163,166.17533062154047,,25772.22878066641,28998.648779833686,,,,0.0,0.0,,,,,,7.438585183018361,-1.9430927124684894
pale-cat-plume,True,Strong,6.35268987883547e-08,454,Miniprotein,-15.370592592943126,-0.004863288900763244,3160.53454906429,1843.7385171002895,0.6408934891223907,0.4693762298421826,26.0,-6.981459495448122,0.45420887016766137,8.0,105.0,-41.747346990326584,-0.013208951315746995,317.01477245305,,25635.531498599787,28796.066047664113,,,,0.0,0.0,,,,,,8.226456504864842,-2.208948956914601
misty-quail-maple,False,,,455,Miniprotein,102.17567489619285,0.06548516031795062,1560.2874666580713,875.5629973232155,0.41619136929512024,0.5562038087490595,12.0,-3.863570105911335,-0.03781301283144541,5.0,61.0,89.08682995181702,0.05709642091955606,64.63342796743618,,24719.26435909753,26279.551825755603,,,,0.0,0.0,,,,,,7.690890465013096,-2.476191207371927
scarlet-orca-oak,False,,,456,Other,123.76870321006936,0.032014605683956886,3866.007422733686,2255.7748462556724,0.5632784068584442,0.6306484911616627,36.0,-13.746982027921762,-0.11106993667526249,13.0,138.0,53.6824425802631,0.013885757762540404,-18.431188768890927,,25785.03510690345,29651.042529637165,,,,0.0,0.0,,,,,,9.311932457321591,-3.55586022600059
quiet-lynx-cloud,False,,,457,Other,108.4558308299504,0.02699272978437339,4017.96452957261,2327.3544679498996,0.460078701376915,0.5800212710385512,47.0,-9.66140452351884,-0.08908146707821646,11.0,151.0,43.684200399536024,0.010872221513658485,297.5252929752731,,25508.000158287246,29525.964687859912,,,,0.0,0.0,,,,,,11.697465135412576,-2.404551969637851
young-mole-frost,False,,,458,Other,240.65065743239916,0.06602584247748187,3644.794953043925,2105.477594077509,0.4686165601015091,0.459033641738065,26.0,-9.67912295095541,-0.040220637891564284,11.0,138.0,146.69779230218325,0.04024857205744033,594.0334058193442,,25309.449563325612,28954.244516369577,,,,0.0,0.0,,,,,,7.133460272788811,-2.6556015017722623
silent-ram-quartz,False,,,459,Other,113.02744355376058,0.03146886945644554,3591.722407129882,1923.1677532268507,0.5588023364543915,0.5726172469112613,46.0,-9.664568074664171,-0.08550638473980259,9.0,134.0,75.76556523220749,0.021094493572723284,400.36102382566077,,25569.53855948585,29161.26096661576,,,,0.0,0.0,,,,,,12.807225833679682,-2.690789259069454
wild-bee-orchid,True,Medium,1.83593520263902e-07,460,Other,-22.39355960428071,-0.00722228995347017,3100.6176363109103,1728.1577797279604,0.624887615442276,0.548069982360805,42.0,-5.0305427081154805,0.22464238812456827,5.0,117.0,-35.71673989506647,-0.011519233934811116,80.36472791278288,,26934.22624771327,30034.84388402416,,,,0.0,0.0,,,,,,13.545688287437873,-1.622432462875616
crimson-kiwi-cloud,False,,,461,Peptide,131.20406771765454,0.08785975731846724,1493.3351937460538,929.655963559219,0.513606995344162,0.6580871500504125,13.0,-3.325240988865954,-0.02534403884505874,4.0,71.0,120.17375626046054,0.08047339724111294,704.0583338796994,,22625.215328345508,24118.55052209155,,,,0.0,0.0,,,,,,8.70534629763148,-2.2267211023966675
ivory-dove-ivy,False,,,462,Peptide,62.59342427516043,0.06068444310880326,1031.4575048984875,642.3451368687629,0.592899352312088,0.6459219138676289,13.0,0.0,0.0,0.0,48.0,55.49133777174607,0.05379895682392396,270.5110767007158,,22307.20570375915,23338.66320865766,,,,0.0,0.0,,,,,,12.603524564280926,0.0
hollow-shark-ruby,False,,,427,Miniprotein,76.4055375570561,0.030538494110622975,2501.9418862070884,1184.9754247808849,0.5218831896781921,0.6985455914224816,21.0,-7.084861854979834,-0.09272707295186802,6.0,100.0,53.308401932170995,0.02130681061221044,-45.2654918117589,,24477.60330161074,26979.545187817832,,,,0.0,0.0,,,,,,8.393480326529778,-2.8317451712359287
swift-toad-stone,False,,,428,Miniprotein,64.82464209375289,0.02241365256639381,2892.194473958632,1519.5259070252182,0.4926711767911911,0.554239756488548,38.0,-1.766466948683888,-0.027249929835773384,6.0,100.0,44.974450411852295,0.015550285714464573,157.6377150572053,,26388.657810482142,29280.852284440767,,,,0.0,0.0,,,,,,13.138812186439273,-0.6107704597976334
gentle-crane-snow,False,,,463,Miniprotein,213.86870933361058,0.0917758284255679,2330.338096670656,1326.5418341518534,0.4929024875164032,0.5917115562525672,15.0,-2.7557292500986987,-0.01288514462300363,6.0,91.0,188.61725887099433,0.08093986839955584,390.0670086821902,,23864.33347288156,26194.671569552214,,,,0.0,0.0,,,,,,6.436834217931911,-1.18254482215941
gentle-hawk-wave,False,,,463,Miniprotein,21.152182576414106,0.008393631466981459,2520.027554178634,1394.9305207952812,0.6063736379146576,0.582786767450454,20.0,0.0,0.0,0.0,89.0,-3.701606168586162,-0.0014688752757676278,-38.014224025999226,,22961.475348956636,25481.502903135286,,,,0.0,0.0,,,,,,7.936421158108608,0.0
lunar-bat-sand,False,,,464,Other,44.67816688033861,0.016088489824528405,2777.0267668145316,1455.4693835668638,0.46700093150138855,0.5226202166371496,26.0,-1.8403690745983392,-0.04119168719538995,3.0,123.0,5.423506157744256,0.0019529902349358498,533.6832997499789,,27401.769329611852,30178.79609642641,,,,0.0,0.0,,,,,,9.362531290911555,-0.6627120402981883
hollow-bear-cloud,False,,,465,Peptide,95.199259984956,0.03702283896998878,2571.365747022421,1357.502896856606,0.42278870940208435,0.6784133856608761,41.0,-2.2211509535249276,-0.023331598941797742,3.0,113.0,19.353570629926587,0.0075265724653669165,147.7514506188511,,25467.44094824934,28038.806695271785,,,,0.0,0.0,,,,,,15.944834004060684,-0.8638020305345384
misty-moth-birch,False,,,466,Other,225.86740478830484,0.06391150414541033,3534.0649200559465,1695.2648081956652,0.46783652901649475,0.5562636329159781,55.0,-2.5255474157045525,-0.011181548829817353,6.0,123.0,162.95510998024295,0.04610982357892375,1079.9730749939083,,27683.815304678974,31217.880224734876,,,,0.0,0.0,,,,,,15.562815410626163,-0.7146296043889798
brisk-dove-cedar,False,,,467,Other,21.020174437082517,0.006924177429988777,3035.764847105685,1693.7566885815647,0.4465908408164978,0.5225963000356324,25.0,-1.6967982649609634,-0.08072236841039601,6.0,102.0,-26.12260298496146,-0.008604949428104386,395.35350183140105,,25364.057106924243,28399.821954029972,,,,0.0,0.0,,,,,,8.235156956848993,-0.5589360014425031
jade-lynx-jade,False,,,468,Other,134.02098592962176,0.04376030369612482,3062.6155353096865,1304.3234437081155,0.46876005828380585,0.5655370317782015,28.0,-2.144130606192471,-0.015998469130188424,8.0,108.0,108.07866077089308,0.03528965994093162,340.8208475241275,,27960.28904073507,31022.904576044733,,,,0.0,0.0,,,,,,9.142512234128235,-0.7000978678101234
quick-panda-opal,False,,,469,Other,52.4995655223002,0.014831390644561388,3539.7601466017336,1598.6371674331224,0.5398237407207489,0.5733330435215518,40.0,-9.345224508690244,-0.17800574948988254,10.0,119.0,42.653949091597916,0.012049954608519696,-143.78154861229623,,26624.54786310555,30164.308009707336,,,,0.0,0.0,,,,,,11.300200675574331,-2.6400728076623823
jade-falcon-moss,False,,,470,Peptide,222.09641730762925,0.09006170361468345,2466.04725864212,1350.0498134733061,0.5023025125265121,0.6465779552849031,19.0,-6.584341750825024,-0.02964632131685829,7.0,84.0,128.8485263638071,0.05224900938628199,181.18097506785838,,25601.556872838268,28067.60413148045,,,,0.0,0.0,,,,,,7.704637424694761,-2.6699982037045635
hollow-eagle-pine,False,,,471,Miniprotein,5.703409312960389,0.0026059385896593187,2188.619998795141,1195.3059820813262,0.583562433719635,0.7515168806524948,27.0,-4.35781722468257,-0.7640723268414027,8.0,90.0,-16.436879468740905,-0.007510156846684023,-194.7717491053819,,25556.33434472154,27744.954343516707,,,,0.0,0.0,,,,,,12.33654084074156,-1.991125561806799
radiant-fox-marble,False,,,470,Peptide,106.05674529789951,0.041517038203819204,2554.535436204195,1342.4639221694563,0.5708052217960358,0.6613989417641276,29.0,-6.374216125787957,-0.06010193984252127,8.0,85.0,69.4865244098873,0.02720123722892562,895.7198164323158,,23598.472789240222,26153.00822544442,,,,0.0,0.0,,,,,,11.352357688602408,-2.495254532565599
small-otter-oak,False,,,1,Other,65.07024304764974,0.022938229626227262,2836.7595977524484,1606.559449618492,0.5808987021446228,0.6079358687694069,33.0,-7.022460341808367,-0.10792122501626356,12.0,98.0,17.831367759031657,0.006285822659473636,572.0134659885566,,27297.82865068524,30134.588248437653,,,,0.0,0.0,,,,,,11.632991398406036,-2.4755218409667954
radiant-cobra-granite,False,,,1,Other,177.7763906070116,0.062134205160843434,2861.1678566871747,1628.5817193534376,0.5029681175947189,0.5145372503493488,28.0,-2.537757167232577,-0.014274995451125368,5.0,98.0,101.0745881189994,0.03532633986599772,579.7924755130331,,27247.143660888793,30108.31151757594,,,,0.0,0.0,,,,,,9.786213673048884,-0.8869654960303304
bright-gecko-maple,False,,,472,Miniprotein,292.80978560501217,0.11167517482020088,2621.977409719227,1178.4702335928514,0.5809551775455475,0.5456749005988644,34.0,-12.96219998709151,-0.04426832921689633,16.0,94.0,252.64962740789937,0.09635843027150802,243.42523727126968,,26120.84946350784,28742.826873227114,,,,0.0,0.0,,,,,,12.967312332275537,-4.9436734042951045
crimson-raven-reed,False,,,473,Peptide,170.13138482713026,0.06925342129214891,2456.649529406248,1358.8591495547275,0.5376785397529602,0.6262350080073383,41.0,-4.095813996531025,-0.02407441754907693,6.0,106.0,128.4616860385783,0.052291417436994544,-78.14215415996715,,25014.495776943313,27471.145306349586,,,,0.0,0.0,,,,,,16.689397290589255,-1.667235780889328
soft-hawk-fern,False,,,3,Nanobody,206.7838769897465,0.09362931182788252,2208.5378280882214,1140.0673274251812,0.4768810570240021,0.6941927890168383,51.0,-1.753455015463642,-0.008479650546210565,3.0,93.0,158.280149192907,0.07166739332235898,303.8074019077103,,26386.613471422592,28595.151299510875,,,,0.0,0.0,,,,,,23.09220125251247,-0.7939438451826233
vast-ibis-topaz,False,,,474,Other,20.616076406367355,0.007413620442537106,2780.837860012169,1612.8411921201568,0.5004353374242783,0.4869698335994522,30.0,-5.06126875045688,-0.245501066773971,4.0,91.0,-6.471059995108665,-0.0023270180862254037,-98.72787879844948,,28259.262615151347,31040.100475163545,,,,0.0,0.0,,,,,,10.788115492597875,-1.8200517273001782
brisk-yak-onyx,False,,,475,Other,39.073285684780046,0.010394605690173888,3758.9964304000837,1929.025272122016,0.44852085411548615,0.6050103832723258,29.0,-7.307633308300208,-0.1870237728982874,8.0,122.0,-18.26678609738024,-0.004859484821441036,-393.8517178763222,,27814.372363296876,31573.368793697002,,,,0.0,0.0,,,,,,7.714825096791439,-1.9440383739663274
gentle-deer-granite,False,,,476,Other,-6.66342136650249,-0.0031548301074662386,2112.1331861049507,1200.4993062333717,0.6152375936508179,0.6106351255226121,17.0,-3.0077134241966066,0.45137674158152497,3.0,74.0,-29.003732017243763,-0.01373196170016647,-158.15609887752532,,27694.68217450902,29806.815360613986,,,,0.0,0.0,,,,,,8.048734858122378,-1.4240169341514028
silver-raven-moss,True,Medium,1.21757345363404e-07,477,Other,10.93062510565585,0.004539847619612926,2407.7074874569935,1426.4387325850062,0.4733012765645981,0.6700169410087259,18.0,-4.5238569559632875,-0.4138699216408494,6.0,97.0,-25.60140596616717,-0.010633104768556095,-181.74056677771983,,26953.191197047858,29360.898684504857,,,,0.0,0.0,,,,,,7.475991204816784,-1.8789063785905982
noble-toad-bronze,True,Medium,1.01655321902471e-07,478,Miniprotein,130.86943206803602,0.04069334007409012,3215.9914086620274,1789.743436685757,0.5685741901397705,0.5723417404817277,42.0,-4.00488163222329,-0.03060211669705454,6.0,128.0,67.39147044749575,0.02095511519899648,239.62824175819685,,25985.64000869369,29201.631417355766,,,,0.0,0.0,,,,,,13.059736380786404,-1.2453023417402318
silver-bear-ice,True,Medium,6.51642572632947e-08,479,Miniprotein,11.49453211872327,0.003581093766436043,3209.7825045678146,1836.3161204837481,0.6019337475299835,0.5625602818792744,28.0,-4.565323113444153,-0.3971734618069201,6.0,108.0,-18.393117351593652,-0.005730331362146364,507.1670553894774,,24614.69575724814,27824.478261815984,,,,0.0,0.0,,,,,,8.723332487529431,-1.4223154082705853
small-goat-stone,True,Strong,3.84334792376314e-08,480,Miniprotein,-19.505121178433683,-0.006176232295550738,3158.0938418532073,1708.3837655652444,0.6358261108398438,0.5883349386244688,33.0,-3.87906968941655,0.19887442143684494,6.0,109.0,-40.96957992912193,-0.012972882371690541,117.07036726187258,,26251.50707636168,29409.60091821488,,,,0.0,0.0,,,,,,10.449341169873282,-1.2282946244372097
steady-mole-iron,True,Strong,4.4208547228072e-08,481,Miniprotein,24.48228203196797,0.007924053305973677,3089.616019305625,1693.9252330881748,0.5315098166465759,0.5248078910270745,32.0,-1.864065460166664,-0.07613936714447792,3.0,104.0,-17.246785463728173,-0.005582177641480606,23.710337947726323,,24671.224093866207,27760.840113171842,,,,0.0,0.0,,,,,,10.357274107865297,-0.6033324039359438
shy-otter-jade,True,Strong,1.47510070384577e-08,482,Miniprotein,12.200709911228103,0.003834156613327575,3182.110472174842,1791.0381684669994,0.558493971824646,0.5218014194055515,20.0,-4.551824980478466,-0.3730786989935315,5.0,105.0,-17.132590728718263,-0.005384033922935692,415.60207741340895,,25428.26967057471,28610.380142749593,,,,0.0,0.0,,,,,,6.285136916170864,-1.4304421610376967
hollow-moth-frost,True,Medium,4.32795394680572e-08,483,Miniprotein,45.92591867465251,0.013773506233282084,3334.3665655501604,1757.2596091152238,0.5392366051673889,0.6265968924134074,30.0,-7.677806873847882,-0.16717807929415307,11.0,110.0,-42.49040582849297,-0.012743171751868313,584.9728367628768,,25894.301933416733,29228.668498966956,,,,0.0,0.0,,,,,,8.997211137477349,-2.302628317226144
radiant-seal-bronze,False,,,3,Nanobody,94.010302579311,0.03636213369603393,2585.390157936877,1323.4052602894913,0.4795955866575241,0.6039568903454171,32.0,-5.2940863763564545,-0.05631389572318569,7.0,105.0,59.85621997585906,0.023151716498999865,35.626981385163376,,27074.1140614657,29659.504219402635,,,,0.0,0.0,,,,,,12.377242135684376,-2.047693405230991
steady-heron-oak,False,,,3,Nanobody,224.2927594175946,0.07057926030232418,3177.884812859233,1660.8350083223295,0.5212336778640747,0.6229987359553415,60.0,-5.934196438407474,-0.026457369617353628,7.0,115.0,164.11693958849537,0.05164345130584979,522.7574823733412,,26156.41931244859,29334.304125307855,,,,0.0,0.0,,,,,,18.88048294173894,-1.8673415771380049
misty-ram-fern,False,,,3,Nanobody,233.87882805587054,0.07427543608140177,3148.804509199411,1727.7101764665035,0.5715689063072205,0.567066945723668,54.0,-1.7527070120084023,-0.007494081557436674,3.0,128.0,182.55066989697943,0.057974596188377935,472.78961311259945,,24394.845319235545,27543.649828434944,,,,0.0,0.0,,,,,,17.149365685369144,-0.5566261757081996
strong-eagle-snow,False,,,463,Miniprotein,231.67721066042571,0.10038782697255073,2307.821751374036,1204.9098696084443,0.4802370220422745,0.5593344659603225,12.0,-2.352623175455171,-0.010154745772140109,5.0,91.0,209.2201345814411,0.09065697316392618,229.28188445271087,,24091.851801644738,26399.673553018754,,,,0.0,0.0,,,,,,5.199708336597232,-1.0194128615238423
quiet-otter-bronze,False,,,463,Miniprotein,119.09246834803423,0.05471832389798346,2176.464114106813,1121.9192232085277,0.5482963025569916,0.5742088305002596,24.0,-1.8867473083233453,-0.015842708900864665,5.0,86.0,83.47540988344811,0.03835368079004836,442.071652992308,,23077.222986347475,25253.687100454288,,,,0.0,0.0,,,,,,11.027059828114474,-0.8668864770589783
brisk-bear-wave,False,,,484,Other,164.58745290210248,0.08751457618263406,1880.686167737648,1124.2995885696062,0.5068095773458481,0.6252771386996272,16.0,-4.727751929742251,-0.028724862353598384,6.0,82.0,146.84631710672866,0.07808124482745354,668.7095077740663,,25994.446994398462,27875.133162136077,,,,0.0,0.0,,,,,,8.507533194252732,-2.513844154779663
deep-tiger-leaf,False,,,485,Other,-153.04550389318172,-0.054856770358560805,2789.9109424931326,1563.05446511207,0.5043908208608627,0.5678196810903705,23.0,-6.464524088732728,0.04223922901547405,8.0,105.0,0.1362785149080845,4.884690505077653e-05,461.58497760542343,,25863.49342800269,28653.404370495813,,,,0.0,0.0,,,,,,8.243990748839687,-2.317107686224518
amber-tiger-moss,False,,,486,Other,39.37950656884325,0.011520681831736048,3418.157635459078,1788.3974853087323,0.5215404629707336,0.49129393313035674,31.0,-3.490795763143808,-0.08864498484868517,4.0,132.0,7.90353599697027,0.002312221038310534,-24.232552589205063,,25640.111762277214,29058.269397736338,,,,0.0,0.0,,,,,,9.069213098428834,-1.0212506664207646
solid-swan-ember,True,Strong,1.70875661283486e-08,487,Miniprotein,110.89124503069075,0.054916257213181406,2019.2790014843513,1147.4872030105807,0.5074741840362549,0.6131831755687778,16.0,-4.872377653109402,-0.043938343840948864,6.0,88.0,43.62191566323782,0.021602718411458645,61.56415322323152,,25753.91976484978,27773.198766334164,,,,0.0,0.0,,,,,,7.923620256655254,-2.412929391890753
quick-mole-snow,True,Medium,3.57685085324056e-08,488,Other,9.10785005086575,0.005120486875383623,1778.7078206666426,1021.1341073264894,0.48886704444885254,0.5925378874255088,11.0,-1.1586796671452744,-0.12721769250418608,4.0,77.0,0.7154926872409435,0.0004022541976415124,203.9138801262251,,27140.639535440983,28919.347356107548,,,,0.0,0.0,,,,,,6.1842647073296755,-0.6514165247842743
quick-quail-ash,False,,,489,Other,277.5154882520409,0.04911635083083298,5650.1650378681925,3635.7259662689376,0.4917827397584915,0.460218035428654,23.0,-2.0408326013292477,-0.007353941267147417,4.0,193.0,194.80308336454397,0.034477414740799,79.51950390818843,,25813.119696346428,31463.284734214732,,,,0.0,0.0,,,,,,4.070677554699871,-0.36119875926655304
golden-fox-marble,True,Medium,7.16795465524644e-08,490,Other,125.73114394756954,0.0794451200690277,1582.6163248079326,740.0491027884639,0.5220699906349182,0.6865591828340274,26.0,-1.1514599274752295,-0.009158112233158346,2.0,73.0,55.370870490513305,0.03498691983809351,884.95308224069,,25851.931125914354,27434.547450722275,,,,0.0,0.0,,,,,,16.42849223304668,-0.7275673259688962
rough-eagle-flint,False,,,1,Other,39.55769131857585,0.014709030971229355,2689.347204173416,1531.3674385227143,0.6438837051391602,0.5697511186702079,25.0,-3.3284976759830713,-0.0841428699460033,7.0,96.0,8.033820873356456,0.002987275447695751,373.5969525108776,,28728.07373692931,31417.420941102675,,,,0.0,0.0,,,,,,9.295936188977086,-1.2376600800438862
shy-cat-leaf,False,,,3,Nanobody,289.97233669014213,0.12130058293685828,2390.527148918024,1176.2765253775106,0.5320709049701691,0.6587072017817608,24.0,-8.720076124750182,-0.030072096615437693,10.0,101.0,261.30328301555414,0.1093078081685132,153.71213433006903,,26502.137163677926,28892.66431259598,,,,0.0,0.0,,,,,,10.039626619953944,-3.6477628495861145
gentle-wolf-ruby,False,,,3,Nanobody,41.43537903368946,0.018768720842409912,2207.6826322687816,1190.673102544643,0.5349399447441101,0.6010501740259077,26.0,-1.4452449648167467,-0.034879491838162635,4.0,93.0,20.885574448840337,0.00946040619406275,-103.97078827369987,,27422.07306283813,29629.755695106945,,,,0.0,0.0,,,,,,11.777055098395385,-0.6546434454355895
deep-orca-quartz,False,,,491,Other,48.431218045801614,0.019554499650739802,2476.730108712821,1453.2266277210322,0.5110889077186584,0.6112359677990489,21.0,-2.2066880449248467,-0.045563339803636,4.0,83.0,6.9911673908175604,0.00282274090593219,-148.47835162294683,,29378.766015665453,31855.496124378293,,,,0.0,0.0,,,,,,8.4789214319819,-0.890968312276739
solid-ram-marble,False,,,492,Nanobody,158.92670116974594,0.053593840420976376,2965.391170354397,1571.968544219668,0.4648241251707077,0.5924842463812606,40.0,-1.8252137945148563,-0.011484626441502662,3.0,131.0,135.0774716255818,0.04555131645901493,377.4173000812399,,25207.427241714428,28172.81841206882,,,,0.0,0.0,,,,,,13.488945539424249,-0.6155052368004195
radiant-otter-opal,False,,,493,Nanobody,68.99204119658032,0.02203328420916718,3131.2645242362664,1621.8883428869444,0.4774376302957535,0.6135317454086211,44.0,-3.7909597567658557,-0.05494778370108232,4.0,131.0,30.66397780371943,0.009792841699057205,611.9183867789399,,25506.004952185405,28637.269476421705,,,,0.0,0.0,,,,,,14.051831028466639,-1.2106801349497909
jade-bat-rose,False,,,493,Nanobody,68.26124848490281,0.020573029389370785,3317.9969363272535,1773.5107809025449,0.5232803523540497,0.5400647089583268,34.0,-7.63395461138402,-0.1118343830624839,12.0,132.0,36.604125328326674,0.011031994914631957,179.8100076349566,,26006.139684217407,29324.136620544654,,,,0.0,0.0,,,,,,10.247146291109953,-2.300772049486632
deep-yak-stone,False,,,494,Nanobody,129.48543258982403,0.04057157615083106,3191.5307433076314,1701.5991432854564,0.5793449878692627,0.5573598376578502,47.0,-6.8722558271191065,-0.05307358279358432,9.0,129.0,100.93295944117537,0.03162525056442687,24.4054134539028,,25311.971269327994,28503.502012635658,,,,0.0,0.0,,,,,,14.726475719701277,-2.153278905907343
green-heron-bronze,False,,,495,Other,94.51991665954787,0.029177141786527697,3239.519393335219,1565.8041266288315,0.5828286111354828,0.5751465199408415,51.0,-5.561260326482572,-0.05883691525579445,8.0,123.0,53.49543493177358,0.016513386226929737,202.70895435518537,,26896.671656889233,30136.19105022443,,,,0.0,0.0,,,,,,15.743075996064157,-1.7166930187002294
golden-quail-crystal,True,Medium,1.60382624656802e-07,496,Other,12.188718655585433,0.004646846312849252,2623.008775194852,1427.403573866565,0.5651275217533112,0.6121347291330107,14.0,-6.910676419740521,-0.5669731671568061,10.0,100.0,-18.03812395109787,-0.006876882807896017,285.1243885795361,,25713.954564048054,28336.963339242884,,,,0.0,0.0,,,,,,5.337382067644818,-2.6346371712870673
golden-vole-quartz,False,,,497,Peptide,137.65945945430462,0.054279704008288424,2536.112935201051,1230.2154682462801,0.4857785403728485,0.5431130609640288,29.0,-9.11876228451134,-0.06624145061050649,9.0,109.0,-29.478029928540682,-0.011623311217488743,196.90965528583894,,26042.55356662736,28578.666501828437,,,,0.0,0.0,,,,,,11.43482200555119,-3.5955663322179485
calm-toad-opal,False,,,498,Peptide,95.7886054640519,0.03454010605286008,2773.2574218926047,1554.4146509216407,0.5543483197689056,0.6122364631704705,41.0,-4.49693460175219,-0.046946446082669256,6.0,122.0,50.30487629840846,0.0181392740180888,703.3945239591549,,24762.962035710443,27536.219457603038,,,,0.0,0.0,,,,,,14.78405851412799,-1.6215352265002738
calm-shark-granite,True,Medium,4.8579783914578e-08,499,Other,85.7571619509456,0.02691279034909675,3186.483483821431,1531.0051236840386,0.5168153643608093,0.646486538048522,49.0,-8.235224590087823,-0.096029584034025,10.0,114.0,49.286237250402415,0.015467281566228381,-424.0762207123204,,26838.230175672274,30024.713659493664,,,,0.0,0.0,,,,,,15.37745299757089,-2.5844240624186834
young-ram-cloud,True,Strong,3.60150315016711e-08,500,Other,8.561706504057838,0.0025298534165738512,3384.269795225073,1780.3532627862894,0.5761622786521912,0.6515565342511402,25.0,-5.542237158677528,-0.6473285618995201,6.0,123.0,-25.0196753187982,-0.00739293166109242,-268.49972697622815,,27441.322330186336,30825.592125411433,,,,0.0,0.0,,,,,,7.387117905101109,-1.6376463739673386
golden-crane-orchid,False,,,117,scFv,68.64124980041018,0.026165955179316386,2623.303805651612,1438.0422864997388,0.46016739308834076,0.6014545009522031,36.0,-3.7684977087468936,-0.054901356250135966,6.0,90.0,44.53463584839408,0.016976545283260456,-22.060206978093994,,30955.185296861084,33578.48910251271,,,,0.0,0.0,,,,,,13.723153194243862,-1.4365464269247392
misty-deer-lotus,False,,,117,scFv,2.8081888385467266,0.001130275427485766,2484.5172869000476,1236.555489230923,0.5034245252609253,0.5207707696394167,42.0,-9.826729418501145,-3.4993121842855133,10.0,84.0,-21.993656801478462,-0.008852285680378633,250.2412278636323,,30806.23305746072,33290.750344360735,,,,0.0,0.0,,,,,,16.904692199748684,-3.955186574999458
green-orca-lava,False,,,501,Other,114.2108827879806,0.03303584992931318,3457.180094726113,1652.3833251112262,0.5571155548095703,0.649656175473043,38.0,-9.548133256659503,-0.08360090582947789,13.0,129.0,67.5806443941351,0.019547909724815484,-108.36296836520886,,27489.818196165674,30946.998290891785,,,,0.0,0.0,,,,,,10.991617144264064,-2.761826978937275
ivory-quail-flint,False,,,502,Other,132.65714562756864,0.03304886154081153,4013.9702078315877,1925.8572900901358,0.47884200513362885,0.5560876067776886,47.0,-6.08559873270145,-0.04587463949953065,12.0,136.0,51.56641206369501,0.012846735126006835,975.7682303246787,,28247.94472897169,32261.914936803285,,,,0.0,0.0,,,,,,11.709105341215317,-1.5161046090546322
pale-owl-moss,False,,,503,Miniprotein,79.59169127756604,0.03716342236132703,2141.66743051067,1058.2884359753589,0.6123731136322021,0.6869969417999038,33.0,-5.657715321487339,-0.07108424548684066,6.0,89.0,3.227341749045144,0.0015069294620946823,344.4153392510429,,25574.60307058206,27716.270501092753,,,,0.0,0.0,,,,,,15.408554815689248,-2.6417338382637143
golden-hawk-reed,False,,,504,Other,214.7330539777074,0.0298571794911343,7192.0073375139,4423.638900893907,0.5724011063575745,0.5600368484539393,51.0,-7.849683413540824,-0.03655554311799497,15.0,233.0,17.46201163349321,0.002427974668825824,1705.5790659204044,,28703.607075399304,35895.61441291307,,,,0.0,0.0,,,,,,7.091205223607217,-1.0914454122698751
quiet-crow-snow,False,,,505,Other,111.35486890398624,0.013467892509314279,8268.173274101659,5602.586633299046,0.5687275826931,0.5715471563030572,49.0,-9.838846541464614,-0.08835578217911588,15.0,257.0,14.684064465167756,0.001775974447846001,1239.270306921277,,28966.41143153881,37234.58470564033,,,,0.0,0.0,,,,,,5.926339274175875,-1.189966176964719
mellow-toad-jade,False,,,506,Other,273.04574454672706,0.03642832502914914,7495.424078055797,4859.27457153932,0.552719384431839,0.5770354596624574,66.0,-8.715030971483667,-0.03191784214015553,12.0,267.0,60.49722655274692,0.008071221310861309,2157.741969098046,,29117.20195254854,36612.626030604275,,,,0.0,0.0,,,,,,8.805372359547592,-1.1627135277106586
shy-bee-bronze,False,,,504,Other,334.0731927404008,0.04146352068617379,8057.038746634922,4987.853807534766,0.5478473901748657,0.557227630071622,71.0,-10.59342480615554,-0.031709891833157054,13.0,249.0,264.9325007890518,0.03288211824719134,2332.2610120119966,,29100.235273338145,37157.27401997299,,,,0.0,0.0,,,,,,8.812170604200412,-1.3148037559804409
strong-lion-marble,False,,,507,Other,319.2783864089133,0.04527671359360981,7051.712924101786,4712.848847493024,0.5489404201507568,0.4919113684809442,34.0,-10.225082265704048,-0.03202560117116213,14.0,233.0,105.76147609767995,0.0149979837857837,1669.571331733916,,30836.54911628707,37888.26204038877,,,,0.0,0.0,,,,,,4.821523559728683,-1.4500139718898826
green-lynx-leaf,False,,,508,Other,222.33964458029016,0.03045104844953957,7301.543161928535,4582.849456477776,0.5672739744186401,0.584843481980684,51.0,-10.815904191890416,-0.048645864359042064,14.0,234.0,105.35892447886043,0.014429679061300282,1237.7285538443173,,29549.888947600513,36851.43210952902,,,,0.0,0.0,,,,,,6.98482483345747,-1.48131757246692
noble-heron-jade,False,,,505,Other,87.57188547473015,0.01341193951209567,6529.397586065216,4076.6018755166906,0.5329304933547974,0.5569791890217279,66.0,-6.282188491300774,-0.07173750407730538,9.0,226.0,-6.655645363342055,-0.0010193352871551691,376.16379469125917,,32086.536899908908,38615.93448597388,,,,0.0,0.0,,,,,,10.108130057948165,-0.9621390654335362
mellow-fox-thorn,False,,,507,Other,600.8011383351798,0.08254963689158552,7278.0591285244145,4651.095615655982,0.5100566446781158,0.4618669825014479,58.0,-10.604993021710062,-0.017651419654590706,15.0,243.0,302.48447428230793,0.041561145484075634,1961.2200314385714,,28800.25464394349,36078.31377246768,,,,0.0,0.0,,,,,,7.969157570139057,-1.4571182831074585
rapid-deer-wave,False,,,507,Other,309.3118804916263,0.044821201554572934,6901.017147320728,4275.390455818072,0.5293271243572235,0.5587185114742943,60.0,-6.745200291063323,-0.021807116753298873,15.0,219.0,253.2218051723848,0.036693403271820066,1217.2287910125933,,30229.843509659782,37130.86065698036,,,,0.0,0.0,,,,,,8.694370513670522,-0.977421175323713
young-dove-birch,False,,,507,Other,295.3049678931063,0.04001484912292673,7379.884576995936,4830.073079973258,0.5186484158039093,0.5159699198180305,51.0,-8.646613588422415,-0.029280284886884438,12.0,235.0,160.3473972633775,0.021727629421630968,1981.7375470039499,,28954.061163713865,36333.945740709845,,,,0.0,0.0,,,,,,6.910677188498809,-1.1716461820249924
dark-jaguar-rose,False,,,505,Other,338.2275626861069,0.04153831435465099,8142.544249589561,5133.782151529337,0.5328575670719147,0.5304584136787378,76.0,-7.060988279509436,-0.02087644254487446,12.0,263.0,70.74552936906254,0.008688381321677015,1556.5030224366537,,28951.431666176795,37093.975915766314,,,,0.0,0.0,,,,,,9.333691985012043,-0.8671722330358054
calm-jaguar-granite,False,,,505,Other,242.9134195593142,0.03241933257761068,7492.8568926515845,4831.304677377693,0.5428321957588196,0.6049745493319221,60.0,-6.645536286952136,-0.027357633427614894,11.0,240.0,138.69833258931985,0.018510740906495154,954.8000823240932,,30321.74244843119,37814.59934108263,,,,0.0,0.0,,,,,,8.007626578167184,-0.8869162166262063
golden-lion-ice,False,,,509,Other,239.67997416188086,0.029218911805287243,8202.9055619556,5245.744107716542,0.568622887134552,0.4526414222325419,92.0,-14.447299512591695,-0.0602774577355133,18.0,248.0,140.8699492849768,0.017173177018923638,1568.9624303933695,,28964.371793232738,37167.27735518834,,,,0.0,0.0,,,,,,11.215538116967775,-1.7612417214208924
scarlet-vole-ice,False,,,505,Other,390.6312187671641,0.05310421382454812,7355.9363868520295,4882.396577114456,0.5307933688163757,0.4956343076370237,72.0,-5.511473142721671,-0.014109146627133216,8.0,257.0,326.28537664320214,0.044356742565963905,1041.2677580311217,,28908.37121315236,36264.307600004286,,,,0.0,0.0,,,,,,9.788012866545788,-0.7492551393691843
young-falcon-ruby,False,,,505,Other,457.8809029720551,0.05989496851127414,7644.730673593514,4912.062838224797,0.5920810997486115,0.5620850566387435,65.0,-7.881069017140877,-0.017212050046170775,11.0,248.0,362.6109849529101,0.0474328005047246,986.5006184833454,,29752.33790222232,37397.068575815734,,,,0.0,0.0,,,,,,8.502588616303186,-1.0309151955298732
deep-lion-thorn,False,,,509,Other,334.16056116738923,0.042614816292772646,7841.417381026278,5300.762843129916,0.5508036315441132,0.5356204372673404,53.0,-7.37080151897978,-0.022057664415064123,12.0,235.0,250.72417105252634,0.03197434326850126,1093.5575040805481,,28615.80188783704,36457.21926886314,,,,0.0,0.0,,,,,,6.758982136092263,-0.939983316895586
swift-otter-topaz,False,,,510,Other,717.4591981518231,0.10564914301223202,6790.960888994206,4289.467412778545,0.4743215888738632,0.5581104946982495,42.0,-4.212181765539364,-0.00587097046966567,5.0,244.0,512.3389290577903,0.07544424676162018,1792.7645633956975,,29579.87109779125,36370.83198678545,,,,0.0,0.0,,,,,,6.184691781698735,-0.6202629987702993
quiet-deer-oak,False,,,505,Other,697.1869382324832,0.09052518041287477,7701.580212850115,4764.673692431398,0.5351770520210266,0.5534410103483807,74.0,-4.97056741034354,-0.007129461465449975,6.0,252.0,530.1820970381945,0.06884069014221052,1512.0783547929911,,28965.759229146875,36667.33944199685,,,,0.0,0.0,,,,,,9.608417747377446,-0.6453957854064976
soft-cobra-wave,False,,,505,Other,688.1728288258132,0.07572244358776531,9088.095896274051,5668.274178578919,0.6048190891742706,0.544577667634407,69.0,-11.649750020960465,-0.016928523668738437,20.0,271.0,533.0110033153862,0.05864935949167424,2082.962548215402,,28157.11539777899,37245.21129405305,,,,0.0,0.0,,,,,,7.592349463245508,-1.2818691785301959
jade-deer-ember,False,,,505,Other,321.3827851929575,0.04370304185206045,7353.785264670436,4588.938103508024,0.5733803510665894,0.5688215354006859,91.0,-3.8800428482268616,-0.012072964162960043,7.0,253.0,191.15134769786036,0.02599359932580611,1860.4262111347919,,29731.998828017873,37085.78409268824,,,,0.0,0.0,,,,,,12.37457944783736,-0.5276252580922688
bright-kiwi-reed,False,,,511,Miniprotein,-10.787643434335052,-0.003997719601321672,2698.4492436059263,1368.1058418756422,0.6264133453369141,0.5168309710151733,25.0,-10.890794278383455,1.0095619441517776,11.0,102.0,-39.233396889174195,-0.01453923840966776,306.2613040287425,,24440.33868366712,27138.787927273104,,,,0.0,0.0,,,,,,9.264580410114592,-4.0359455728839775
pale-ant-ice,False,,,512,Miniprotein,30.955393640844168,0.01231809789365136,2513.0011068347094,1355.4205949466752,0.576719343662262,0.6462648243598583,20.0,-2.4373451511930107,-0.07873733345057676,4.0,106.0,-22.659302879172138,-0.009016829645456474,32.91234277211694,,25077.892069495138,27590.893176329857,,,,0.0,0.0,,,,,,7.958611695635629,-0.9698941813292743
golden-bear-lava,False,,,513,Peptide,201.4845906195162,0.08764375552069559,2298.9041195517807,1000.6415992883686,0.43900810182094574,0.6569647186721481,28.0,-5.8813081536997975,-0.029189865764008067,9.0,91.0,179.75230330033258,0.07819043072373938,415.1402037541377,,24837.632309715165,27136.536429266962,,,,0.0,0.0,,,,,,12.179716309986508,-2.558309458702645
calm-bee-plume,False,,,514,Other,20.867738625691914,0.006622640657826584,3150.9694854167556,1573.0294329092187,0.5497012436389923,0.49065719204143765,30.0,-9.740681890194566,-0.46678186194080684,10.0,121.0,-25.298828425930328,-0.008028903022710244,480.7016883349842,,26647.2220249517,29798.191510368488,,,,0.0,0.0,,,,,,9.520879252828474,-3.091328537225183
quiet-yak-jade,False,,,515,Other,30.07440542166233,0.009532302372596597,3154.99910159376,1442.7029749491699,0.5423693954944611,0.6157106509090453,41.0,-5.975635197516389,-0.19869504030866694,9.0,121.0,-10.070857786107947,-0.0031920319029633366,0.9782170650642961,,26631.221870295878,29786.22097188963,,,,0.0,0.0,,,,,,12.99524934231794,-1.8940212041574824
noble-moth-cypress,False,,,505,Other,202.54073242349477,0.02423458773216961,8357.50682709725,5480.560976775514,0.5502920746803284,0.43175944285397927,84.0,-5.289025757191476,-0.02611339306373491,10.0,276.0,90.15332341918615,0.010787107361597983,1507.1280553258966,,29930.695774655098,38288.20260175208,,,,0.0,0.0,,,,,,10.050844317308812,-0.632847315187713
rough-ox-opal,False,,,509,Other,307.0089658284395,0.035833364266085105,8567.684673666314,5377.176111523935,0.5157980024814606,0.4805487991029769,83.0,-9.579138472346555,-0.03120149421857438,12.0,270.0,186.88385635057156,0.021812644076990705,1197.3092997825984,,28346.538285332546,36914.22295899869,,,,0.0,0.0,,,,,,9.687564746063693,-1.1180545079803244
frozen-crow-cedar,False,,,505,Other,570.659368487238,0.056300589157225515,10135.939552845703,6365.803857139998,0.5732050240039825,0.5097679717458504,116.0,-21.892582081074597,-0.03836366016229557,24.0,317.0,365.407210098958,0.036050650084665174,1351.8537893252305,,27921.381470674853,38057.321023520395,,,,0.0,0.0,,,,,,11.444424998315284,-2.159896669364822
soft-quail-vine,False,,,505,Other,203.41192545848526,0.02684814342360174,7576.387024201806,4906.185864726234,0.5356626808643341,0.5325384758113415,56.0,-9.065375959601884,-0.04456659037649223,15.0,240.0,62.489282210974736,0.008247899956979582,1652.8558822924206,,28420.09330170223,35996.48032590402,,,,0.0,0.0,,,,,,7.391385870483532,-1.1965302103289726
pale-lynx-fern,False,,,505,Other,245.22426846927715,0.03023537737097058,8110.507947710303,5440.3256533046915,0.5447280406951904,0.4916927541857082,69.0,-8.099756223502398,-0.033029994437590394,14.0,266.0,69.2033076743447,0.00853254914741581,1116.5412379622928,,29028.163197299284,37138.67114500953,,,,0.0,0.0,,,,,,8.5074819536401,-0.9986743463816048
violet-ibis-reed,False,,,510,Other,510.51672582266065,0.0633564631105817,8057.84762529452,5252.384503743964,0.5099458396434784,0.5699105128727706,69.0,-11.020777246202584,-0.021587494960999373,15.0,284.0,326.33501100560375,0.04049902978820302,831.4482721893522,,29447.239463254413,37505.08708854873,,,,0.0,0.0,,,,,,8.563080764074142,-1.3677073281464251
amber-zebra-rose,False,,,516,Nanobody,321.9477083881799,0.11295711639338094,2850.1764091336645,1725.366424234623,0.47280900180339813,0.5266305328180965,36.0,-0.43870847528469736,-0.0013626699735838352,2.0,113.0,258.85613972557957,0.09082109405440665,864.3796031495078,,26603.789343618395,29453.965752752138,,,,0.0,0.0,,,,,,12.630797127025028,-0.15392327081187462
radiant-quail-cypress,False,,,517,Miniprotein,213.27666344300332,0.06878598883744533,3100.5829391653806,2089.3825478095437,0.4454185217618942,0.5465280922459718,30.0,-2.8619696308850386,-0.013419047281982071,4.0,108.0,125.11903381744656,0.04035339040184691,-2.153937422924532,,24446.23968841019,27546.822627575602,,,,0.0,0.0,,,,,,9.67559990769847,-0.9230424365475699
rapid-lynx-bronze,False,,,505,Other,271.67257772844357,0.03240715205907057,8383.10559450731,5190.093004608587,0.5677579343318939,0.5163015522847247,65.0,-12.790343539238814,-0.04707999477232365,14.0,273.0,119.58874491939012,0.014265446566454537,1293.80764425937,,29235.34539952525,37618.45099403247,,,,0.0,0.0,,,,,,7.75368975938805,-1.5257285495269401
jade-ant-orchid,False,,,505,Other,3513.2691604754627,0.45649191703329445,7696.235200193525,4537.424757177526,0.5960601270198822,0.6410637399107336,82.0,-11.87998021887102,-0.003381460308399275,17.0,237.0,3347.7920353805234,0.43499086869075176,4315.760785513648,,29542.00599350082,37238.24119369427,,,,0.0,0.0,,,,,,10.654560037086455,-1.54360929855318
noble-bee-marble,False,,,508,Other,274.19755881064793,0.029739542382640365,9219.965636414876,5798.593973259739,0.618994414806366,0.611264445184044,99.0,-7.312335235222946,-0.02666812668552097,13.0,281.0,111.26955125498918,0.012068326026674393,1436.9367097230613,,28488.467234495783,37708.43287091046,,,,0.0,0.0,,,,,,10.737567134631481,-0.7930978838296734
vast-ant-quartz,False,,,504,Other,158.92797564872353,0.02654985895543562,5986.019583587498,3870.592317351468,0.5920052230358124,0.5240290747064172,46.0,-5.643216773753691,-0.035508013933474,11.0,209.0,110.66607863637469,0.018487423419027822,1414.4371969465544,,30085.565362837475,36071.58494642493,,,,0.0,0.0,,,,,,7.68457225334228,-0.9427327617213773
mellow-heron-onyx,False,,,507,Other,926.6736150708541,0.11682397904325047,7932.220958916164,5112.888093650953,0.5161947906017303,0.5159205330462487,80.0,-5.82406741495657,-0.006284917710224497,6.0,272.0,615.6071383943698,0.07760842033811481,2103.7431334743296,,28419.302194373,36351.52315328909,,,,0.0,0.0,,,,,,10.085447747150374,-0.7342290948678205
silver-heron-orchid,False,,,507,Other,458.359533785708,0.0757421789410154,6051.575755995319,3934.881970255773,0.5163405537605286,0.46331131660384683,50.0,-7.532073661760235,-0.01643267589429399,7.0,213.0,179.24946862486593,0.029620296572720386,1648.0609515185788,,30509.234567439038,36560.81032343416,,,,0.0,0.0,,,,,,8.2623108453141,-1.2446466780653256
brisk-swan-granite,False,,,505,Other,350.2983587345424,0.04233256666834782,8274.914239879092,5223.129356878187,0.5363882482051849,0.5441412512809856,72.0,-7.705884475366773,-0.02199806046252796,12.0,278.0,149.8881269932764,0.01811355654550765,1325.139518356309,,29497.70157838381,37772.615818262835,,,,0.0,0.0,,,,,,8.700996519457828,-0.9312343611043111
dark-heron-rose,False,,,1,Other,709.0588986316576,0.06807705867502345,10415.53369713668,6446.589710544565,0.555756688117981,0.5876987265511071,111.0,-17.433206825540143,-0.024586401579872644,21.0,331.0,433.57766932588817,0.04162798392607404,1455.2693201349064,,27830.8337580534,38246.36745518991,,,,0.0,0.0,,,,,,10.657159126710411,-1.673769902960679
scarlet-ox-wave,False,,,507,Other,423.29062408982304,0.05389022951478061,7854.682154837104,4640.922518082143,0.48028331995010376,0.43694220047147164,69.0,-8.288552118533405,-0.01958123248384202,14.0,259.0,220.50137699445887,0.02807260340364871,1325.7919057546608,,28720.986590912442,36575.668745749426,,,,0.0,0.0,,,,,,8.78456933582069,-1.055237112736524
violet-deer-frost,False,,,505,Other,422.63123114300356,0.051108917256603596,8269.226855679415,5488.7095312021365,0.5182942152023315,0.5570706670509671,88.0,-7.357498232385488,-0.01740878972073876,10.0,259.0,268.44792436658065,0.0324634852872862,1036.0986926983946,,28879.046175546388,37148.27303122564,,,,0.0,0.0,,,,,,10.641865501556584,-0.8897443933748487
wild-moth-ash,False,,,509,Other,582.9744089700189,0.08874976200114634,6568.743350122887,3927.9213567312327,0.5662754774093628,0.5808845865113018,47.0,-9.857197055450237,-0.01690845584948682,12.0,235.0,490.9379619098999,0.07473849041471768,1961.3747999189782,,30663.1537191239,37231.89706924679,,,,0.0,0.0,,,,,,7.155097633571074,-1.500621432448846
dark-boar-crystal,False,,,509,Other,509.92256308207857,0.06969365885312671,7316.627817699969,4520.6408566033615,0.5440831184387207,0.5242984983148847,80.0,-6.061525017957583,-0.011887148082486207,9.0,219.0,327.39692790761956,0.04474697033455762,1389.2040589072442,,28771.97761837553,36088.60543607548,,,,0.0,0.0,,,,,,10.933998830235504,-0.8284588431973932
calm-ram-clay,False,,,509,Other,425.52964480581204,0.05050186786878887,8426.017942769946,5477.652203287126,0.5662565529346466,0.5881080011546648,57.0,-10.776905760383421,-0.025325863642946426,14.0,274.0,166.4686018674655,0.019756497434272147,1463.6353395014114,,28351.00990420343,36777.027846973215,,,,0.0,0.0,,,,,,6.764761289039218,-1.2790034193590443
violet-ant-bronze,False,,,505,Other,589.9151434890886,0.07702758205922963,7658.492292221751,4729.348949773791,0.5570435225963593,0.5197692854292933,88.0,-4.637732980316058,-0.007861695078525884,7.0,248.0,230.78591428605378,0.030134640798744228,1548.4120129939058,,28677.78577463109,36336.27806685264,,,,0.0,0.0,,,,,,11.490512315247226,-0.6055673627857943
brisk-hawk-oak,False,,,509,Other,864.0594827431541,0.08641705418110535,9998.714847793046,6345.805936626798,0.5353696644306183,0.4952593182418006,100.0,-10.349138793711328,-0.011977345310597857,15.0,301.0,605.6673755778335,0.06057452230588601,1971.677563439897,,28160.758636844737,38159.47348463761,,,,0.0,0.0,,,,,,10.001285317389803,-1.0350468986517432
calm-goat-jade,False,,,505,Other,336.1782334681767,0.03816768151133059,8807.929121091038,5472.286828455934,0.5625050067901611,0.44741310015501784,83.0,-6.597581944388439,-0.019625250202324536,13.0,274.0,215.39522259669513,0.02445469526780367,976.654078658699,,28201.953674207536,37009.882795298465,,,,0.0,0.0,,,,,,9.423327419978012,-0.749050299302499
lunar-goat-granite,False,,,509,Other,216.10112781922794,0.028669185922324415,7537.749010548364,4808.453391762087,0.5179498195648193,0.5255839682751138,50.0,-4.162434719102674,-0.01926151316796744,4.0,244.0,129.9433062754583,0.017239006776905808,979.6866242899904,,29043.616195112976,36581.365205661255,,,,0.0,0.0,,,,,,6.633280032278834,-0.5522119021577585
dark-wolf-quartz,False,,,509,Other,248.18644489170288,0.031893697462164354,7781.67677755543,5216.401143639823,0.5270224809646606,0.45031736441113257,48.0,-14.01984550269119,-0.056489166879395064,17.0,241.0,42.393344308082135,0.005447841836653586,1993.5669467792166,,28971.355608000817,36753.03238555601,,,,0.0,0.0,,,,,,6.168336384575322,-1.8016483983411407
young-swan-jade,False,,,1,Other,19.289969329693122,0.00625809647481998,3082.402038272831,1615.5281071110544,0.5635768473148346,0.6296377925082636,38.0,-4.038665868331553,-0.20936611143879943,5.0,119.0,-12.861501519217933,-0.004172558076306181,402.4167039041229,,27878.059691440776,30960.46172971367,,,,0.0,0.0,,,,,,12.328047908147836,-1.3102333239419177
solid-vole-frost,False,,,1,Other,88.9083642979565,0.026341206918449586,3375.2578070249465,1740.8629621954944,0.5803642868995667,0.6178682819424639,24.0,-3.373184545150914,-0.037940013538506234,6.0,117.0,45.57642192109398,0.013503093549249919,2049.7644316813144,,27203.92093878589,30579.178745810845,,,,0.0,0.0,,,,,,7.11056795426075,-0.9993857471065715
mellow-fox-vine,False,,,1,Other,55.36458014487371,0.02037425827629975,2717.378929532678,1460.2035464992944,0.667156457901001,0.6387032184750077,27.0,-3.35963128378497,-0.06068196083116225,5.0,100.0,17.513029101326076,0.006444824058578347,280.345017653701,,28760.909927083216,31478.288856615876,,,,0.0,0.0,,,,,,9.936045248074157,-1.2363499426864046
hollow-gecko-plume,False,,,1,Other,52.641665120576135,0.016827454063802108,3128.320239115359,1664.3090978339521,0.5541183352470398,0.5610794536735505,34.0,-3.854808225445798,-0.0732273231976293,6.0,117.0,14.532169094083862,0.004645358525760565,1235.427221817522,,27347.810513260672,30476.130752376062,,,,0.0,0.0,,,,,,10.868452524417602,-1.2322294173232975
lunar-shark-pine,False,,,1,Other,4.39593461299944,0.0015928008404175835,2759.8771305563605,1587.151644317938,0.5994139909744263,0.6521987595848028,17.0,-2.951213651563551,-0.6713506708758517,8.0,96.0,-45.12930085318673,-0.016351923914848035,858.8045003141176,,27115.913836021948,29875.790966578326,,,,0.0,0.0,,,,,,6.1596945066076145,-1.069327912785965
pale-swan-willow,False,,,1,Other,113.13033711667958,0.037847497110942305,2989.110132832848,1637.5412856198527,0.5004938393831253,0.6465704162324644,26.0,-2.9767584088698515,-0.026312645084754793,5.0,111.0,77.83229013195877,0.026038615732835287,799.87535692078,,27940.508580489583,30929.618713322423,,,,0.0,0.0,,,,,,8.69824089598171,-0.9958677588265071
radiant-cobra-wave,False,,,1,Other,16.04498810421851,0.005596156738370179,2867.144158812722,1497.3599385151908,0.607419490814209,0.4813846928428734,17.0,-6.231206455622683,-0.38835843411964815,7.0,101.0,-17.255177828419733,-0.006018245638393384,-29.555366655578524,,28330.054092697617,31197.19825151032,,,,0.0,0.0,,,,,,5.929244941433173,-2.1733146680015603
violet-mole-ruby,False,,,1,Other,52.29854586148042,0.017556378488856366,2978.89145501597,1458.0546117970314,0.6339153945446014,0.5998026320956041,27.0,-5.845701469943831,-0.11177560243122134,8.0,108.0,-4.068750834217626,-0.0013658607222383043,926.4379755282872,,27725.451452678553,30704.34290769454,,,,0.0,0.0,,,,,,9.063774362955177,-1.9623747821024555
jade-hawk-iron,False,,,1,Other,36.57684138274067,0.010947824612241846,3341.014555699082,1831.0654564480108,0.6148990988731384,0.6002492180426161,27.0,-8.494821576182327,-0.23224590355663505,10.0,115.0,-30.933352197699968,-0.009258670287722646,1281.2107113602435,,27683.845293313992,31024.859849013068,,,,0.0,0.0,,,,,,8.081377542622066,-2.5425874190496756
soft-owl-wave,False,,,1,Other,175.81148540688906,0.0643620834553665,2731.60028339993,1448.3278608475914,0.5278890132904053,0.6199580982661278,31.0,-4.875903751868657,-0.02773370431734944,6.0,105.0,97.57252580400808,0.03571991348696262,640.5068253938979,,27733.108739584288,30464.709022984232,,,,0.0,0.0,,,,,,11.348658948524985,-1.7849989917997027
calm-crane-clay,False,,,518,Other,113.79639891060057,0.04535173615278985,2509.1960873828707,1342.3103409522996,0.45679332315921783,0.5471097202294393,31.0,-4.696945557016802,-0.04127499289943931,6.0,95.0,98.40372639875365,0.03921723252063182,-214.75105355952147,,26163.253967500325,28672.45005488321,,,,0.0,0.0,,,,,,12.354554574622131,-1.871892587683646
silent-kiwi-cedar,False,,,3,Nanobody,91.658326650437,0.036330773757600694,2522.883967789465,1188.129661375278,0.530969649553299,0.6057943223862464,39.0,-1.7241117467440743,-0.01881020317247799,3.0,97.0,35.854847418152836,0.014211849564198797,-380.4738828886817,,26316.28106976892,28839.165037558385,,,,0.0,0.0,,,,,,15.458499280159742,-0.6833892357938007
bright-zebra-pearl,False,,,505,Other,171.98583235685442,0.020231490018264076,8500.897966565655,5452.603982536319,0.5058480501174927,0.4917812329984625,80.0,-6.06532829605009,-0.035266441502373895,7.0,277.0,32.653051834607965,0.0038411297210051948,695.570754758274,,29061.132746122086,37562.03071268768,,,,0.0,0.0,,,,,,9.410770522672188,-0.7134926592349714
steady-swan-moss,False,,,505,Other,242.97135694963504,0.030123729243601082,8065.779471884189,4939.446844749074,0.5045966506004333,0.49892986998063843,83.0,-6.795161794362843,-0.027966925318573237,10.0,257.0,111.77663783905145,0.013858132153089986,1651.468066919718,,28773.61523366316,36839.39470554724,,,,0.0,0.0,,,,,,10.290387964278295,-0.8424680860727121
deep-crow-iron,False,,,510,Other,208.43739132547353,0.02772020006737547,7519.332141140936,4791.562071990229,0.5032197833061218,0.4637560864846673,61.0,-6.136797958327609,-0.0294419245956933,7.0,251.0,94.20961550029755,0.012528987113741563,867.8810798548368,,29210.869514899852,36730.20165604067,,,,0.0,0.0,,,,,,8.112422600173138,-0.816136040161201
lunar-fox-vine,False,,,509,Other,308.80783938279035,0.03485754040800636,8859.140253965277,5678.974784465878,0.5764181315898895,0.4714336289368932,90.0,-9.889870715135546,-0.0320259703733632,14.0,289.0,164.01424631170187,0.018513562446230654,952.6788502004616,,28336.04351969908,37195.183773664336,,,,0.0,0.0,,,,,,10.158999340790066,-1.1163465563951223
solid-crane-pine,False,,,505,Other,235.2519336969557,0.026351834549659132,8927.345580195999,5728.505304896788,0.5589086413383484,0.49369021807639146,112.0,-8.8771100186167,-0.037734482684643605,14.0,293.0,153.27749506817912,0.0171694367257612,808.3914234548413,,28014.55941775021,36941.904997946134,,,,0.0,0.0,,,,,,12.545722465192284,-0.9943728445227056
rough-gecko-plume,False,,,505,Other,503.60297458004754,0.05177052589179957,9727.600133569786,6011.274141040991,0.550590842962265,0.5822089645060046,91.0,-12.373209640401685,-0.024569373623576495,19.0,339.0,264.59768737925765,0.027200715875042546,1228.16842575032,,28172.950389988422,37900.55052355813,,,,0.0,0.0,,,,,,9.354825316673999,-1.2719693933246645
steady-fox-cloud,False,,,505,Other,167.8167084571803,0.022370727972171836,7501.6203614802625,4973.181693299365,0.5592147409915924,0.527561071202123,52.0,-5.127083587193816,-0.03055168722071575,9.0,239.0,50.90171501629649,0.0067854293557255245,1101.4936931416212,,29126.959118769097,36628.57948024927,,,,0.0,0.0,,,,,,6.931835722720987,-0.6834634839055106
silent-deer-vine,False,,,505,Other,155.14145232205772,0.017596287945322957,8816.714798264817,5587.668412125079,0.5154530107975006,0.5289396222539505,108.0,-3.7517187065526314,-0.024182567910763456,10.0,275.0,76.3716553536175,0.008662144245456131,958.9899663202833,,30528.6065818543,39345.32138011898,,,,0.0,0.0,,,,,,12.24946053843718,-0.42552342821512074
solid-lynx-pine,False,,,505,Other,391.95883244579636,0.04834974070764139,8106.741147090569,5034.24960803083,0.5666192471981049,0.5388029477932893,55.0,-10.532680496975148,-0.026871904968315017,16.0,243.0,278.25230327274653,0.03432357074489897,1703.7055968553934,,28471.965774736727,36578.70692182709,,,,0.0,0.0,,,,,,6.784477140945714,-1.2992496375384115
bright-seal-granite,False,,,519,Peptide,839.5465900909446,0.1850224496158511,4537.539049093963,2376.3965599288954,0.5218553394079208,0.43326085239301165,93.0,-5.057539758567279,-0.006024132333167379,8.0,127.0,765.3990665160571,0.16868153821593865,643.396129873721,,21470.691159473365,26008.230208567384,,,,0.0,0.0,,,,,,20.495691385525348,-1.114599721092681
violet-eagle-ruby,False,,,520,Other,61.751064700247866,0.02230996450373444,2767.8692491828674,1400.8624915578273,0.575737863779068,0.6402524166695284,25.0,-2.1728357582402196,-0.03518701691683541,4.0,108.0,28.142342471806966,0.010167511518152518,803.9465779470495,,25049.365151563583,27817.234400746518,,,,0.0,0.0,,,,,,9.032218558510493,-0.7850210984069013
golden-eagle-sand,False,,,521,Other,279.1383557929762,0.044262086244348416,6306.48890456712,3750.154072689212,0.5581624805927277,0.5187791885579173,43.0,-4.014787300858655,-0.01438278623320485,9.0,240.0,223.00302997561528,0.0353608851692608,101.70569087272763,,24603.49893486227,30909.98783942946,,,,0.0,0.0,,,,,,6.818374003458512,-0.6366121246881401
scarlet-wolf-fern,False,,,522,Peptide,55.4748404131811,0.026823273732438892,2068.16069382658,1114.1336972663266,0.4932343661785126,0.5356019172038498,25.0,-7.355905966229254,-0.1325989567782777,7.0,81.0,39.49872360783122,0.019098479013615405,-78.51078736448132,,25017.541376488014,27085.70207031459,,,,0.0,0.0,,,,,,12.088035554792489,-3.5567381142995766
bright-bat-bronze,False,,,523,Other,262.7594045870703,0.08476454983282093,3099.8737692266914,1695.36745682674,0.5485663712024689,0.5983545435985295,58.0,-2.726780971317779,-0.010377481923446086,4.0,133.0,232.76154469827264,0.0750874267878135,410.2293248070054,,26350.156459987564,29450.030229214266,,,,0.0,0.0,,,,,,18.71043930103933,-0.879642583639144
dark-swan-pine,False,,,517,Miniprotein,89.93735417586697,0.03381663421842865,2659.5596000164583,1791.1560829112643,0.5241295695304871,0.47679549944628297,17.0,-2.3048625668779072,-0.025627422420842958,3.0,91.0,59.01401324691629,0.022189393028285997,19.29881233376603,,24733.604790961916,27393.1643909784,,,,0.0,0.0,,,,,,6.3920357339970115,-0.8666331699668035
soft-cobra-cypress,False,,,524,Other,4.3719057650478135,0.002068271644473786,2113.796694321612,1172.6801076778702,0.4743129312992096,0.6838132635772952,22.0,-4.18750764039148,-0.9578220266935885,7.0,77.0,-11.892524177236725,-0.005626143805212749,701.8402201820537,,29316.42771067804,31430.224404999644,,,,0.0,0.0,,,,,,10.40781266197435,-1.981036138262763
scarlet-tiger-ember,False,,,525,Other,62.728336273912404,0.027416965109704313,2287.9387278247486,993.2644803911334,0.436311811208725,0.5991420127813787,33.0,-1.7067573415881152,-0.02720871368459879,5.0,80.0,33.3081096676044,0.014558130103104637,37.061073157154055,,30234.638394536196,32522.577122360955,,,,0.0,0.0,,,,,,14.423463180491138,-0.7459803537705794
noble-otter-moss,False,,,526,Other,117.22138032508965,0.035621930864308655,3290.7082092660917,1728.294582513241,0.44001489877700806,0.5506319835295495,39.0,-2.2244272191219037,-0.01897629266054458,3.0,110.0,32.85831379297024,0.009985179998775537,306.5967337368523,,29669.778080652006,32960.48628991814,,,,0.0,0.0,,,,,,11.851552164419328,-0.6759721852148067
strong-panda-orchid,False,,,527,Other,125.95304980546246,0.04384639693616231,2872.5974904812006,1549.0276805498308,0.4874979853630066,0.6915935668987452,35.0,-1.363624159358506,-0.010826448120666046,2.0,104.0,76.04762988414267,0.026473472227187534,170.54639191496798,,30532.3300284954,33404.92751897655,,,,0.0,0.0,,,,,,12.184094749082654,-0.47470074170749194
rapid-ibis-granite,False,,,528,Other,145.6730708681033,0.04227316743696347,3445.9937520727963,1814.486418742939,0.6032638251781464,0.579311721277546,36.0,-4.866852026635435,-0.033409414640829714,8.0,131.0,104.97950142997321,0.030464216995990518,154.53952227083641,,27918.860571402452,31364.85432347522,,,,0.0,0.0,,,,,,10.446913891920342,-1.4123217790827332
gentle-lion-cedar,False,,,529,Other,-16.19704293178946,-0.011132882841876171,1454.8830848075152,741.814460663252,0.6048736572265625,0.5649998920715877,4.0,-4.959134141561375,0.30617527918187015,5.0,57.0,-23.08822971100049,-0.0158694742911628,22.857593000557337,,28260.729731163632,29715.61281597117,,,,0.0,0.0,,,,,,2.749361815921594,-3.408613512210489
hollow-vole-orchid,False,,,530,Other,161.64812870282515,0.06551859466742725,2467.209950447685,1385.5453036308907,0.46754756569862366,0.4941895222329161,25.0,-2.3586608077885143,-0.01459132763686173,3.0,90.0,128.34101651398655,0.05201868470524714,-115.244040824899,,30971.242690559386,33438.45264100707,,,,0.0,0.0,,,,,,10.132903361330742,-0.9560032810991728
misty-panda-snow,False,,,531,Other,315.1540031470906,0.0665223784862735,4737.563663814587,2618.6203193236383,0.5021164864301682,0.6026108543496631,64.0,-5.1316901135838595,-0.016283118927062353,8.0,171.0,219.56975432704004,0.046346554876741664,393.423834972644,,26616.982558929853,31354.546222744426,,,,0.0,0.0,,,,,,13.509053290160653,-1.0831918002030458
young-vole-topaz,False,,,532,Other,11.397528062359129,0.0049446510399419824,2305.0217235335704,1293.3522730020036,0.5340220928192139,0.5517524703584782,29.0,-5.032609070356272,-0.4415526807937152,5.0,84.0,-16.399529153453052,-0.007114696137575993,-214.70820697459598,,29248.534340719314,31553.556064252898,,,,0.0,0.0,,,,,,12.581226330285231,-2.183323922275814
steady-cobra-bronze,False,,,533,Other,34.493946437268676,0.011730914520319687,2940.431146908456,1516.0659663160643,0.5417391061782837,0.62076815361017,28.0,-5.651374606308983,-0.1638367073070829,10.0,113.0,-8.215495257812467,-0.002793976409360977,-303.74079218346975,,27089.394597478335,30029.825744386784,,,,0.0,0.0,,,,,,9.522413075184215,-1.9219544087100253
ivory-falcon-quartz,False,,,533,Other,49.068054489114786,0.016002902795656873,3066.197121589195,1560.3229162344342,0.4641273319721222,0.4562085587305087,33.0,-6.48362188222946,-0.1321352955550292,12.0,108.0,-9.715247369225503,-0.0031685005836122296,96.8227025131681,,25908.25533658023,28974.452458169402,,,,0.0,0.0,,,,,,10.762517441441032,-2.114548290642524
jade-jaguar-vine,False,,,533,Other,26.10848023245552,0.009632066871893719,2710.579212094117,1381.047892672238,0.48884738981723785,0.6119933142096252,36.0,-2.726096463452333,-0.10441421481375678,8.0,109.0,-8.505709051388799,-0.003137967344188967,-379.29743584810967,,25737.067183630315,28447.646395724474,,,,0.0,0.0,,,,,,13.281294211722157,-1.005724699462381
young-bat-lava,False,,,533,Other,81.51416826440536,0.02733118424538365,2982.4601646441074,1556.3822032510175,0.5458990037441254,0.6519928878245624,29.0,-2.4337332734363186,-0.02985656757905058,5.0,113.0,26.446564374704494,0.00886736550188268,249.3174556419905,,26295.87646426892,29278.336628913064,,,,0.0,0.0,,,,,,9.723516291611736,-0.8160153494377795
swift-crane-topaz,False,,,533,Other,71.78478380757434,0.024314165844108837,2952.385217236121,1490.7312478292865,0.5726577937602997,0.579045182464668,27.0,-4.525749796031049,-0.06304608798659524,9.0,110.0,33.51451911443776,0.011351675560078985,-254.23861944275268,,26826.392592497414,29778.777809733594,,,,0.0,0.0,,,,,,9.145148079719787,-1.5329130391283543
strong-ant-thorn,False,,,533,Other,239.88493114050632,0.08802605492257609,2725.1582653738,1480.9300527694847,0.48847879469394684,0.681505236901115,23.0,-2.4358460484674023,-0.01015422701578812,4.0,109.0,170.8061410511036,0.06267751242978717,104.39334130656712,,26113.756251502302,28838.914516876113,,,,0.0,0.0,,,,,,8.439876792566825,-0.893836544988071
brisk-shark-opal,False,,,533,Other,5.190885456176829,0.0018442791489307678,2814.5877261510423,1497.670079644761,0.46536722779273987,0.6026222258459384,22.0,-3.7238437623008145,-0.7173812240202051,8.0,106.0,-21.46518974529939,-0.007626406363482977,316.70673574151004,,26603.808658595484,29418.39638474652,,,,0.0,0.0,,,,,,7.816420073033243,-1.3230512332948965
hollow-cobra-marble,False,,,533,Other,26.061709382459966,0.008993182106681145,2897.940803744917,1497.946089891181,0.4832538068294525,0.5705946273613169,30.0,-2.7704248809504834,-0.10630250074137627,9.0,107.0,-8.02493348770837,-0.002769184752613995,-20.20673554488898,,26323.96160446038,29221.902408205286,,,,0.0,0.0,,,,,,10.352178333398651,-0.9559977475628043
strong-toad-topaz,False,,,533,Other,0.7386315250512894,0.00026226484249678876,2816.3573814142983,1503.823272829252,0.46289537847042084,0.6014950991416372,28.0,-3.806370754851573,-5.153274164120283,6.0,103.0,-20.975720552901485,-0.00744781919060572,-346.54744953971,,26968.426532911322,29784.78391432561,,,,0.0,0.0,,,,,,9.941920079027456,-1.351522636995777
dark-bee-pearl,False,,,533,Other,40.62723405983712,0.014234135005906335,2854.211656906387,1378.5891736632743,0.5047608911991119,0.596802332561534,33.0,-3.162875785745506,-0.07785112274901902,9.0,112.0,-2.014441237618459,-0.0007057785055092461,-446.13059178719647,,25593.968119194535,28448.17977610094,,,,0.0,0.0,,,,,,11.561861545954137,-1.1081433915709227
mellow-lynx-moss,False,,,534,Miniprotein,40.460201958310506,0.015349049950661737,2636.0069247521187,1321.461816774848,0.44707247614860535,0.5817861021039022,29.0,-5.1968992025061125,-0.12844471730173043,7.0,94.0,-3.9138358107169737,-0.0014847593054350635,-194.44977306394443,,25276.846494860558,27912.85341961267,,,,0.0,0.0,,,,,,11.001488549855408,-1.9715043817628863
scarlet-quail-cloud,False,,,535,Miniprotein,269.1922055119216,0.10368284831401581,2596.3041128716013,1143.6755668216224,0.4795771390199661,0.6130027892695156,29.0,-6.565937575638241,-0.024391261861211128,10.0,103.0,212.97394343291018,0.08202965992198567,473.53552682451664,,25083.28548594958,27679.58959882116,,,,0.0,0.0,,,,,,11.169723861017578,-2.5289555037433917
steady-zebra-onyx,False,,,536,Other,125.34805825090805,0.02306656583622771,5434.188129298374,3630.0109825960185,0.5925683081150055,0.6132254226726569,47.0,-6.269097652478295,-0.05001352027272333,10.0,218.0,50.74915710453732,0.009338866431753386,5.153590298766898,,25962.537729217627,31396.7258585161,,,,0.0,0.0,,,,,,8.648946058124109,-1.153640158072282
deep-panda-ash,False,,,473,Peptide,95.62949279892219,0.03700200609990477,2584.4407608799434,1466.6621723028848,0.5604490339756012,0.5865445974071208,38.0,-5.643270092368838,-0.05901181661848615,8.0,108.0,80.95127397623268,0.03132254962140073,9.961704380294332,,25912.591114536106,28497.031875416094,,,,0.0,0.0,,,,,,14.70337435285685,-2.1835555984836863
solid-crane-snow,False,,,537,Peptide,22.501774375949452,0.010014678754353567,2246.8792986662215,1153.2631878801124,0.5152193605899811,0.55781524278511,12.0,-4.262491587896922,-0.1894291319733788,7.0,84.0,-8.056865332246431,-0.003585802467016852,-189.7820536150199,,25648.341773159354,27895.221071825523,,,,0.0,0.0,,,,,,5.340740825340892,-1.8970719034294348
golden-jaguar-thorn,False,,,538,Other,424.9883069375968,0.1400848619400145,3033.7918105639446,1566.8813826282571,0.5723570883274078,0.4848044164439819,29.0,-4.918132714460513,-0.011572395367533411,6.0,113.0,380.7686392509349,0.1255091525809593,150.08512639761304,,28083.840549417866,31117.63235998179,,,,0.0,0.0,,,,,,9.558994753370785,-1.6211174073761812
dark-panther-wave,False,,,539,Miniprotein,55.52453212234434,0.018649429582745455,2977.2777701316886,1605.8370074204681,0.5643573701381683,0.5984432981936669,26.0,-10.268700870033797,-0.18493989012653808,12.0,113.0,18.920011786409397,0.006354802355432406,379.18292443961985,,24620.743361891353,27598.02113202307,,,,0.0,0.0,,,,,,8.732809635981662,-3.449023457955554
strong-bat-cypress,False,,,540,Miniprotein,80.42038331632028,0.029132098598683823,2760.542054459257,1595.6031956597205,0.6161873936653137,0.49864092841719754,31.0,-2.981511836482296,-0.03707408138997562,8.0,103.0,23.548354928593817,0.008530337326524279,224.54848462579835,,25102.390162465806,27862.932216925106,,,,0.0,0.0,,,,,,11.229678587915,-1.080045794508399
quiet-hawk-maple,False,,,541,Other,-5.832509648890905,-0.001883924010556695,3095.936787369366,1613.5627500180253,0.47547897696495056,0.5700724840735323,24.0,-3.5859305909909214,0.6148177725985953,9.0,122.0,-25.487369325297113,-0.008232522520898712,-90.27976214398909,,27853.63641491744,30949.57320228685,,,,0.0,0.0,,,,,,7.752096263048358,-1.1582699639154797
vast-otter-cloud,False,,,3,Nanobody,175.60891032066775,0.07488563756122052,2345.027912423179,1238.5851132255211,0.519962728023529,0.737636472286001,32.0,-3.3832869731133015,-0.01926603249764096,4.0,93.0,120.06027129787114,0.05119780053014794,3.6008002978482767,,27478.300388337833,29823.328300761008,,,,0.0,0.0,,,,,,13.645893010686411,-1.442749126861037
calm-zebra-birch,False,,,78,scFv,358.36041094451116,0.0951098695949235,3767.857242058911,1856.13456685071,0.46433359384536743,0.6114524518880456,48.0,-4.073879939251446,-0.011368108236381751,4.0,147.0,236.2548041003395,0.06270269517197531,602.0794585127649,,29764.840556683364,33532.69779874229,,,,0.0,0.0,,,,,,12.739336157484257,-1.0812192919032442
steady-goat-ruby,False,,,3,Nanobody,82.65165693684162,0.03290535193408454,2511.7998161031087,1209.3593732183847,0.5484404563903809,0.5634645280417433,34.0,-7.832457490059736,-0.09476467599487956,10.0,104.0,59.20567407536995,0.023571016167691118,780.4258773579285,,26450.98959181666,28962.789407919758,,,,0.0,0.0,,,,,,13.536110553885122,-3.118265014531005
rough-panther-bronze,False,,,3,Nanobody,72.54907196942746,0.029090837188748286,2493.8805129158636,1285.0240737747342,0.5937745273113251,0.5983167163282644,29.0,-6.133162460536459,-0.08453812425224412,8.0,105.0,48.11616569732346,0.01929369328166636,-110.31348828011717,,27107.73115071213,29601.611663628028,,,,0.0,0.0,,,,,,11.628464094333447,-2.4592848088642065
young-orca-onyx,False,,,471,Miniprotein,-11.125986598064237,-0.005001315745721317,2224.6119148911257,1289.3313834712587,0.624593049287796,0.5599062378298025,25.0,-3.1113513812620806,0.27964723432287897,5.0,95.0,-29.913645613643613,-0.013446680480944745,-62.552228345323726,,25607.619169275404,27832.231084166517,,,,0.0,0.0,,,,,,11.237915176420117,-1.3986041162664333
calm-bat-opal,False,,,471,Miniprotein,10.177695140346035,0.004187438916749798,2430.5298161210544,1337.2528965002862,0.5560014247894287,0.601982999894729,26.0,-3.4605840242517303,-0.34001647490239845,5.0,93.0,-4.325156526234972,-0.0017795118157149792,22.85966314229342,,26242.70797178813,28673.237787909176,,,,0.0,0.0,,,,,,10.69725614043035,-1.4237982193423844
calm-bear-cloud,False,,,117,scFv,36.45311482618979,0.014346829863622347,2540.8480600038256,1209.9790504300502,0.5319285094738007,0.6075206635479369,36.0,-2.6862690038028667,-0.07369106910647079,3.0,87.0,11.41425945545673,0.004492303036585172,-91.66638517548833,,31119.35008976062,33660.1981497644,,,,0.0,0.0,,,,,,14.168497741634264,-1.0572332309389734
ivory-goat-sand,False,,,542,Peptide,325.7398114609325,0.1091203782901985,2985.141882432343,2073.0261287898184,0.49668167531490326,0.6945672300990294,15.0,-0.273805820109503,-0.0008405660299288956,1.0,96.0,321.98011783768925,0.10786090930302264,399.35402775233507,,24399.683371922183,27384.825254354506,,,,0.0,0.0,,,,,,5.024886786211231,-0.09172288316373138
amber-heron-pine,False,,,543,Peptide,192.11070253372662,0.04278950075501295,4489.669174539741,3224.6914871322765,0.4988512545824051,0.372664697418619,39.0,-1.2305012688984645,-0.006405167711478437,4.0,138.0,83.9138907204917,0.018690439642269217,187.05000494405272,,23469.813500809752,27959.482675349493,,,,0.0,0.0,,,,,,8.686608853312245,-0.27407392862629115
soft-shark-clay,False,,,544,Peptide,274.443141378693,0.08632095901848283,3179.3337852042387,1825.5604242485783,0.5248441696166992,0.49519349300330795,32.0,-5.07560211554844,-0.01849418458792826,6.0,105.0,242.34394577848917,0.07622475718224128,206.28703660055265,,23856.663363623607,27035.99714882782,,,,0.0,0.0,,,,,,10.065001714799296,-1.596435749894812
pale-vole-vine,False,,,545,Peptide,79.1732694576956,0.018671457532995542,4240.3368519990145,2787.4831274474577,0.45158757269382477,0.38891799532993704,50.0,-5.3767949062992315,-0.0679117452535189,8.0,124.0,46.321356649583954,0.010923980397393843,711.4614948892479,,23966.961757295012,28207.298609294023,,,,0.0,0.0,,,,,,11.791516038738429,-1.2680112674926896
green-mole-clay,False,,,546,Peptide,632.415518222783,0.1796254262868588,3520.74609533745,2120.632753393709,0.5334343612194061,0.6283403651611906,43.0,-3.3432790210990886,-0.005286522744562604,3.0,123.0,354.0860177861047,0.10057130170648303,676.0575706314743,,22865.01560111101,26385.761696448517,,,,0.0,0.0,,,,,,12.213320368925558,-0.9495939015672326
mellow-otter-leaf,False,,,547,Peptide,86.38159369205381,0.02499315192751954,3456.2104828779316,2187.402061500986,0.5527035295963287,0.5621056702896735,33.0,-7.245017829210806,-0.08387224082758814,8.0,121.0,-2.646282921172088,-0.0007656602322924993,200.09670713045713,,24364.34223868353,27820.552721561482,,,,0.0,0.0,,,,,,9.54802960163509,-2.096231657505417
soft-fox-ruby,False,,,548,Peptide,414.1410438124402,0.12030899632121075,3442.3115184730887,1983.502598644403,0.5374952256679535,0.5911173905094986,60.0,-6.314105616948015,-0.015246268659639545,9.0,117.0,41.421539773322195,0.01203305963188817,949.1867184225957,,24707.1082804837,28149.419798956846,,,,0.0,0.0,,,,,,17.430148223951065,-1.834263280084765
noble-jaguar-ash,False,,,549,Peptide,619.9062948580192,0.23235196291181173,2667.9623752234115,1958.0827158471475,0.5484828948974609,0.7089920649119601,20.0,-1.0106265766127975,-0.0016302892630639721,1.0,89.0,526.7952028387411,0.19745226084555562,828.8393552135864,,25532.41075208464,28200.37312730808,,,,0.0,0.0,,,,,,7.496357589497576,-0.3788009103869649
wild-falcon-birch,False,,,550,Nanobody,211.00921448640452,0.0939126718831963,2246.866266874473,1237.1002103689812,0.48392796516418457,0.6105318072283997,50.0,-1.232098432702093,-0.005839074069352919,2.0,96.0,16.402509692329456,0.007300171769967574,726.7589839181477,,27355.75000827096,29602.616275145414,,,,0.0,0.0,,,,,,22.253215839834134,-0.5483630471768205
noble-deer-stone,False,,,551,Other,87.5146655464265,0.02696879367954989,3245.0344863881623,1837.2601962257188,0.5629928410053253,0.5920140694862771,45.0,-5.718827929127178,-0.06534708089689656,8.0,117.0,24.39138666509195,0.007516526177889845,-37.47222280373577,,26467.957139813214,29712.991626201387,,,,0.0,0.0,,,,,,13.867341067948583,-1.7623319422692592
pale-hawk-lava,False,,,552,Other,59.10653618399971,0.016617463243470246,3556.8928492876516,1650.2512851961221,0.5448459982872009,0.6653722631453706,31.0,-4.172106675051189,-0.07058621506872514,5.0,115.0,29.852849023642186,0.00839295708039698,352.641400296491,,27177.601404694,30734.494253981615,,,,0.0,0.0,,,,,,8.7154719901693,-1.172963834400226
azure-ibis-pearl,False,,,553,Other,139.71306125536142,0.0484321312568333,2884.7184220423765,1480.4239538285196,0.5855124592781067,0.5675544461441079,25.0,-3.8970749332362224,-0.027893418827272844,7.0,102.0,-5.931295337444819,-0.002056108940173603,-63.87572141353262,,25342.960707207876,28227.679129250293,,,,0.0,0.0,,,,,,8.666357107498914,-1.3509377218443037
wild-heron-snow,False,,,3,Nanobody,38.88901181638619,0.014125606307087155,2753.0862018202106,1358.9170867288751,0.6138787269592285,0.6641562347796212,50.0,-9.529428816484256,-0.24504168070603832,10.0,103.0,-5.979896899163965,-0.0021720703460757383,-66.18595542931249,,26938.91597068433,29692.00217250456,,,,0.0,0.0,,,,,,18.16143641522825,-3.461362310480452
violet-bear-plume,False,,,554,Other,100.97230379504924,0.037702804016094535,2678.111255384249,1305.407153547264,0.5261688232421875,0.6326104660326981,21.0,-3.6435791230468624,-0.03608493602802702,5.0,94.0,12.012567235927001,0.004485462361496803,451.5683657405999,,27609.474649678254,30287.585905062533,,,,0.0,0.0,,,,,,7.8413471276744895,-1.3605032709980116
silent-dove-onyx,False,,,555,Miniprotein,20.8577979796754,0.009226232928504694,2260.705765972445,2023.4514243792642,0.44522109627723694,0.5008767682789014,2.0,0.0,0.0,0.0,80.0,-15.481647664313371,-0.006848147997558595,-17.764669064492534,,23836.066655550574,26096.772421523052,,,,0.0,0.0,,,,,,0.8846794793482105,0.0
pale-orca-oak,False,,,555,Miniprotein,6.168984488791018,0.0021149713470969057,2916.817051568483,2193.367961464189,0.5683411061763763,0.5909315534898703,7.0,-1.6460388799809327,-0.2668249341478761,2.0,101.0,-7.124319456856125,-0.0024424978772751996,61.469900700686864,,23207.288040527757,26124.10509209627,,,,0.0,0.0,,,,,,2.3998762610894073,-0.5643270904137766
ivory-shark-ivy,False,,,555,Miniprotein,439.3454339680819,0.1386883206702957,3167.8618058440516,2392.415370215134,0.5399467051029205,0.4697650642300692,17.0,-0.5780818383869949,-0.001315779779855393,2.0,103.0,397.03917802909626,0.12533349065184626,336.09127537248247,,23684.409380763125,26852.27118660723,,,,0.0,0.0,,,,,,5.366395708499186,-0.18248328804007585
strong-dove-cedar,False,,,555,Miniprotein,105.01150007421717,0.039516578736523415,2657.403637455074,1976.76819530496,0.5794934630393982,0.5962197153708682,7.0,0.0,0.0,0.0,92.0,27.024307674733567,0.010169440311526794,-37.72431665011681,,23394.837530447334,26052.241167902404,,,,0.0,0.0,,,,,,2.6341500784215515,0.0
rough-toad-marble,False,,,556,Peptide,225.60939363668047,0.0559025928923434,4035.7590223257903,2704.2046491043216,0.5962193310260773,0.492648044731132,46.0,-3.3258812380659024,-0.014741767549900314,5.0,155.0,138.01921410149532,0.03419907217898145,518.1724984786262,,23298.357474726265,27334.116497052062,,,,0.0,0.0,,,,,,11.398103738485952,-0.8241030298556359
mellow-goat-ruby,False,,,556,Peptide,680.3078537454683,0.2522339850008224,2697.1300229160242,1809.596983563232,0.4552414119243622,0.3811526821259074,19.0,-3.8405139086800055,-0.005645258815602183,6.0,98.0,652.4154470567051,0.24189247144686812,1142.0872662273814,,24507.5849941375,27204.715017053524,,,,0.0,0.0,,,,,,7.044525046463275,-1.4239261274203616
violet-yak-maple,False,,,554,Other,95.87087502583108,0.060352650261599604,1588.511434216677,752.9361873491504,0.4964940696954727,0.5944854566645836,16.0,-4.125766787253828,-0.04303462116249796,6.0,72.0,75.79491445909404,0.047714428002509066,612.2364978357978,,28474.78073483853,30063.2921690552,,,,0.0,0.0,,,,,,10.072322839709294,-2.5972534401606726
scarlet-swan-quartz,False,,,557,Other,-3.2299672112410747,-0.0013070564519650626,2471.176517575089,1237.297021452455,0.5679806768894196,0.585976473991129,25.0,-4.708490985804479,1.457751945412257,7.0,98.0,-24.73583157685498,-0.010009738843394202,241.5678628458939,,25684.72716403896,28155.90368161406,,,,0.0,0.0,,,,,,10.116638703143694,-1.9053640856157124
lunar-eagle-leaf,False,,,558,Other,355.75788468164,0.07728520730786745,4603.182123384493,2329.5017814352127,0.5217766761779785,0.5902514091398838,60.0,-9.48458205656398,-0.026660216020374435,10.0,153.0,294.3793491119369,0.06395127136431748,1801.2864685761763,,27888.388107803992,32491.57023118848,,,,0.0,0.0,,,,,,13.034461464210969,-2.0604403220071674
rapid-otter-crystal,False,,,559,Other,148.4483387575592,0.04503956003611263,3295.954459558078,1597.582918751748,0.42910395562648773,0.5736141833319074,47.0,-4.313760060528268,-0.029058998548803935,7.0,119.0,103.77596966489718,0.03148586272603156,2922.081146105682,,30212.305138156556,33508.25959771468,,,,0.0,0.0,,,,,,14.259905765294393,-1.3088045097281646
quiet-mole-ruby,False,,,560,Other,421.38629821427,0.11305461458394286,3727.280834710125,1629.370724530623,0.5084202885627747,0.52385129151074,94.0,-3.6942777437395575,-0.008766962189788763,4.0,134.0,335.3676233722634,0.08997648372753896,1596.9557246214504,,26010.2282149528,29737.50904966298,,,,0.0,0.0,,,,,,25.219457338612504,-0.9911455314385684
azure-lion-willow,True,Medium,7.98592569366152e-08,561,Miniprotein,50.94572303787646,0.01691564489061498,3011.751746227648,1554.3579703845535,0.5987301766872406,0.6060173516814884,29.0,-5.37512357206085,-0.10550686596526705,7.0,107.0,27.071240000216033,0.008988536334086618,421.2307587012014,,25377.02595046409,28388.77769669175,,,,0.0,0.0,,,,,,9.628947683461554,-1.7847166781901693
crimson-falcon-ivy,True,Strong,2.53385049042973e-08,562,Miniprotein,-11.142071070549946,-0.003644767032653088,3057.0050076532443,1636.829920444815,0.5945545732975006,0.6386238690124524,22.0,-7.827405872467869,0.7025090598422764,10.0,109.0,-32.322150618886404,-0.010573142843393307,-256.28130911644877,,26958.374437075294,30015.37944472857,,,,0.0,0.0,,,,,,7.196586183183465,-2.5604818614532445
dark-bear-frost,True,Medium,3.61743430519112e-08,563,Miniprotein,7.985926904457415,0.002353659058524376,3392.9837354880883,1820.1162225913408,0.5890568792819977,0.5820111561428561,27.0,-5.688170586732571,-0.7122743113961724,6.0,112.0,-18.880573925381203,-0.005564593112517585,395.3229855113218,,24845.475834887566,28238.459570375704,,,,0.0,0.0,,,,,,7.957597826833082,-1.6764508851718134
radiant-goat-ivy,True,Medium,1.18144379187388e-07,564,Miniprotein,232.16867824615497,0.07445409208463195,3118.279623667278,1798.869274652245,0.5516611933708191,0.5109748266290013,25.0,-4.393620278559546,-0.018924259343464263,5.0,114.0,206.20833332877777,0.06612887816848984,1007.0682783081601,,24353.9855247154,27472.265148382678,,,,0.0,0.0,,,,,,8.01724124105283,-1.4089885477917448
noble-swan-fern,True,Strong,3.70458455290843e-08,565,Miniprotein,-11.482323747448845,-0.0034196533696362703,3357.7449250858303,1791.2660696822154,0.5636461079120636,0.5171497408070067,26.0,-5.4787761796198495,0.4771487287873354,7.0,102.0,-34.5953949109052,-0.010303163487030175,-344.82831240056106,,25444.77962426949,28802.524549355297,,,,0.0,0.0,,,,,,7.74329217378994,-1.631683258215274
young-otter-opal,False,,,566,Other,39.998043255911625,0.007975658229773388,5015.014698924491,3156.7088106149754,0.559219092130661,0.5445185121931304,39.0,-2.324224619190497,-0.05810845806430748,4.0,189.0,-31.069207121229994,-0.006195237499083108,-353.3301126516059,,29467.6786030025,34482.69330192686,,,,0.0,0.0,,,,,,7.776647196739792,-0.4634532017800357
shy-seal-oak,False,,,567,Peptide,196.1444019045217,0.07008485937101187,2798.6701216903616,1511.553467955656,0.5190895199775696,0.6128128407862682,57.0,-4.4703721792947935,-0.022791230011605743,8.0,112.0,156.41287174894296,0.05588828441648262,42.09168289558315,,25393.013468936082,28191.68359062648,,,,0.0,0.0,,,,,,20.366816209683446,-1.597320150255774
crimson-seal-cedar,False,,,568,Miniprotein,120.89169630581159,0.03875496206734327,3119.386263254288,1494.980977174533,0.48439785838127136,0.6158403159136396,50.0,-2.153637224075072,-0.017814600091532844,6.0,106.0,2.7775530146374114,0.0008904165051171763,180.97960796316642,,25013.22792323255,28132.614186486866,,,,0.0,0.0,,,,,,16.028794057661102,-0.6904041507922453
crimson-swan-oak,False,,,569,Peptide,117.84278049757268,0.04069375005233615,2895.8447020983645,1411.3332880029204,0.46053528785705566,0.5146053217573503,39.0,-5.653410698007583,-0.04797417944601224,7.0,101.0,88.99710901075318,0.0307326939687977,331.34104795743355,,24851.41094724286,27747.255649341223,,,,0.0,0.0,,,,,,13.467573026875414,-1.9522492673419445
small-cobra-marble,False,,,117,scFv,17.301721176674448,0.00654792339677708,2642.3218672946664,1205.5424700135943,0.46103566884994507,0.6371933375982609,41.0,-10.425574265112429,-0.6025744004687701,12.0,89.0,-26.266428328714884,-0.00994066190566242,255.07858311204075,,30894.71976118924,33537.04162848389,,,,0.0,0.0,,,,,,15.516656205845859,-3.945611015128381
silent-seal-orchid,False,,,117,scFv,75.58429496913013,0.028336967826158042,2667.338842773353,1371.04680699246,0.579915463924408,0.6844840686019763,42.0,-3.502507302727591,-0.046339088089107305,7.0,91.0,56.28802762965063,0.021102691089342596,-61.393113555176086,,31261.630749917513,33928.969592690824,,,,0.0,0.0,,,,,,15.746030960329998,-1.313109248274537
deep-crow-ivy,True,Strong,2.75397322591136e-08,1,Other,23.05140555919104,0.008229890945265078,2800.9369398088147,1444.0453115553883,0.6026169955730438,0.6203836815398218,21.0,-7.110262576301125,-0.3084524524130862,11.0,101.0,-7.859641383908112,-0.002806075807063544,326.9437601311556,,28142.63107321412,30943.568013022912,,,,0.0,0.0,,,,,,7.497491179302813,-2.5385300451592654
bright-swan-oak,False,,,1,Other,-61.55653950609417,-0.020858669612548068,2951.1249111047455,1691.4892188735244,0.595270425081253,0.5076232540627545,32.0,-5.590479875143745,0.09081861846035516,7.0,106.0,-44.11985738633044,-0.014950182969318737,1195.6501507141493,,27757.0553938385,30708.180304943267,,,,0.0,0.0,,,,,,10.843322788401014,-1.894355557132607
rough-lynx-pearl,False,,,1,Other,56.86869428739834,0.021144161993720028,2689.5695513631026,1454.8226188452074,0.5568138957023621,0.6322578438130169,37.0,-3.3059592844081482,-0.058133201857963585,5.0,105.0,-12.851851066510527,-0.004778404432782588,523.746499674076,,28481.16038643279,31170.729937795903,,,,0.0,0.0,,,,,,13.756848184590728,-1.2291778372984081
rough-eagle-birch,False,,,3,Nanobody,178.62735789121564,0.05860956687324158,3047.750860837169,1616.479009029654,0.4880659729242325,0.5751105845601108,30.0,-4.445823513621258,-0.02488881639467999,6.0,123.0,130.188104023179,0.0427161241084576,532.5436715505277,,26205.20513579429,29252.955996631452,,,,0.0,0.0,,,,,,9.84332426429353,-1.4587227488798284
pale-wolf-maple,True,Strong,3.07014655083004e-08,570,Miniprotein,2.320580920699797,0.0007051655479035998,3290.8313907261872,1690.675980769303,0.5638484954833984,0.5584112600932339,39.0,-5.728795524309666,-2.468690263376846,9.0,116.0,-32.52699833598486,-0.009884127891707976,-72.81512048282998,,24928.919615303475,28219.751006029714,,,,0.0,0.0,,,,,,11.851108540505892,-1.7408353221784156
swift-ox-dust,False,,,571,Miniprotein,1.852055533484716,0.0006459458280513696,2867.199466357462,1614.6897905647365,0.5744652152061462,0.6549923300163341,30.0,-8.518819498329176,-4.599656621689242,10.0,106.0,-28.355043041277852,-0.009889456026336589,124.17019927752831,,25623.197249018853,28490.39671537632,,,,0.0,0.0,,,,,,10.463171590259991,-2.9711290052490233
radiant-bear-leaf,True,Medium,6.62312028650586e-08,572,Miniprotein,27.75932302384828,0.00865101488709495,3208.7938104531445,1717.770720301868,0.5732400417327881,0.5673442952573613,33.0,-4.524715130116284,-0.16299803587533673,7.0,116.0,-21.46769939688566,-0.006690270757488777,198.61882328187926,,25858.519169821302,29067.312980274397,,,,0.0,0.0,,,,,,10.284238236965358,-1.410098434924775
vast-bat-ash,True,Strong,2.54945843986551e-08,573,Miniprotein,15.968797467954403,0.005135908474351064,3109.2449461868773,1660.5858296042763,0.5966328978538513,0.6069176733684386,31.0,-8.126323154805368,-0.5088876085449123,10.0,109.0,-13.563974261697295,-0.004362465645664846,-234.10734015491374,,26333.493475824023,29442.73842201096,,,,0.0,0.0,,,,,,9.970266266097127,-2.6136001812180623
vast-ox-pine,True,Strong,1.98334364201896e-08,574,Miniprotein,-17.129175541421226,-0.0055528193492621145,3084.770899974881,1715.617402883927,0.5521601438522339,0.673682857268239,27.0,-5.652170596788395,0.32997330099866723,10.0,107.0,-33.083257055657164,-0.010724704727967499,59.40883714061463,,25427.43932048679,28512.21022046168,,,,0.0,0.0,,,,,,8.752675928128037,-1.832282130525291
violet-lynx-reed,True,Medium,3.69009780539299e-08,575,Miniprotein,-6.542827093012491,-0.001980659815648347,3303.357316244016,1854.6377647271822,0.5626769363880157,0.5533022201489044,26.0,-4.6295270145859595,0.7075728807704748,7.0,109.0,-44.979073475440075,-0.01361616960244016,67.66031154515721,,25251.950404764408,28555.307721008405,,,,0.0,0.0,,,,,,7.8707803942815735,-1.4014611715846184
scarlet-boar-quartz,True,Strong,5.66843669828581e-08,576,Miniprotein,-4.1776783271874365,-0.0012738956998430736,3279.450843347747,1828.8136559181441,0.6058974862098694,0.5726400294131174,29.0,-4.470099477767041,1.069996090574181,5.0,112.0,-36.21436573121548,-0.011042814014021607,-309.38754499310795,,26682.67574356248,29962.12658691024,,,,0.0,0.0,,,,,,8.84294395167578,-1.363063418631349
frozen-raven-maple,True,Medium,6.47425931185574e-08,577,Miniprotein,11.130700683226237,0.003378729934083212,3294.3445911270956,1731.6764720982458,0.6191579103469849,0.5696485792695056,31.0,-5.117809107139145,-0.45979217776034437,8.0,116.0,-15.625424456200918,-0.004743105653939797,-72.49677250185104,,26113.71294406571,29408.05753519283,,,,0.0,0.0,,,,,,9.410065991121456,-1.5535135944561849
bright-moth-stone,True,Strong,3.4645775478969e-08,578,Miniprotein,-5.411895960740903,-0.0015945615432366037,3393.971203993772,1938.9508199517684,0.6482641696929932,0.6358439375511169,33.0,-12.621034276686746,2.3320910764439184,14.0,112.0,-57.70716478065727,-0.01700284454763546,-29.52264783533265,,24839.736276978892,28233.70748097264,,,,0.0,0.0,,,,,,9.723123154718598,-3.718662745822727
radiant-gecko-ruby,True,Medium,2.35775722303032e-07,579,Other,-23.368179418246598,-0.007314587328176487,3194.7365408066353,1684.189646894211,0.47362950444221497,0.5608091506402993,26.0,-7.941399960805657,0.33983819700582946,16.0,114.0,-48.59397589732549,-0.015210636394153508,505.8037328549529,,26515.938133663185,29710.67467446981,,,,0.0,0.0,,,,,,8.138386270010011,-2.4857761694491844
small-fox-wave,True,Strong,4.21826789750021e-08,580,Miniprotein,0.7983241277178337,0.00024353392404787198,3278.0818148395024,1909.2830694937998,0.641515851020813,0.5914612299820347,29.0,-8.652256270587465,-10.838024268816275,12.0,114.0,-29.12100788342031,-0.008883551274282671,127.19067324212175,,25559.352360307155,28837.434175146635,,,,0.0,0.0,,,,,,8.846637038990396,-2.639426579110896
green-raven-jade,True,Medium,8.93312617279015e-08,581,Miniprotein,58.30422307082917,0.01769934221996377,3294.146321724069,1759.5310581739584,0.5827741622924805,0.6666389111473688,39.0,-3.185697378483432,-0.05463922183841437,4.0,113.0,17.48624414237426,0.005308277907103539,153.0344979724365,,24895.677694276063,28189.8240160002,,,,0.0,0.0,,,,,,11.839182656460881,-0.9670782859506138
quick-fox-thorn,True,Medium,4.45370212111924e-08,575,Miniprotein,-6.013352386479994,-0.001916904853241734,3137.0114047708926,1859.5622849033628,0.5423403978347778,0.6278563185383285,33.0,-4.352630696332902,0.7238276449787071,4.0,107.0,-30.048736595740607,-0.009578778244172553,291.50524778043984,,26039.914768424685,29176.926173195567,,,,0.0,0.0,,,,,,10.519566473303948,-1.3875087255702185
misty-ox-granite,True,Medium,9.03408976633747e-08,582,Miniprotein,3.3153002104388065,0.0010312905782774414,3214.7100732524223,1770.6549335540908,0.510027289390564,0.4779015336424608,23.0,-6.814275694488154,-2.055402305055876,9.0,105.0,-37.79044265861843,-0.011755474614351355,176.33871671043727,,25458.634063385878,28673.34413663832,,,,0.0,0.0,,,,,,7.154610983854661,-2.1197170317738605
young-zebra-leaf,True,Medium,5.68484849880092e-08,583,Miniprotein,4.618427187498639,0.0015050003288433302,3068.721713202639,1765.2245936896256,0.5600374639034271,0.5424051188582473,31.0,-6.068146469318589,-1.3138989147093436,7.0,105.0,-43.68068329228815,-0.01423416242155802,-252.59579368956446,,25643.098672217013,28711.820385419745,,,,0.0,0.0,,,,,,10.10192611035009,-1.9774182987044568
scarlet-lion-vine,True,Strong,6.10615014709382e-08,482,Miniprotein,4.401882227522947,0.001362415389154235,3230.9398899667176,1778.9860726915235,0.5508700013160706,0.5149062667376472,18.0,-5.670336411471489,-1.2881617722567589,9.0,110.0,-25.38803598444011,-0.007857786541705557,1180.0582287648172,,23402.913432634938,26633.85332260165,,,,0.0,0.0,,,,,,5.571134286928941,-1.7550114222428013
quick-crow-flint,False,,,584,Miniprotein,1045.8086046365756,0.44495182388730187,2350.38615079699,1235.9011148737286,0.5061739981174469,0.5600342230534678,33.0,-4.10507187577851,-0.003925261140115638,6.0,100.0,1002.5063702767981,0.4265283685137692,1643.1691545603085,,25437.925910222337,27788.31206101934,,,,0.0,0.0,,,,,,14.040246105436786,-1.7465521035284033
vast-zebra-lotus,True,Medium,8.80458708678427e-08,585,Other,99.08093427326543,0.03091214595091538,3205.2428333702082,1469.5771669204332,0.5050102025270462,0.6459801534299069,52.0,-6.325980431960308,-0.06384659650577416,10.0,131.0,62.767670922793585,0.01958281296796331,-43.025162374174705,,26088.554232337785,29293.797065708015,,,,0.0,0.0,,,,,,16.223419785428145,-1.973635309655695
quiet-cat-ivy,True,Medium,1.31226896027957e-07,586,Other,-13.954501499773983,-0.005488631848440269,2542.437147381182,1307.7617268205067,0.6007238626480103,0.6205339559679975,21.0,-7.251750019681246,0.5196710194053654,11.0,97.0,-29.333050395847593,-0.011537374847618898,-285.55294185144504,,28258.84756809826,30801.284715479476,,,,0.0,0.0,,,,,,8.259791209246172,-2.85228290781971
amber-crow-willow,False,,,587,Other,-2.827281973932628,-0.0014482551082015801,1952.1988618728237,1132.2098706467407,0.5535614788532257,0.5726144980291277,15.0,-2.7217570487680045,0.9626761935535412,2.0,68.0,-25.163682264938952,-0.012889917495801841,-77.6523705546237,,28129.991010920257,30082.189872793115,,,,0.0,0.0,,,,,,7.683643450959647,-1.394200714857969
noble-falcon-bronze,False,,,588,Other,66.2821177633142,0.019254141380295346,3442.4862918658737,1990.3395032315605,0.5481400489807129,0.5458409946865325,31.0,-4.952404493848921,-0.07471705281858051,5.0,127.0,4.341214053731418,0.0012610693799969853,43.2999008191542,,25542.40388682003,28984.890178685888,,,,0.0,0.0,,,,,,9.005119373532082,-1.4386126984879444
deep-crane-ruby,False,,,589,Other,-4.216670411510734,-0.002283154423139114,1846.8616790769784,1083.0223811055246,0.5990083515644073,0.6269055151321474,14.0,-1.5101098594272562,0.3581285023617057,2.0,71.0,-19.79074363425184,-0.0107158775659598,-118.25098622607973,,27061.319968047686,28908.18164712465,,,,0.0,0.0,,,,,,7.580426925635762,-0.8176626742193148
quiet-shark-ash,False,,,46,Miniprotein,55.56409111915269,0.022690579163108366,2448.773595408792,1323.1749078563032,0.6228919625282288,0.6810633723681423,39.0,-6.446537507810085,-0.11601984983405933,9.0,111.0,39.31078257806763,0.016053253208778245,-133.74667265784063,,25721.511188119573,28170.28478352839,,,,0.0,0.0,,,,,,15.926339647373336,-2.632557587151668
rapid-otter-lava,False,,,470,Miniprotein,67.65178166418153,0.027200638182120974,2487.139500596319,1361.3207076326075,0.5671944618225098,0.5742131224059703,35.0,-7.337059032658978,-0.10845330089131429,8.0,84.0,35.22391893381978,0.014162421900892353,220.2443205306682,,24815.33148543153,27302.470986027904,,,,0.0,0.0,,,,,,14.0723911914102,-2.9499989972013383
shy-ram-oak,False,,,590,,56.63555091444442,0.023798481730655557,2379.796810377631,1150.2798849541493,0.5254500210285187,0.5892576801146391,32.0,-4.856740498248667,-0.08575427306402339,7.0,90.0,25.4112856065643,0.010677922373772734,566.4068279730604,,24725.25184684432,27105.048657222,,,,0.0,0.0,,,,,,13.446526132170995,-2.040821500839809
quiet-crane-lava,False,,,591,,-6.990204554583215,-0.002326466281564882,3004.644687943339,1614.7951774234816,0.502275139093399,0.5797908589715876,28.0,-8.33024716482116,1.1917029179581489,11.0,133.0,-39.200358727443145,-0.01304658713382698,297.4345236587005,,25378.70056673182,28383.345254675194,,,,0.0,0.0,,,,,,9.318905530612284,-2.7724566562721145
pale-cobra-ruby,False,,,592,Miniprotein,27.34017826216032,0.008331371754834055,3281.593843930553,1705.2920738142236,0.5158889889717102,0.5999058870430469,47.0,-2.4516640260690474,-0.08967256916031995,7.0,118.0,-9.901902480760263,-0.003017406465176747,-217.05648401318592,,24745.968804224256,28027.562648154813,,,,0.0,0.0,,,,,,14.322308681474551,-0.747095509885693
young-crane-granite,True,Medium,8.23593581629487e-08,593,Miniprotein,83.39841489117273,0.029375681360032956,2839.029123070498,1529.5951226019752,0.4154830724000931,0.6092839816607322,23.0,-2.7633640776134776,-0.03313449159938368,6.0,103.0,50.13897157463263,0.017660604876221127,-67.84800188102858,,26618.148307000854,29457.17743007134,,,,0.0,0.0,,,,,,8.101361064984353,-0.9733482672501836
brisk-mole-granite,False,,,594,,-2.780308261583059,-0.00093161713180076,2984.3893662720543,1337.935382293967,0.5578366219997406,0.5547593799075073,33.0,-11.41042083526931,4.10401285099675,11.0,108.0,-37.75405584026813,-0.012650512787287054,364.12492196577244,,26138.368357136627,29122.757723408675,,,,0.0,0.0,,,,,,11.057538393933465,-3.823368681119053
bright-fox-cypress,False,,,595,Peptide,21.724804301028797,0.018019012097762032,1205.6601207192166,742.995102210547,0.5433972179889679,0.5879990525491202,8.0,-3.067558913010892,-0.14120076160435768,5.0,53.0,8.295825287286608,0.006880732923585355,-196.41349565716888,,23120.634770271943,24326.29489099114,,,,0.0,0.0,,,,,,6.635369174546249,-2.544298231562134
jade-seal-lotus,False,,,596,Peptide,156.02523737001107,0.11470294602440012,1360.254838936924,739.8219074619674,0.60112264752388,0.4727923277700011,21.0,-2.996455262358902,-0.019204939616613827,3.0,58.0,149.68226586516016,0.11003987016296218,274.78696531243605,,22881.67459040992,24241.929429346837,,,,0.0,0.0,,,,,,15.438283620745704,-2.2028631522463193
frozen-raven-lava,False,,,597,,13.058530877473515,0.006498465103165151,2009.4792647441025,899.2493803222965,0.4774274677038193,0.6478351320842606,23.0,-4.029120707936684,-0.30854318496784944,6.0,86.0,-4.709519116776368,-0.002343651511813984,-75.3239069328994,,26242.084284197634,28251.563548941747,,,,0.0,0.0,,,,,,11.445751346396172,-2.005057120333
steady-hawk-ember,False,,,598,,-0.4119516628454676,-0.0002971762924111114,1386.2198074521261,683.4145415535928,0.44428950548171997,0.6670739761696349,22.0,-1.3633470919660682,3.3094831625366945,2.0,61.0,-4.574376679110404,-0.003299892740328184,766.678336596745,,25777.98817327266,27164.207980724805,,,,0.0,0.0,,,,,,15.870498950982403,-0.9834999360396545
frozen-crane-cypress,False,,,599,Other,389.52312093838566,0.11131214994194423,3499.3764934155406,1796.7839552619623,0.531087726354599,0.6158560176589831,43.0,-4.307398990827602,-0.011058134316778956,8.0,111.0,300.37315473209065,0.08583619261810656,698.0629375558491,,27350.021271403595,30849.397764819125,,,,0.0,0.0,,,,,,12.287903311035324,-1.2309047051474582
quick-deer-birch,False,,,600,Peptide,72.28893616760678,0.03842731498386031,1881.1862394749294,851.3234923346114,0.5735246241092682,0.4202988598761749,19.0,-4.330070586167731,-0.059899492449690644,6.0,84.0,47.9642830154771,0.025496828548386967,90.71302724854024,,25108.0951085563,26989.281348031232,,,,0.0,0.0,,,,,,10.100010090071262,-2.301776663737625
rapid-swan-leaf,False,,,601,Peptide,126.59020124604915,0.050432423227676014,2510.0955525091586,1282.4852557886322,0.5805312097072601,0.5895967180915299,36.0,-2.785270410798865,-0.022002259127349263,7.0,89.0,48.51465358926831,0.019327811461508616,142.9636137509061,,25234.896738344047,27744.992290853173,,,,0.0,0.0,,,,,,14.34208349718537,-1.1096272442754755
azure-panda-bronze,False,,,602,,166.2068421556418,0.05992923556972915,2773.3849860683777,1396.1492570623834,0.4680977463722229,0.5512538320738777,33.0,-3.728330322602395,-0.022431870278306947,4.0,115.0,127.22270612724918,0.04587271755141481,174.88886365599222,,26654.42855924632,29427.81354531469,,,,0.0,0.0,,,,,,11.898816848641578,-1.3443248381782626
mellow-tiger-rose,False,,,603,Other,214.65579091635772,0.05448310149960306,3939.859975077256,2092.852913952096,0.601951539516449,0.665543914885438,51.0,-7.209412063370863,-0.03358591926448453,11.0,132.0,94.18849630034703,0.023906559343774673,379.74014988507093,,26343.975876769404,30283.835851846663,,,,0.0,0.0,,,,,,12.944622479635195,-1.8298650482443846
steady-mole-flint,False,,,604,,188.53138306737893,0.035732856915688706,5276.135169158646,3186.284989464855,0.49011123180389404,0.39633018142176657,44.0,-3.408395163569212,-0.018078662067370986,6.0,174.0,148.67423801343986,0.02817862568845977,-247.91973327446365,,25588.69536316898,30864.830532327767,,,,0.0,0.0,,,,,,8.339437597656623,-0.6460022448804564
lunar-lynx-plume,False,,,1,Other,167.83048330129134,0.05811734259360313,2887.786602269116,1474.8018139147878,0.4529900401830673,0.623781756954699,33.0,-3.4854183603314954,-0.02076749284022754,4.0,96.0,72.89259873120797,0.025241684643155994,568.4940487332063,,27580.486429589786,30468.273031858906,,,,0.0,0.0,,,,,,11.427437184613925,-1.206951496205704
ivory-mole-ivy,False,,,605,,136.62290527283398,0.09653504457996219,1415.267438548351,786.6484319463691,0.5408699214458466,0.5505110722078408,11.0,-0.5127387433910745,-0.0037529486169770917,1.0,56.0,107.65719771139915,0.0760684481102906,218.34723415849092,,23142.39258771861,24557.660026266938,,,,0.0,0.0,,,,,,7.772382590305879,-0.36229106204619105
crimson-ibis-sand,False,,,606,Peptide,550.3530102194263,0.31906856345856593,1724.8738147495212,961.5387307634402,0.5242791920900345,0.5148062933482069,21.0,-0.7142357293368453,-0.0012977774556953523,2.0,69.0,52.6772724542164,0.03053978326053142,951.5638116851528,,22588.219079984745,24313.092894734258,,,,0.0,0.0,,,,,,12.174803640954762,-0.4140799884776288
vast-shark-iron,False,,,117,scFv,348.33029478136876,0.18675191646692246,1865.2033209151302,1026.4989546804018,0.5839433670043945,0.5510696887999891,25.0,-2.5013732439809537,-0.0071810384610702695,3.0,70.0,294.6018314638299,0.15794622932543811,77.7055048279568,,30818.009104204597,32683.212425119757,,,,0.0,0.0,,,,,,13.40336451241904,-1.3410726948275524
violet-panda-ash,False,,,78,scFv,29.81719730950431,0.014840290062296643,2009.205829827957,1064.2423591013849,0.48206333816051483,0.5991391912887193,16.0,-3.731837579333579,-0.12515722187423853,6.0,87.0,14.59329252263013,0.007263214303872349,603.6953790030575,,32260.87988674362,34270.085716571535,,,,0.0,0.0,,,,,,7.963345398699166,-1.8573694760049182
swift-panther-sand,False,,,607,scFv,136.99185915040994,0.07435524247667323,1842.3967777845269,751.4755794757983,0.5027426034212112,0.5650554358196711,30.0,-2.8727132872059338,-0.02096995620777614,6.0,83.0,73.96660366244292,0.04014694584485075,-304.44268736767964,,31739.14800839746,33581.54478618198,,,,0.0,0.0,,,,,,16.283137466227473,-1.559226178554414
crimson-boar-moss,False,,,13,scFv,53.01254072720154,0.023656060368342818,2240.970808399879,1042.780681365161,0.5442437529563904,0.6436623827466708,30.0,-2.1123103266598724,-0.03984548368525966,3.0,98.0,102.95431887801348,0.04594183846220022,26.825390606263518,,31865.19123444761,34106.162042847405,,,,0.0,0.0,,,,,,13.38705523853785,-0.9425871674643215
solid-owl-fern,False,,,464,Other,63.283093823338646,0.02190606299992237,2888.839214219502,1639.6442522281282,0.4941796660423279,0.6376406551492533,20.0,-5.620254014536879,-0.08881130290858415,7.0,125.0,-7.225294471772378,-0.0025011064777187633,-104.03626189465882,,27149.51866917845,30038.357883397937,,,,0.0,0.0,,,,,,6.923195967970664,-1.9455059966206332
pale-bat-frost,False,,,3,Nanobody,201.95144068814736,0.08040219572483698,2511.7652430698818,1383.7877493171134,0.5293174088001251,0.7006108768966213,33.0,-2.3901486655768993,-0.011835264246853073,3.0,106.0,173.8866606581969,0.0692288664866118,449.9861564353187,,26739.44717739581,29251.21242046565,,,,0.0,0.0,,,,,,13.138170492265978,-0.9515812324306461
crimson-lynx-flint,False,,,1,Other,113.19521467373545,0.036446589060054935,3105.783492859039,1781.1677652845913,0.5956114828586578,0.6241547541824791,28.0,-6.046890134415532,-0.053420015606177255,8.0,104.0,74.82534966752138,0.024092262013615334,167.29665710220425,,27528.500843705817,30634.284336564906,,,,0.0,0.0,,,,,,9.015438476113642,-1.9469773563800636
small-kiwi-sand,True,Strong,2.0678055214218e-08,1,Other,67.82445644617201,0.021566476938302232,3144.901999534066,1721.8618884238274,0.5769183933734894,0.5190178097190228,30.0,-5.032715299288564,-0.0742020734553577,8.0,110.0,30.9958601099195,0.009855906516168614,543.2073715121884,,26935.54001521876,30080.442014752847,,,,0.0,0.0,,,,,,9.539247965260813,-1.60027730594918
golden-ox-vine,True,Strong,6.1507777692909515e-09,1,Other,-17.85668224964047,-0.00630276431514877,2833.150877420836,1543.0988591369571,0.6380970776081085,0.6201153647257515,24.0,-4.8997313505522255,0.2743920333045562,9.0,105.0,-42.11886398621293,-0.014866438749127232,697.4978962204341,,27646.182515347482,30479.333392768305,,,,0.0,0.0,,,,,,8.471133744154297,-1.7294283158730694
lunar-lynx-rose,True,Strong,2.39501150810338e-09,1,Other,162.23359728485678,0.059836483685138595,2711.2822695019136,1464.7328543196552,0.5670197606086731,0.6366513466429407,27.0,-5.6753562208643284,-0.03498261960436772,7.0,104.0,98.70426519402824,0.036405012603929685,548.5475696472603,,27192.46175850703,29903.744028008954,,,,0.0,0.0,,,,,,9.958387698585192,-2.0932369472201584
swift-crane-ember,True,Strong,3.79797135662056e-09,1,Other,56.752060064625425,0.02027592058420019,2798.9880818949796,1499.4445752878114,0.6191246509552002,0.6573576509020181,26.0,-3.7030001239374775,-0.0652487349308686,5.0,98.0,2.576278039913924,0.0009204319434506932,1080.4943360477664,,28237.837674656712,31036.82575655167,,,,0.0,0.0,,,,,,9.289071349813465,-1.3229781676778205
deep-orca-granite,True,Strong,1.10872855912103e-08,1,Other,26.737016111943092,0.009307387719959157,2872.6659849580674,1450.3649626084061,0.6276594698429108,0.5726828693491822,23.0,-5.465239677512848,-0.20440724030800106,10.0,105.0,-30.02360114956161,-0.010451476540179755,105.7179011854312,,28220.989701106395,31093.655686064496,,,,0.0,0.0,,,,,,8.006499927396096,-1.9024974383134297
misty-orca-cedar,False,,,608,Peptide,-5.9511163572755095,-0.004066931414610703,1463.2940048843104,746.6517686759663,0.6419805288314819,0.5148413600775826,11.0,-4.931855012672028,0.8287277069692331,6.0,59.0,-26.3164831390399,-0.01798441260006427,574.6912826776495,,22031.62729058139,23494.92129546571,,,,0.0,0.0,,,,,,7.517286316545574,-3.3703787456314673
lunar-deer-bronze,False,,,609,Peptide,17.93714179434187,0.011736460265443456,1528.3263768340398,946.2547428773859,0.6566845774650574,0.5715647824821791,10.0,-1.5465771437191842,-0.08622205039417372,3.0,62.0,4.723953110793831,0.0030909321349145325,228.74507405741807,,22928.113744884547,24456.440121718595,,,,0.0,0.0,,,,,,6.543105027549946,-1.0119416684562832
brisk-jaguar-sand,False,,,610,Miniprotein,73.13332577586894,0.03407062971667326,2146.521105833258,1228.1853090173797,0.37145233154296875,0.6143452004638807,15.0,-1.4125268453877229,-0.019314407356732025,2.0,97.0,20.727585060672812,0.009656362103472807,246.25871121638104,,25200.417720185767,27346.938826019,,,,0.0,0.0,,,,,,6.988051484440052,-0.6580540212482067
wild-yak-plume,False,,,611,Peptide,140.51996706033592,0.05169350086951647,2718.329474628409,1584.2559336493691,0.5451006889343262,0.599920449854138,19.0,-1.387281190197861,-0.009872484453417183,2.0,107.0,113.17746702496028,0.041634933543304734,-106.89392991449552,,25580.718425028448,28299.04789965689,,,,0.0,0.0,,,,,,6.989586868456137,-0.510343283677009
calm-crow-thorn,False,,,612,Peptide,303.6061372000927,0.11041864285233914,2749.591276955828,1347.2243891529695,0.5205576419830322,0.6265626246975833,24.0,-1.8423959998098187,-0.00606837535235851,3.0,112.0,284.945604811793,0.10363198603367209,163.29091798781974,,25387.7569561081,28137.34823306395,,,,0.0,0.0,,,,,,8.728570024622448,-0.670061770726012
misty-vole-sand,False,,,613,Miniprotein,119.74918843545726,0.053751471766883406,2227.830876051201,1149.097645460962,0.5662307739257812,0.6539800983119334,28.0,-5.7093415481551535,-0.04767749679767049,8.0,101.0,93.4191605762498,0.041932788337072494,411.9194804352253,,25330.39412715405,27558.225003205283,,,,0.0,0.0,,,,,,12.568278993255362,-2.5627356230356595
wild-jaguar-crystal,False,,,614,Miniprotein,43.44627971922591,0.02099252341897458,2069.607300280822,1191.9786553672486,0.5297961980104446,0.5089325140623792,19.0,-0.5967388849518173,-0.013735097430856606,2.0,95.0,-6.457841307871721,-0.003120322056747416,559.9703495840525,,24947.512499226683,27017.119799507476,,,,0.0,0.0,,,,,,9.180485591359249,-0.28833435447915484
soft-panda-leaf,False,,,615,Miniprotein,66.0119948700239,0.026935174183212764,2450.772897216518,1188.4682862782406,0.4897758513689041,0.6259055220908323,18.0,-3.0591962888648414,-0.046343036517656054,7.0,91.0,16.500206839301065,0.006732654363054728,230.88212133138023,,25734.44908891115,28185.22198612768,,,,0.0,0.0,,,,,,7.344621780518147,-1.2482577607820557
strong-crane-bronze,False,,,616,Miniprotein,-0.03018851834593761,-3.392486666235782e-05,889.8640235315656,441.28365694611233,0.34627069532871246,0.5082701423965766,6.0,-2.019317972703355,66.89026435691532,2.0,43.0,-6.463935473443746,-0.0072639586526833605,-152.4631443619687,,26071.256359448475,26961.120382980032,,,,0.0,0.0,,,,,,6.742603185808158,-2.2692432993182186
vast-goat-lotus,False,,,617,Miniprotein,129.43915414078072,0.10922631879196464,1185.0546239438315,714.403614853585,0.42246222496032715,0.5998943462650467,20.0,0.0,0.0,0.0,50.0,33.68490715232585,0.028424771712398655,586.5428178605378,,25136.240039849246,26321.29466379308,,,,0.0,0.0,,,,,,16.87685917248313,0.0
green-bear-sand,False,,,618,Miniprotein,124.93203475334408,0.061099555046742283,2044.729043571083,1047.3001843136335,0.5690053701400757,0.6397898062663735,14.0,-4.169193583913213,-0.033371693594397456,7.0,79.0,107.28658225039099,0.05246982850256623,-246.0176345792743,,26799.66474444473,28844.39378801579,,,,0.0,0.0,,,,,,6.846872960511799,-2.038995629773904
noble-cobra-pearl,False,,,3,Nanobody,326.9705903661222,0.10543210570588604,3101.2431002586736,1516.3839885768343,0.41529394686222076,0.5934344475009747,62.0,-5.3951578118232355,-0.016500437564681454,8.0,135.0,300.29145303869,0.09682938206735318,430.635130438278,,26141.971818209404,29243.21491846813,,,,0.0,0.0,,,,,,19.991983213063367,-1.7396758775128682
solid-crane-opal,False,,,3,Nanobody,94.63289249958453,0.039068721976125806,2422.2162311173884,1403.0349300273515,0.5207534730434418,0.5806301954233588,34.0,-3.816254476725306,-0.040326934704463996,4.0,93.0,59.97975256121016,0.024762344414454282,74.50043326712807,,27076.34517402616,29498.561405143544,,,,0.0,0.0,,,,,,14.036731966045624,-1.575521800118083
frozen-panther-snow,False,,,619,Other,234.24983247627995,0.06238820777231698,3754.7132838174225,1983.7182670408174,0.4960917830467224,0.5544002557967993,59.0,-5.5508753904628705,-0.02369639001139926,6.0,131.0,180.78698449091104,0.04814934479021116,643.6785436571847,,26452.92336232871,30207.63664614618,,,,0.0,0.0,,,,,,15.713583312549131,-1.478375303485034
jade-owl-iron,False,,,620,Other,9.103727046902485,0.010008050190080898,909.6404268561024,395.02264241041365,0.5162499994039536,0.5624782413620676,8.0,-0.6227541712395359,-0.06840650736023837,1.0,36.0,-2.098092206247947,-0.0023065072135144316,-56.11633344611065,,29474.199711593254,30383.840138449334,,,,0.0,0.0,,,,,,8.794683881464662,-0.684615758989404
calm-falcon-ivy,False,,,621,Other,129.90805669736793,0.0402609487817624,3226.651647022643,1633.2442074312535,0.4992748647928238,0.6684259405693296,25.0,-6.070529656893892,-0.04672943165515682,8.0,130.0,99.84834285604983,0.030944878399930088,331.0630307936513,,29934.00394928948,33160.6555963121,,,,0.0,0.0,,,,,,7.747969949922692,-1.8813712544691354
azure-orca-dust,False,,,622,Miniprotein,-2.08443571070886,-0.0013117463493209824,1589.0539446043476,733.1278095927172,0.3999375253915787,0.4482099242255727,8.0,-2.379158225852708,1.1413919909497334,3.0,53.0,-13.087745902124007,-0.008236187290282757,-72.84241709810713,,25647.81690223263,27236.870846836966,,,,0.0,0.0,,,,,,5.034442050985179,-1.4972167772725207
green-orca-thorn,False,,,623,Miniprotein,68.18814928121259,0.04032323462555314,1691.0386757019053,931.6840128789797,0.5751242339611053,0.49823855251317495,11.0,-0.8931711985354681,-0.013098627957359115,2.0,68.0,27.086852713531755,0.016017878894631857,543.6027920399779,,26578.54423421396,28269.5829099159,,,,0.0,0.0,,,,,,6.504877835176769,-0.5281790483974215
crimson-crane-stone,False,,,624,Miniprotein,472.9134413583929,0.11403171797824178,4147.209651341294,2161.015623120993,0.5301808714866638,0.6636324467086318,43.0,-3.111284575331121,-0.006578972605207184,6.0,144.0,346.7717471401806,0.08361567808080968,557.1596820257281,,24997.850486539806,29145.06013788117,,,,0.0,0.0,,,,,,10.368417228700483,-0.7502115487035642
shy-goat-cypress,False,,,625,Other,94.89103330175743,0.03105636532678819,3055.4455520880797,1695.621530223716,0.4489153027534485,0.5864547950245308,17.0,-2.64063966397595,-0.027828126347603423,5.0,112.0,69.60754530819072,0.022781471350592778,-289.11185602649283,,28544.401833373373,31599.847385461457,,,,0.0,0.0,,,,,,5.563836668070313,-0.8642404582111918
amber-moth-snow,False,,,626,Miniprotein,161.5092249453503,0.056565386098574866,2855.2660219430454,1234.0587685863802,0.45312023162841797,0.5331189152737648,30.0,-4.034650174453974,-0.024980927100722417,6.0,97.0,134.0329462538958,0.046942367269402326,23.251874258811476,,26343.025098963113,29198.291120906153,,,,0.0,0.0,,,,,,10.50690190316649,-1.4130557865527158
quiet-swan-pine,False,,,3,Nanobody,19.594494921353288,0.010291289485069249,1903.9883145626468,1134.8531058642257,0.5108326971530914,0.6333475585812985,22.0,-1.2931711478320382,-0.06599665635794433,2.0,85.0,-11.440300819803358,-0.006008598231565953,-1.6259700694760104,,26916.91446648905,28820.902781051667,,,,0.0,0.0,,,,,,11.554692763465559,-0.6791906956262409
wild-lion-oak,False,,,3,Nanobody,607.4277933298031,0.41198130100552205,1474.40622146504,696.5438855714754,0.5488762557506561,0.5666350784034472,23.0,-1.1896790993655018,-0.001958552296140268,1.0,60.0,433.4595590223752,0.2939892362850105,624.9163360812473,,26855.191130202773,28329.597351667824,,,,0.0,0.0,,,,,,15.599500100553094,-0.8068869230512199
steady-ibis-cloud,False,,,3,Nanobody,73.14550142778683,0.04186720254272474,1747.0835638742076,862.4096763599201,0.44046100974082947,0.6025848529234232,19.0,-1.9558838082973253,-0.026739632241475287,3.0,73.0,13.12978100530648,0.00751525644039076,277.2662359946948,,27762.511711959305,29509.59527583351,,,,0.0,0.0,,,,,,10.87526686924291,-1.1195135989718188
quiet-jaguar-quartz,False,,,3,Nanobody,20.276852765443607,0.020599493746323208,984.3374315479384,483.6972754357336,0.6218281686306,0.5863544140114918,13.0,-1.322602669558706,-0.06522721671149694,2.0,42.0,17.113502712328966,0.017385809138048124,-223.28734104795885,,28242.977979584528,29227.315411132473,,,,0.0,0.0,,,,,,13.2068532429541,-1.3436476427385498
swift-crane-granite,False,,,3,Nanobody,175.02181570845127,0.09696214570975073,1805.053038248211,784.3892467345122,0.48816661536693573,0.6516903034068505,31.0,-1.8015332124503296,-0.010293192338098564,2.0,75.0,68.90576969484866,0.038173819956958795,424.3761822782674,,26769.142666953314,28574.19570520161,,,,0.0,0.0,,,,,,17.17401059310991,-0.9980500153052028
quick-toad-ivy,False,,,627,Other,55.97078222592904,0.016573841600317718,3377.055457369406,2182.4543866233944,0.49910132586956024,0.431740584486275,37.0,-2.1371145331855907,-0.03818268118103146,4.0,119.0,-24.837803479257875,-0.0073548698837790335,-379.22919306407425,,30696.215382546143,34073.2708399155,,,,0.0,0.0,,,,,,10.95629031476479,-0.6328337097698475
frozen-panther-cloud,False,,,628,Other,61.05759497609881,0.012248607070402817,4984.86028861491,3403.6559041437686,0.5350668132305145,0.6039297728450711,37.0,-1.952174762028117,-0.031972676991163865,5.0,175.0,-34.14165134789518,-0.006849068854722457,-577.3761787824851,,29672.58919327237,34657.44948188726,,,,0.0,0.0,,,,,,7.422474825323699,-0.39162075745367514
deep-mole-iron,False,,,629,Other,5.4514140352014735,0.002074879120713443,2627.3405427719645,1399.0979947121364,0.5621577501296997,0.5988047497680115,35.0,-1.1600120225324775,-0.2127910327562573,4.0,116.0,-5.696377686921584,-0.0021681154742550597,57.71687271023814,,25600.560196751172,28227.90073952314,,,,0.0,0.0,,,,,,13.321455452848681,-0.4415156709410086
mellow-orca-dust,False,,,3,Nanobody,53.15041113037587,0.019459036645986444,2731.399919601801,1403.0728540927425,0.5501803159713745,0.6767282446613206,30.0,-5.487429859690542,-0.10324341323023997,6.0,102.0,21.87665983316109,0.008009321401880393,67.83615471274211,,26684.484951865154,29415.88487146695,,,,0.0,0.0,,,,,,10.983378810516173,-2.0090173615039615
radiant-panda-rose,False,,,3,Nanobody,34.0368171203242,0.022851679315496958,1489.4667761787641,827.579513470214,0.49900028109550476,0.6084782864885295,20.0,-2.3544156456011955,-0.06917261497389887,5.0,65.0,25.462437592807202,0.01709500205041917,440.4811032980464,,27671.103195193555,29160.56997137234,,,,0.0,0.0,,,,,,13.427624113449593,-1.5807104147978803
pale-bat-granite,False,,,3,Nanobody,60.34043812589117,0.04573806531696522,1319.2608324757807,784.4737594554031,0.5636977553367615,0.6236608110714804,10.0,-0.7844288652817788,-0.01300005252936989,2.0,54.0,12.414844787807038,0.009410455068622642,139.2493565893659,,26962.588709087206,28281.84954156297,,,,0.0,0.0,,,,,,7.580002190494488,-0.5945972517122989
vast-cobra-bronze,False,,,630,Peptide,169.17949457292204,0.08936241711169068,1893.1839585479322,937.2789334133996,0.47215504944324493,0.5652502398649957,16.0,-3.6244739834370314,-0.02142383740172933,7.0,84.0,140.96113278592574,0.07445717683665702,393.91178036980295,,24454.24552144619,26347.42947999412,,,,0.0,0.0,,,,,,8.45137099739212,-1.914485894026376
strong-dove-rose,False,,,631,Peptide,54.25132332878495,0.023888401399701577,2271.0319715852847,1099.0872292989209,0.4991688132286072,0.49745712325153835,27.0,-10.648062103527188,-0.19627285474670594,13.0,97.0,27.226962156006394,0.011988806188844943,-112.20373846589449,,24466.246576037276,26737.278547622584,,,,0.0,0.0,,,,,,11.888868293277596,-4.688644738054634
swift-fox-lotus,False,,,632,Peptide,12.81264662420233,0.010559719741212134,1213.3510110308653,660.3869931975731,0.5699293315410614,0.5903462887075315,14.0,-0.7191347556781233,-0.056126948379245895,1.0,59.0,6.047061752943307,0.004983769492890365,549.6239538781886,,14743.4245023698,15956.775513400658,,,,0.0,0.0,,,,,,11.538293430938483,-0.5926848448143173
deep-swan-vine,False,,,3,Nanobody,175.75714576956585,0.10575586174132114,1661.91398637995,971.432521357825,0.5580619275569916,0.6542301793147045,11.0,-1.7155002808780881,-0.00976062892559299,2.0,68.0,131.44964760289483,0.07909533747244278,270.1809920993558,,25854.81053908628,27516.724525466223,,,,0.0,0.0,,,,,,6.618874436432571,-1.0322437231633521
soft-ox-clay,False,,,633,Miniprotein,139.6445342377322,0.04249658509774398,3286.0177804062073,1872.0674448816007,0.5660513937473297,0.561747866278979,41.0,-3.651813133385665,-0.02615077742440519,7.0,130.0,2.2998351714970515,0.0006998851878436133,45.438406283218804,,23636.333316889548,26922.35109729578,,,,0.0,0.0,,,,,,12.477108384645353,-1.1113187381883975
dark-eagle-wave,False,,,634,Miniprotein,168.02701719972555,0.03957290850475865,4246.011313005216,2699.739910709266,0.4879376292228699,0.6772491938360329,27.0,0.0,0.0,0.0,146.0,109.28085099856645,0.025737296239378205,-47.08892449043636,,25362.930562826743,29608.941875831963,,,,0.0,0.0,,,,,,6.3589091054234865,0.0
shy-orca-snow,False,,,635,Miniprotein,89.16880314313178,0.02410643759709224,3698.9622703060645,2403.900109871408,0.530348539352417,0.5799918207104826,32.0,-2.889559784635843,-0.032405501507041495,5.0,146.0,39.007174439411806,0.010545437230476054,29.757169078681407,,26282.638312546915,29981.60058285299,,,,0.0,0.0,,,,,,8.651074993893412,-0.7811811998819743
wild-dove-moss,False,,,636,Miniprotein,26.872427140528657,0.02930371191692769,917.0315083873533,478.8905223204577,0.4194318801164627,0.5522488276944519,4.0,-1.192819400076704,-0.04438822715338983,1.0,46.0,15.017122129924836,0.016375797333652378,352.1007597841668,,26115.015719875584,27032.04722826297,,,,0.0,0.0,,,,,,4.361900287411284,-1.300739821006083
mellow-toad-ruby,False,,,637,Miniprotein,34.385452040386,0.01647302134921844,2087.3798018854272,966.0349548982015,0.5415476858615875,0.5304624684794041,9.0,-5.762712550779247,-0.1675915891409801,6.0,72.0,-22.300462787495817,-0.010683471578748108,-109.7709999328856,,26452.341042919983,28539.720844805448,,,,0.0,0.0,,,,,,4.311625508626051,-2.7607398258688107
quick-boar-fern,False,,,638,Miniprotein,-408.00512027566543,-0.14708805322858176,2773.883475373804,1564.3738331853322,0.505893275141716,0.7078973000635237,20.0,-6.748553364871568,0.016540364396191796,5.0,108.0,-18.22154307937712,-0.006568964861410271,-387.9014093144908,,26012.61119442931,28786.494669803073,,,,0.0,0.0,,,,,,7.2101082030148484,-2.4328899987271972
ivory-orca-ivy,True,Medium,5.17051201397804e-07,639,Miniprotein,148.68609168609845,0.10439332827954992,1424.2873001226578,875.6529942564671,0.4817063957452774,0.647784874661648,18.0,-2.4432987243979536,-0.016432597674005525,3.0,54.0,82.78709639681077,0.05812527879008768,325.0682078741965,,26196.183792629254,27620.47109275194,,,,0.0,0.0,,,,,,12.63789966985584,-1.715453563468227
crimson-crow-stone,False,,,640,Miniprotein,66.64105605568272,0.030753684388996325,2166.9291787206776,1314.33053332052,0.45758815109729767,0.5210764957946822,24.0,-2.637305413952934,-0.03957478422534755,2.0,84.0,6.078851807313313,0.0028052840245116712,-137.82061521895966,,25068.86236426387,27235.791542984534,,,,0.0,0.0,,,,,,11.075581166048648,-1.2170704238289687
lunar-quail-dust,True,Weak,,641,Miniprotein,114.33993555531302,0.060369383149981914,1894.005364793052,1088.935114461204,0.4539705514907837,0.4852209275991096,25.0,-1.0760211247762823,-0.009410720056386134,2.0,79.0,64.43947470104162,0.03402285753719741,18.661484387552612,,25631.92508210276,27525.930446895803,,,,0.0,0.0,,,,,,13.19954022555349,-0.568119364801194
hollow-zebra-crystal,False,,,642,Miniprotein,115.43334695406634,0.04909125421753119,2351.40349933947,1538.5049818912926,0.38270559906959534,0.5189802517351997,10.0,-1.0544599337513363,-0.009134794767502764,2.0,89.0,52.043358546470536,0.022132891509725992,1054.6841407025888,,25245.368682827895,27596.77218216737,,,,0.0,0.0,,,,,,4.252779245590597,-0.4484385321564519
